Account_id,AccountName,AccountName2,Address1,Address2,City,State,Zip,PhotoLink,CompanyCode
1,SDM-9422,MJA-9524,987 Pine Road,Suite 10,Bantarjati,,31875,http://G+\.YMWZd/-**,224
2,TRQ-3005,AIN-2492,789 Oak Lane,Apt 319,Ciorescu,,74230,https://-+\.FL/-**,239
3,CEK-7199,RVE-6697,321 Maple Drive,Apt 40,Nizhniye Vyazovyye,,48890,http://h+\.Su/n**,518
4,TQA-4955,NCC-4471,123 Main Street,Apt 1067,Sharm el-Sheikh,,69742,http://2+\.dwsvq/-**,617
5,ROC-1819,GLC-7440,456 Elm Avenue,8th Floor,El Soberbio,,27872,http://Z+\.ERmF/-**,28
6,JBQ-2085,RLA-5098,321 Maple Drive,Apt 1243,Bantry,,12795,https://B+\.qKWHq/t**,575
7,YJU-8154,NWF-4657,456 Elm Avenue,Room 1055,Svetlogorsk,,46506,https://r+\.HwJMf/.**,204
8,TTQ-8272,JIS-4983,987 Pine Road,9th Floor,Ryki,,18625,http://W+\.IAZC/-**,734
9,BJN-2031,NAA-9233,321 Maple Drive,PO Box 56155,Xinglongchang,,28475,http://.+\.uem/3**,666
10,ALD-7582,UPI-8775,789 Oak Lane,Apt 1063,Melgar,,87900,http://-+\.daYT/D**,719
11,QEB-2542,LVP-6606,456 Elm Avenue,Suite 10,Jiulong,,44297,http://9+\.bIV/2**,559
12,HPJ-9713,DIT-6851,321 Maple Drive,Room 1015,Panjing,,69866,http://-+\.boHPA/4**,430
13,ZFB-2238,YBC-9709,987 Pine Road,Apt 209,Mhlume,,26557,https://-+\.RoErL/.**,226
14,JST-3473,NIA-8203,456 Elm Avenue,Suite 79,Guanshui,,18919,https://.+\.RyUS/.**,460
15,NJW-2044,PBJ-7310,456 Elm Avenue,Apt 1071,Olmos,,34660,http://9+\.pF/2**,604
16,GVB-9414,VFQ-4229,456 Elm Avenue,Suite 90,Ariguaní,,89589,http://d+\.ynYV/.**,285
17,PAD-4264,NAQ-0309,321 Maple Drive,PO Box 5565,Kubangkondanglapangan,,25388,http://.+\.WJlB/P**,829
18,YVV-2538,CQV-2551,789 Oak Lane,Room 812,Killam,Alberta,68430,http://-+\.cndD/y**,891
19,DUM-8946,ATK-0538,123 Main Street,Suite 64,Tyler,Texas,40786,https://.+\.JpgB/-**,7
20,OXR-3466,UBN-0528,456 Elm Avenue,12th Floor,Garhi Khairo,,75471,https://e+\.Bi/k**,778
21,ZPV-5960,DSZ-4677,321 Maple Drive,Suite 50,Kāmyārān,,26261,https://.+\.IjKoNb/2**,826
22,DLI-0530,RHC-9370,321 Maple Drive,Room 78,Masis,,89072,https://.+\.oLg/g**,164
23,TSK-3346,KBV-3994,123 Main Street,PO Box 81776,Dmytrivka,,64569,https://v+\.LgWr/.**,715
24,KYB-5529,GAY-3855,456 Elm Avenue,Suite 78,Tabwakea Village,,13446,https://d+\.AgdTL/c**,433
25,KHF-3949,BMC-9058,123 Main Street,Suite 96,Guihulñgan,,96754,http://.+\.jrlhZ/.**,349
26,KDV-7854,DFM-1823,987 Pine Road,5th Floor,Requena,,6780,https://.+\.Xb/l**,285
27,LFW-2168,UAP-6903,789 Oak Lane,Suite 69,Trondheim,Sor-Trondelag,34,http://.+\.haozR/5**,160
28,JXO-7211,HSX-3703,321 Maple Drive,Suite 28,Tuateta,,17530,https://n+\.cri/I**,221
29,KCQ-6038,USV-0732,456 Elm Avenue,Room 1596,Chã,Santarém,9481,http://L+\.bcxee/L**,981
30,XOH-0383,WNI-4271,987 Pine Road,7th Floor,"Coruña, A",Galicia,27808,http://-+\.phfMN/H**,782
31,MZD-9838,PEI-6176,987 Pine Road,Suite 10,Daiyue,,93248,http://-+\.lXD/.**,345
32,AQX-1616,PHR-7226,321 Maple Drive,PO Box 95351,Dayuan,,86222,http://S+\.No/z**,105
33,UPC-1684,LTH-9479,987 Pine Road,Apt 387,Avallon,Bourgogne,10132,http://-+\.AkV/-**,95
34,LOB-2443,LVP-3290,456 Elm Avenue,PO Box 22220,Thessaloníki,,40294,http://0+\.BobnPJ/V**,390
35,FFL-3677,QVF-4979,123 Main Street,1st Floor,Temaiku Village,,92579,https://0+\.rIJL/.**,100
36,CYP-8536,ELK-4990,456 Elm Avenue,Room 1872,Taipingguan,,50375,https://6+\.osrF/P**,368
37,GXR-8383,YGH-9294,789 Oak Lane,PO Box 70784,Gomel,,43925,http://K+\.cPP/C**,868
38,SIJ-6083,YGJ-9403,123 Main Street,3rd Floor,Beaconsfield,Québec,2451,https://f+\.rTNv/5**,353
39,VFH-5326,GFV-0770,456 Elm Avenue,Room 377,Ashiya,,32187,http://W+\.caQ/1**,619
40,PCH-7856,MYM-6555,321 Maple Drive,Room 908,Tomelilla,Skåne,9979,http://i+\.bLPbu/.**,271
41,LPJ-8912,DAS-6972,987 Pine Road,Apt 985,Quellouno,,15607,https://n+\.iXDx/x**,827
42,SSR-9215,AGX-7726,987 Pine Road,PO Box 73735,Karangkeng,,91335,https://M+\.HSKtcw/-**,45
43,QHH-3792,SLL-2650,789 Oak Lane,PO Box 80330,Timurjaya,,10877,http://4+\.nPrEc/9**,748
44,YOP-6162,XIP-4020,321 Maple Drive,Apt 1920,Dongshui,,11812,http://2+\.mO/6**,471
45,AHM-2566,YDA-6307,321 Maple Drive,15th Floor,Ḩawallī,,51958,https://u+\.ZaW/0**,550
46,DTM-2871,LIU-0163,123 Main Street,Room 1714,Lincheng,,50740,https://U+\.AzyDC/Z**,128
47,CFD-8538,AZJ-6153,321 Maple Drive,Suite 96,Dzików Stary,,43427,https://6+\.kP/.**,997
48,MSM-7427,EPB-9329,321 Maple Drive,PO Box 82733,Moluo,,51700,https://-+\.KQ/1**,945
49,NHP-3911,DFZ-6731,987 Pine Road,Room 1221,Vrangel’,,95978,http://-+\.QBEuR/-**,388
50,QRB-9582,CDW-2191,321 Maple Drive,10th Floor,Yazman,,10383,http://4+\.zTmy/-**,81
51,MDJ-1946,DNX-5380,123 Main Street,PO Box 63280,Nyapar,,50717,http://w+\.rZKWJC/.**,566
52,SSY-1952,NMQ-2822,789 Oak Lane,Apt 196,Esmeraldas,,42672,http://-+\.jnBVbj/-**,301
53,NHT-1537,KGU-3845,456 Elm Avenue,Suite 8,Yishi,,27778,https://8+\.Gbei/Y**,850
54,GXM-2229,PRD-6076,321 Maple Drive,Suite 43,Klippan,Skåne,48232,https://p+\.phv/.**,644
55,NWD-6182,IDT-9715,789 Oak Lane,Room 1414,Xijiang,,24534,https://-+\.wpzZ/2**,634
56,WHT-9123,UFG-9568,987 Pine Road,Room 1290,Ban Phue,,64725,https://.+\.mjLzzc/-**,907
57,UGK-2660,RTP-7485,789 Oak Lane,Room 496,Fort Erie,Ontario,66904,http://j+\.EV/.**,883
58,RYA-2329,NXQ-4203,123 Main Street,6th Floor,Tilburg,Provincie Noord-Brabant,48798,http://-+\.wdg/.**,371
59,ONM-4137,AVW-5044,321 Maple Drive,PO Box 28898,Kiamba,,8985,http://.+\.gPMjFp/k**,592
60,QAQ-4230,FPB-2393,789 Oak Lane,Suite 26,Cibitung,,18383,http://-+\.INRJDs/-**,197
61,ESY-2564,FXB-5184,456 Elm Avenue,PO Box 46643,Yangchun,,59504,https://6+\.RozC/k**,722
62,JKT-5059,AHI-6475,321 Maple Drive,PO Box 97340,Guazapa,,83175,https://w+\.YSmsF/F**,72
63,CPS-5326,OWA-9905,456 Elm Avenue,Room 805,Saint-Marcellin,Rhône-Alpes,14843,https://.+\.kQvT/B**,47
64,KWB-1088,ZLZ-0183,987 Pine Road,Suite 54,Kanash,,49682,https://.+\.WNAd/-**,678
65,SEU-2165,NQB-3793,456 Elm Avenue,Apt 937,Vorzel’,,64813,http://O+\.fKr/f**,234
66,GBX-2892,OFY-6962,987 Pine Road,Room 1974,Bayan Qagan,,59344,http://.+\.hz/9**,792
67,GTY-7873,VCN-7413,456 Elm Avenue,Suite 19,Mloko,,80570,https://o+\.jiVbxI/.**,297
68,SUT-8694,JCY-2434,987 Pine Road,11th Floor,Sanlidian,,98590,http://.+\.Qosji/y**,82
69,NBU-7923,RPS-3208,456 Elm Avenue,PO Box 18632,Sincé,,95220,http://0+\.ZDYv/.**,876
70,KPC-6035,XVW-0960,789 Oak Lane,10th Floor,Chengxi,,95075,https://-+\.xRfw/9**,239
71,GYV-0861,XZW-0993,456 Elm Avenue,Apt 1019,Siikainen,,17792,http://d+\.wpF/b**,888
72,PYZ-2533,AVE-9784,987 Pine Road,Suite 75,Miān Channūn,,45425,http://.+\.yMierd/j**,104
73,BPC-3567,THH-5387,456 Elm Avenue,PO Box 19916,Varoška Rijeka,,88915,http://E+\.BJw/6**,390
74,DOW-7742,JAG-1233,123 Main Street,Room 116,Čajniče,,92346,http://s+\.JX/p**,285
75,IMJ-4793,OYB-8151,987 Pine Road,10th Floor,Praia,,26677,https://-+\.PIWVI/-**,465
76,IFL-9539,NTY-9081,456 Elm Avenue,Suite 35,Xiayang,,88748,http://.+\.MU/.**,651
77,NZH-1336,BTD-0551,456 Elm Avenue,Room 1629,Villa Urquiza,,34453,https://-+\.xRgSz/-**,855
78,UDX-7979,BRS-3014,789 Oak Lane,PO Box 24245,Shangyong,,30294,http://.+\.KooCK/1**,374
79,ETO-7731,XDG-7880,456 Elm Avenue,Suite 98,Tamontaka,,636,https://-+\.BeIu/2**,167
80,JQA-8983,TPS-7021,456 Elm Avenue,15th Floor,Cofimvaba,,75219,https://H+\.ViI/3**,380
81,STL-0458,EWW-8882,987 Pine Road,17th Floor,Höshööt,,58668,https://G+\.NZ/.**,364
82,GLM-9643,ZDX-5630,123 Main Street,Room 1834,La Rioja,,85846,https://p+\.Eflsrx/X**,215
83,HHC-7234,ZXB-6837,456 Elm Avenue,Room 1548,Shihuajian,,90845,https://e+\.mqlGx/.**,687
84,ZSS-8684,SKR-3228,987 Pine Road,17th Floor,Potoru,,23531,http://.+\.XTGB/B**,274
85,GBM-5691,EOA-6679,123 Main Street,Room 70,Olympia,Washington,37740,https://X+\.uOPzt/0**,719
86,KEH-5910,IOA-0715,789 Oak Lane,Suite 63,Nanying,,75571,http://-+\.ddIGIg/v**,960
87,AIN-0940,HAJ-7057,123 Main Street,15th Floor,East London,,7331,https://-+\.Pr/W**,700
88,PYJ-8443,GJS-2025,321 Maple Drive,Apt 73,Canaman,,75055,https://Z+\.eNdijr/2**,664
89,XYK-8608,RFF-4469,789 Oak Lane,Room 681,Głubczyce,,72632,https://-+\.dxKy/W**,74
90,CLE-8807,AIW-9870,789 Oak Lane,Apt 516,Matango,,72094,http://U+\.oYwy/-**,624
91,REP-9170,YJZ-4388,987 Pine Road,PO Box 4976,San Juan,Mexico,24073,http://2+\.dRCFr/-**,651
92,TPC-6677,JQO-7790,987 Pine Road,Room 708,Cerro Colorado,,10254,https://-+\.cFq/8**,176
93,NDK-7282,FHQ-8039,987 Pine Road,19th Floor,Mafa,,60229,http://2+\.hCV/E**,547
94,YLW-9539,CKB-0041,987 Pine Road,PO Box 69231,Sever do Vouga,Aveiro,31812,https://z+\.JSrWeI/y**,747
95,ZZX-0520,GEG-4467,456 Elm Avenue,17th Floor,Chapayevka,,94885,http://t+\.TyRU/A**,251
96,OFT-4552,FDV-2168,789 Oak Lane,Apt 785,Longsha,,11266,https://.+\.dDsxB/-**,168
97,TYJ-4691,XWV-1765,789 Oak Lane,20th Floor,Cibungur,,58194,https://4+\.wzBws/4**,474
98,XPS-4681,TGY-3721,321 Maple Drive,PO Box 50916,Sridadi,,88953,https://.+\.zStd/Q**,389
99,VMP-9917,BKO-4147,789 Oak Lane,Suite 44,Hoogeveen,Provincie Drenthe,46833,http://1+\.qsx/-**,277
100,KYC-9362,OSM-6835,321 Maple Drive,Apt 1201,Canomoy,,53465,https://-+\.mOZW/-**,948
101,STJ-5799,HEJ-1262,987 Pine Road,PO Box 95554,Ganquan,,93281,http://P+\.ZikY/C**,656
102,VKG-9894,AWU-3777,321 Maple Drive,Apt 701,Bayt Liqyā,,41730,https://-+\.eCQnuf/-**,705
103,TUD-7751,FDE-1364,987 Pine Road,Suite 5,Buri,,55438,http://P+\.ORI/q**,571
104,XEI-8221,XVZ-6654,987 Pine Road,Room 399,Tsuma,,17641,https://3+\.KlzmM/-**,225
105,EZZ-9356,DEI-3729,321 Maple Drive,8th Floor,Matiguás,,47560,http://8+\.urZGK/.**,702
106,OOG-6519,HIR-2717,321 Maple Drive,PO Box 74551,Kagay,,99529,http://.+\.CZZFuK/-**,333
107,BYZ-2861,KDX-1443,987 Pine Road,PO Box 46144,Marina,,66714,https://g+\.nDZEjs/2**,864
108,ROR-4454,JSL-6903,789 Oak Lane,Room 53,Triesenberg,,2878,http://o+\.UWHZZj/.**,787
109,KIQ-0226,LBW-8830,987 Pine Road,Suite 34,Succha,,57175,http://K+\.iK/2**,795
110,OIY-5855,OVE-4458,456 Elm Avenue,PO Box 36134,Xianxi,,33065,https://.+\.shWT/5**,58
111,IGU-2994,HGW-8253,321 Maple Drive,8th Floor,Yangi-Nishon Shahri,,48829,https://t+\.atzwwi/-**,235
112,ZLW-8346,PTU-0258,987 Pine Road,Room 649,Keli,,4086,http://u+\.hONEcD/.**,842
113,UBJ-3016,GDH-3674,456 Elm Avenue,Room 673,Roche-à-Bateau,,59362,https://9+\.He/n**,33
114,FYF-0136,JFM-7965,321 Maple Drive,Suite 18,Ginatilan,,29202,http://1+\.JxZt/.**,825
115,JWT-7959,LBJ-8853,123 Main Street,Apt 145,Vilhena,,33230,https://.+\.QjM/F**,324
116,MYA-0204,NJN-9938,987 Pine Road,Suite 92,Nizhniy Dzhengutay,,55419,https://.+\.Rm/-**,411
117,PTG-7255,IRB-0686,987 Pine Road,15th Floor,Zbraslavice,,76748,https://.+\.TxY/3**,275
118,DCM-1692,BLA-0295,987 Pine Road,Apt 419,Folques,Coimbra,30840,https://-+\.XJ/S**,68
119,ASI-1313,FPL-7609,456 Elm Avenue,16th Floor,Minneapolis,Minnesota,56503,http://-+\.oStdx/-**,217
120,WPQ-2475,LIC-0867,456 Elm Avenue,Suite 44,Bizana,,79367,http://3+\.eYo/-**,936
121,GSH-3114,PGQ-5226,321 Maple Drive,17th Floor,Ribeira das Taínhas,Ilha de São Miguel,73881,http://3+\.NZhRJa/l**,966
122,BIV-7777,SZN-6272,123 Main Street,9th Floor,Beisijia,,51421,https://v+\.tp/x**,581
123,UPL-2767,UHF-0776,789 Oak Lane,PO Box 5225,Kocēni,,60743,https://-+\.bbyKVL/4**,898
124,WFN-2032,WKC-2092,789 Oak Lane,3rd Floor,Manga,,26774,https://w+\.QO/0**,736
125,AFO-3367,YVS-7482,456 Elm Avenue,16th Floor,Raffingora,,19071,https://1+\.PpfMXC/-**,323
126,ZNA-0792,HHQ-1845,987 Pine Road,15th Floor,Coronel Vivida,,61090,http://B+\.yPKV/-**,218
127,VNZ-3944,ZQC-9450,123 Main Street,Apt 376,Yantianhe,,59204,https://2+\.rxC/-**,672
128,GZC-5037,RNJ-7774,456 Elm Avenue,Room 279,Basarabeasca,,91294,http://4+\.Vvh/.**,512
129,WVK-4295,XDG-7726,987 Pine Road,Suite 49,Brandsen,,33242,https://i+\.LdJ/-**,406
130,ZCT-8832,UCA-8872,321 Maple Drive,Suite 27,Vyerkhnyadzvinsk,,97486,https://.+\.zoP/.**,906
131,VSI-6883,HXF-4606,789 Oak Lane,Apt 572,Khānaqāh,,73355,https://w+\.QMG/.**,937
132,SKI-8721,QIA-9724,987 Pine Road,Room 794,Hebu,,9324,https://-+\.HSL/-**,659
133,ZAD-6765,AUM-1837,456 Elm Avenue,Room 8,Piaocao,,24516,https://.+\.MALC/.**,470
134,YXQ-1698,HHR-6044,789 Oak Lane,Room 1554,Tsimlyansk,,60044,http://3+\.aTnXyu/-**,147
135,FWW-1594,NWL-2819,456 Elm Avenue,Apt 523,Yisa,,7726,https://.+\.MrrNpm/-**,272
136,RWO-8762,WFI-2868,456 Elm Avenue,16th Floor,Jejkowice,,89595,http://-+\.wPcQyd/-**,143
137,ZWO-0042,ROZ-4260,789 Oak Lane,PO Box 54061,Hägersten,Stockholm,57187,http://.+\.HZgfEg/-**,253
138,SRU-1367,HMA-2354,321 Maple Drive,Suite 63,Flen,Södermanland,95976,https://9+\.oHzwDx/O**,763
139,YFN-5287,KJT-4313,789 Oak Lane,13th Floor,Hostivice,,64630,https://-+\.tWt/s**,575
140,GIA-0253,KEZ-2940,321 Maple Drive,PO Box 5510,Ariana,,27512,https://-+\.TeVasm/.**,552
141,MEH-9211,PMM-9626,987 Pine Road,Room 8,Břeclav,,5362,http://C+\.WAV/.**,270
142,JTO-0874,PRN-3518,789 Oak Lane,PO Box 83659,Qianying,,20556,http://Z+\.hSN/-**,765
143,SYU-6797,ETW-2820,987 Pine Road,Apt 655,Rio,Porto,77229,https://3+\.aW/.**,599
144,XFH-0411,LLI-9502,789 Oak Lane,5th Floor,Xarardheere,,38193,https://-+\.xW/-**,439
145,BXH-1596,SKN-8715,987 Pine Road,Apt 572,Al Lubban al Gharbī,,1284,http://K+\.ZdQQT/.**,920
146,SVQ-8349,SNZ-2332,987 Pine Road,7th Floor,Songzhuang,,5954,http://.+\.wMpAu/V**,598
147,PJI-2061,NXA-9363,321 Maple Drive,Suite 20,Salitrillos,,50243,https://2+\.uMuvE/V**,409
148,TYU-7020,TJK-3001,789 Oak Lane,Apt 1178,Kaniów,,34447,http://.+\.orli/f**,371
149,VNV-6594,LAT-6081,789 Oak Lane,Room 1152,Nīca,,29715,https://B+\.uENs/.**,225
150,JCX-4291,TOP-0580,456 Elm Avenue,Room 255,Mauá,,95933,http://-+\.bB/J**,142
151,LVV-9057,VBU-2960,987 Pine Road,Apt 1799,Dolati,,9246,http://.+\.TYx/-**,522
152,YSH-9689,JQK-5167,456 Elm Avenue,PO Box 70793,Mapou,,91713,https://F+\.xd/U**,506
153,LNK-1919,AZW-7736,123 Main Street,Apt 422,Sabugal,Guarda,489,http://.+\.dfgiJ/.**,94
154,HHP-6826,ZXI-2359,123 Main Street,Suite 13,Jiangkou,,51501,https://-+\.uDN/.**,774
155,JEA-2951,ZCY-9164,123 Main Street,4th Floor,Argir,,96125,http://-+\.SJ/g**,49
156,UJE-8086,ETZ-3927,456 Elm Avenue,Room 1503,Angol,,65067,https://q+\.ynqB/.**,882
157,THY-0587,RHL-2242,123 Main Street,Suite 92,Polje,,18198,http://-+\.omimG/.**,113
158,ZXC-4376,QFU-7644,321 Maple Drive,Room 822,Serang,,75018,http://I+\.OsQ/m**,157
159,FOH-7317,JOA-2616,789 Oak Lane,Apt 368,Batubantar,,89192,https://.+\.mac/.**,643
160,VPE-3203,SEL-6140,123 Main Street,Room 498,Battaramulla South,,34892,http://-+\.vqntyo/4**,164
161,UXZ-3888,KTL-4295,321 Maple Drive,Suite 91,Taguing,,13102,https://9+\.koWNH/V**,812
162,MZY-5956,YXU-1635,987 Pine Road,Room 1537,Lawa-an,,85862,https://-+\.AnaoFS/.**,697
163,CFW-5726,YNL-1878,987 Pine Road,Room 1558,Perené,,99172,http://.+\.aoc/.**,433
164,QKE-7137,JBL-1728,321 Maple Drive,Suite 86,Mŭynoq,,61734,https://.+\.CqGOTt/S**,611
165,TJD-8136,GDA-4343,789 Oak Lane,Suite 55,Waeng Yai,,32780,http://-+\.qok/L**,66
166,CJK-3095,ELU-5945,123 Main Street,PO Box 52513,Mathambgwane,,54326,http://-+\.lJun/D**,395
167,VVK-7205,SGF-7237,123 Main Street,Suite 6,Qarchī Gak,,81630,https://-+\.psDB/6**,391
168,CJV-5685,FCB-4669,123 Main Street,15th Floor,Isawa,,59007,http://k+\.IlmC/4**,611
169,DNJ-0481,ULS-4664,321 Maple Drive,Apt 112,Parawan,,21568,https://-+\.nzF/E**,480
170,KNN-8716,WXI-0007,456 Elm Avenue,PO Box 76957,Jinfeng,,59044,https://4+\.CiFyA/c**,542
171,ZIJ-0471,JXZ-4300,321 Maple Drive,Room 1039,Petrolia,Ontario,64755,http://x+\.SBV/-**,258
172,QTY-4671,QUB-4880,987 Pine Road,Room 1887,Svetlograd,,8555,https://8+\.kEQg/K**,995
173,LPB-0232,HUW-9215,321 Maple Drive,Suite 12,Getahovit,,82317,https://.+\.qpu/-**,567
174,RNF-7020,OTF-0514,456 Elm Avenue,PO Box 36662,Tsingoni,,904,http://S+\.TV/-**,882
175,QAI-5736,RSF-1341,321 Maple Drive,Room 16,Saint-Flour,Auvergne,85189,http://m+\.oGyf/M**,966
176,CBM-8671,NGH-5606,789 Oak Lane,Apt 702,Duanjia,,54506,https://-+\.cJiD/-**,12
177,FNB-9676,TXK-4000,321 Maple Drive,Suite 62,Messina,,68,http://s+\.JQiSCl/.**,697
178,HDM-7740,CQU-6308,789 Oak Lane,14th Floor,Veinticinco de Mayo,,90504,https://n+\.Og/.**,739
179,WNN-7596,FWI-0905,456 Elm Avenue,Apt 1922,Shanhou,,28532,http://-+\.bbQfJ/7**,118
180,BPQ-0578,AHQ-1175,456 Elm Avenue,Apt 1954,Jatisari,,53477,https://i+\.FWCMr/8**,699
181,YLI-4857,SOU-3322,456 Elm Avenue,Apt 1765,Ulricehamn,Västra Götaland,43401,https://-+\.gdObzy/7**,907
182,FUR-3284,LKH-3795,321 Maple Drive,Room 433,Cibuah,,53620,https://u+\.jWLGh/Z**,550
183,EYP-7554,CBA-8581,456 Elm Avenue,Room 1253,Tocopilla,,36545,https://d+\.YerL/-**,769
184,PKG-3551,JQP-9751,321 Maple Drive,Suite 15,Warin Chamrap,,91078,https://-+\.fKxzX/b**,274
185,SXI-9786,URI-2568,456 Elm Avenue,19th Floor,Mozdok,,56236,http://p+\.EQEBkg/j**,788
186,ESE-6918,VDP-4200,987 Pine Road,Room 787,Joutsa,,58349,http://k+\.McnhW/k**,657
187,LTS-0112,MXQ-5784,456 Elm Avenue,Suite 67,Iberia,,81330,http://g+\.cb/o**,349
188,RAB-5433,NQM-9188,321 Maple Drive,Suite 9,Oncativo,,47677,https://d+\.Pvegs/0**,115
189,QBV-1582,HWX-8930,987 Pine Road,14th Floor,Zlatni Pyasatsi,,7847,http://.+\.aZsT/F**,301
190,IIB-6758,EWE-9420,789 Oak Lane,Apt 1191,Guanting,,90790,https://3+\.MEyo/L**,446
191,EPP-3485,OBG-6907,456 Elm Avenue,13th Floor,Esteio,,79310,https://5+\.EHk/-**,162
192,VTY-2606,ELL-2991,123 Main Street,Apt 1077,Taoyuan,,61888,https://m+\.jKM/z**,465
193,CNA-2777,NIU-6920,987 Pine Road,20th Floor,Kerep Wetan,,56172,https://Y+\.wFgF/-**,4
194,TIO-7141,KYL-4605,456 Elm Avenue,13th Floor,Skopin,,83415,https://5+\.DN/v**,977
195,KSE-3414,DZK-0941,987 Pine Road,Suite 13,Kawm Umbū,,53916,https://-+\.zuJz/-**,740
196,NLH-5020,LXS-0516,987 Pine Road,Apt 902,Dijon,Bourgogne,54269,http://-+\.RNXKX/.**,897
197,LJX-5962,RMS-3662,321 Maple Drive,Room 195,Józefów,,450,http://-+\.Ejkdll/9**,737
198,NRN-5923,DKW-5206,456 Elm Avenue,Apt 416,Gamping Lor,,71221,http://1+\.qQVbbc/6**,270
199,BDE-8218,JLI-5454,456 Elm Avenue,PO Box 25362,Chornomors’ke,,453,https://-+\.PFzCEA/.**,996
200,XAA-3931,CCE-3468,456 Elm Avenue,Room 631,Llano de Piedra,,31396,http://T+\.WOoRCP/h**,513
201,WXE-9644,PNL-1958,987 Pine Road,15th Floor,Jablonné nad Orlicí,,32232,https://W+\.kewBz/.**,781
202,SNT-2942,XKW-1134,321 Maple Drive,Room 950,Mosfilotí,,62190,http://.+\.kBSwp/r**,183
203,RUP-7393,SWH-8943,123 Main Street,Suite 50,Zhonghualu,,97396,https://-+\.qJmYUf/.**,520
204,XPW-6604,PBC-7352,456 Elm Avenue,9th Floor,Castanhal,,25368,http://Q+\.hpJwDl/.**,935
205,YEY-9691,JWF-3444,456 Elm Avenue,Room 1925,Jitan,,89758,http://-+\.wCUcW/-**,109
206,OMR-7449,BCA-3559,123 Main Street,Room 145,Gudang,,10300,https://.+\.sR/7**,892
207,DNR-7300,GRT-3479,456 Elm Avenue,5th Floor,Nyuksenitsa,,18703,http://Q+\.eEqI/-**,641
208,QCV-9628,BGQ-0826,123 Main Street,Apt 178,Nadezhda,,52437,http://-+\.AX/.**,306
209,ORX-0771,TBR-1217,789 Oak Lane,Room 735,Tando Muhammad Khān,,20844,http://6+\.TD/K**,862
210,KKA-6202,VAC-0448,789 Oak Lane,PO Box 71205,Samouco,Setúbal,94477,https://5+\.Hwgdf/-**,655
211,KGW-8453,QFH-0552,123 Main Street,PO Box 38456,Gaotuo,,95269,https://n+\.TFqwaV/.**,520
212,DQO-9079,KDL-7882,987 Pine Road,Room 1817,Sumbergedong,,20142,http://3+\.HDN/d**,624
213,XZN-7876,PCL-5196,456 Elm Avenue,Suite 67,Akademgorodok,,63710,https://E+\.wq/z**,204
214,VQV-4694,XHU-1723,789 Oak Lane,Apt 32,Nanhai,,84111,https://z+\.HWEJs/v**,157
215,UVU-1134,HIK-8251,987 Pine Road,Apt 1981,Sūrak,,59090,https://.+\.sbrQ/K**,383
216,HFB-6343,LST-6694,123 Main Street,Room 81,Bhakkar,,90474,https://z+\.IWu/c**,781
217,LRB-8944,AGA-3150,987 Pine Road,Apt 1090,Nankai,,79112,https://G+\.HRaSSC/-**,166
218,HFZ-1851,UZP-9793,321 Maple Drive,Room 58,Kup,,62391,http://1+\.aD/f**,553
219,UFE-3979,PVT-0758,789 Oak Lane,15th Floor,Baryshevo,,24893,https://.+\.YR/9**,977
220,ZNF-3641,SXT-9838,789 Oak Lane,Room 443,Ibirataia,,38547,http://X+\.drRWA/-**,798
221,TZX-6183,OXP-8932,321 Maple Drive,PO Box 55452,Newmarket,Ontario,33879,http://7+\.KEtWvD/-**,945
222,LLU-3963,KYW-5635,789 Oak Lane,Suite 52,Kępno,,10045,http://z+\.pc/F**,544
223,CAO-9745,UCD-6335,123 Main Street,PO Box 8485,Aiguo,,37460,https://9+\.Pal/3**,941
224,BEM-5091,TYX-7269,987 Pine Road,PO Box 81826,Sarnaki,,92088,http://C+\.nDGl/0**,1
225,DIC-1630,TEG-5208,321 Maple Drive,Suite 7,Teroual,,2622,http://-+\.Vf/C**,614
226,WJZ-2792,STA-6503,987 Pine Road,PO Box 11691,Firmat,,71399,https://1+\.Dc/-**,332
227,CWU-8353,TZO-6381,123 Main Street,Suite 66,Bordeaux,Aquitaine,83862,https://-+\.cDB/-**,501
228,NEL-8803,CIP-1241,789 Oak Lane,PO Box 63279,Manokwari,,10517,https://-+\.xn/T**,20
229,ECQ-4724,VDC-9237,987 Pine Road,PO Box 94966,Světlá nad Sázavou,,12397,http://1+\.nqA/S**,115
230,EEG-6741,SBR-9797,987 Pine Road,Suite 69,Lucma,,18835,https://w+\.PtPDRf/.**,952
231,IJC-8803,PFQ-8449,321 Maple Drive,PO Box 904,Rila,,54173,http://-+\.Ljkz/H**,372
232,KJJ-9788,EIV-1085,456 Elm Avenue,Room 1614,Chipoka,,72068,https://4+\.IVD/Q**,900
233,LQA-4094,EOR-7823,789 Oak Lane,12th Floor,Sepīdān,,54733,http://o+\.SElH/W**,852
234,MLE-0489,AHU-7949,789 Oak Lane,PO Box 70427,Bloemhof,,35384,http://T+\.yORSTj/1**,827
235,CDN-9606,BDN-6969,456 Elm Avenue,Room 521,Kālābāgh,,92620,http://-+\.AREj/D**,315
236,FCS-1122,ULI-2023,321 Maple Drive,Suite 22,Kushnarënkovo,,32052,http://.+\.Xm/I**,246
237,PJS-1503,ZMS-5914,456 Elm Avenue,Room 457,Tasböget,,71538,https://d+\.trbVVZ/-**,60
238,BWK-0238,HJK-5023,123 Main Street,Room 1397,Bengtsfors,Västra Götaland,33559,http://0+\.VMIlUd/-**,247
239,OZE-3920,PPO-9124,321 Maple Drive,Apt 775,San Francisco,,41262,https://.+\.BR/4**,900
240,GHD-3373,BYY-1972,789 Oak Lane,Suite 48,Palu,,82635,http://P+\.ZjfNB/-**,581
241,BNV-8830,MIN-2109,987 Pine Road,PO Box 82002,Batu,,60432,https://i+\.JD/k**,970
242,SHZ-5045,KZI-8755,987 Pine Road,PO Box 93579,Santa Tecla,,91300,http://0+\.ONM/7**,81
243,RCC-1698,ZUM-1376,123 Main Street,Apt 1100,Peñal,,23688,https://.+\.Wy/u**,88
244,QEX-3019,YNW-8560,321 Maple Drive,Room 327,Yanguan,,58895,http://0+\.KP/-**,750
245,QZB-9937,CUV-6090,987 Pine Road,13th Floor,Buçimas,,96354,http://2+\.iQYLl/.**,498
246,YVE-2035,RIV-4411,123 Main Street,PO Box 66945,Radzanów,,58538,https://-+\.jljy/-**,836
247,ELW-8729,KXJ-2814,321 Maple Drive,PO Box 10593,Cabrobó,,57637,https://9+\.NT/9**,71
248,UNS-1127,TCG-2576,321 Maple Drive,Room 283,Toguchin,,84124,http://-+\.wU/1**,779
249,ZEQ-7148,VRZ-9175,987 Pine Road,Apt 1408,Jatirejo,,64647,https://q+\.JzhdDW/1**,546
250,ZYM-8359,JFY-0167,987 Pine Road,17th Floor,Liaonan,,33392,http://3+\.AcTBO/.**,785
251,GIJ-1864,VGN-2050,789 Oak Lane,PO Box 89674,Saint-Bruno,Québec,80360,http://D+\.OV/.**,129
252,NSO-5762,PYR-3575,456 Elm Avenue,PO Box 40702,Novomoskovsk,,9818,https://2+\.MhqOYn/a**,132
253,JTB-8768,TZV-3205,789 Oak Lane,Room 1360,Zhirnovsk,,79249,http://M+\.HCpaC/.**,676
254,HDH-7561,QLR-6502,321 Maple Drive,Apt 1524,Strömstad,Västra Götaland,38954,https://.+\.ez/.**,487
255,YHV-7088,QUN-6683,789 Oak Lane,PO Box 54135,Těšetice,,21022,http://.+\.Xpkk/-**,970
256,QBJ-3233,RTG-2034,987 Pine Road,PO Box 16714,Pengdian,,20023,http://t+\.hby/-**,563
257,CYI-1250,RPI-8797,321 Maple Drive,11th Floor,Sulūk,,69442,http://A+\.eYSKDV/m**,170
258,SEY-2266,YLE-7391,987 Pine Road,Room 1592,Niandui,,92696,http://P+\.Lsvg/.**,272
259,RDH-8187,VMW-1097,123 Main Street,Room 448,Beslan,,53173,http://.+\.lNlUY/O**,541
260,RTI-0603,TKP-2658,321 Maple Drive,6th Floor,Bourg-en-Bresse,Rhône-Alpes,98688,https://K+\.jlD/4**,894
261,XFD-9475,DDC-9713,789 Oak Lane,17th Floor,Machida,,86076,https://w+\.Gguw/B**,622
262,APE-8733,YUP-4016,456 Elm Avenue,PO Box 6014,Gobabis,,77295,https://3+\.latO/.**,434
263,QNS-3917,ADY-7582,789 Oak Lane,Room 225,Carreira,Leiria,72775,https://4+\.pWoPPF/S**,988
264,NZM-1353,LVE-3820,789 Oak Lane,Apt 1096,Jarānwāla,,75266,https://-+\.sDQjn/A**,217
265,DBP-4570,GOE-1697,987 Pine Road,15th Floor,Wakefield,,14161,https://3+\.UQTpim/x**,952
266,LJU-2588,VKH-1971,321 Maple Drive,5th Floor,Tororo,,87799,https://a+\.vtIKu/e**,553
267,TXL-5427,GFE-9010,987 Pine Road,Suite 47,Stadtbredimus,,81270,http://L+\.Yx/-**,774
268,FIY-7733,RTG-5467,456 Elm Avenue,17th Floor,Longxian,,63586,http://4+\.tjCVyx/-**,748
269,LWY-0837,ECS-4267,789 Oak Lane,Suite 11,Montpellier,Languedoc-Roussillon,30660,https://Q+\.TC/-**,707
270,XJT-7960,XZN-5489,123 Main Street,Apt 102,Stord,Hordaland,55709,http://o+\.iOzgZ/g**,206
271,HPE-6151,JLP-8662,987 Pine Road,Apt 93,Kopidlno,,12105,https://1+\.DspNzJ/6**,731
272,KJD-1961,VGS-7721,789 Oak Lane,Suite 24,El Guapinol,,17538,https://0+\.xWbRQ/.**,320
273,PVR-9730,BMR-2843,456 Elm Avenue,PO Box 96231,Episkopí,,31659,https://C+\.jx/2**,409
274,NHU-5523,BGQ-8955,987 Pine Road,Apt 563,Yufrus,,67819,https://6+\.mT/7**,688
275,MJS-4286,HAF-2038,789 Oak Lane,19th Floor,Kirkuk,,90319,https://.+\.fSwCdT/-**,666
276,BDP-1775,HNT-6357,123 Main Street,Suite 30,Nazrēt,,56746,https://W+\.YqIx/2**,383
277,JWM-9984,YPJ-8756,123 Main Street,Room 1619,Mimbaan Timur,,67389,http://c+\.yj/.**,449
278,LIG-2442,HES-7605,987 Pine Road,Room 1039,Dearborn,Michigan,32302,http://.+\.Kfq/z**,922
279,GTI-6345,IZP-2271,456 Elm Avenue,Room 143,Ahar,,85195,http://-+\.dwqJZ/.**,530
280,GVR-7843,ZSF-2983,456 Elm Avenue,Room 1860,San Rafael,,84579,http://.+\.IS/2**,463
281,BUC-6178,QGS-2213,456 Elm Avenue,Apt 1873,Dalmacio Vélez Sársfield,,46665,http://.+\.QCB/9**,124
282,QFB-5702,TRL-3871,987 Pine Road,Suite 1,Oslo,Oslo,89438,http://B+\.lL/o**,254
283,CVK-0314,KZZ-1163,987 Pine Road,Suite 82,Hongxing,,70133,https://o+\.JpgrI/.**,231
284,EJG-6310,IEU-4425,321 Maple Drive,20th Floor,Kinh Môn,,668,http://.+\.eQkTn/.**,66
285,URE-8323,ZAO-1168,789 Oak Lane,Suite 85,Mahābād,,2139,https://p+\.nUKscd/z**,347
286,FPN-1940,VAP-7794,987 Pine Road,PO Box 76589,Huizhai,,59730,https://p+\.MWjsCl/t**,22
287,VCM-0069,DHU-1926,456 Elm Avenue,Suite 52,Bandaragung,,25673,https://-+\.wtrILh/2**,603
288,SWG-8329,CNR-0173,789 Oak Lane,PO Box 31983,Al Mawşil al Jadīdah,,63054,https://.+\.hQnsws/z**,568
289,CGA-3532,YPZ-9720,789 Oak Lane,Suite 59,Binagadi,,7395,https://7+\.oCJ/j**,236
290,SUJ-4482,JDT-1787,321 Maple Drive,Suite 77,Xingdian,,74,https://5+\.qgKfA/.**,603
291,PUH-1607,RLM-9264,789 Oak Lane,Room 1605,Huaizhong,,94885,https://7+\.NIxIYJ/m**,226
292,VKT-4926,LJH-9966,123 Main Street,Room 1205,Qal‘ah-ye Shahr,,39039,https://-+\.zMTeBF/.**,8
293,GAF-4362,ZUH-4858,789 Oak Lane,PO Box 93572,Xiongzhou,,94731,https://.+\.qUh/H**,73
294,BAJ-2812,LXT-9630,456 Elm Avenue,Suite 89,Fort Smith,Northwest Territories,88516,https://-+\.vUcy/P**,725
295,UGC-3439,QJU-0977,123 Main Street,Apt 1054,Bilian,,83520,https://-+\.tZQuwe/y**,647
296,NMF-9036,SWT-3243,789 Oak Lane,Apt 1295,Vienne,Rhône-Alpes,39143,https://-+\.OQKq/J**,61
297,OFD-5252,KJY-5970,321 Maple Drive,7th Floor,Gložan,,92561,http://T+\.zK/e**,235
298,ZLV-4511,UCP-5957,321 Maple Drive,Suite 88,Liuhou,,91514,http://-+\.xMFvFG/.**,70
299,SCV-7103,UBT-4588,321 Maple Drive,Room 1607,Loudun,Poitou-Charentes,74894,https://j+\.eYLV/f**,928
300,ABU-9639,ZUN-5680,987 Pine Road,Room 344,Silvares,Castelo Branco,82203,https://3+\.zqWb/v**,33
301,LDS-6707,FYD-5174,789 Oak Lane,6th Floor,Podujeva,,40966,http://u+\.BCPgZG/y**,881
302,ECK-9238,ZHR-6227,456 Elm Avenue,PO Box 49293,Basing,,59361,http://-+\.uvmH/s**,339
303,PTE-3978,JDV-5710,789 Oak Lane,16th Floor,Gunungpeundeuy,,84811,http://.+\.Mv/.**,73
304,CUI-9849,NSV-6000,789 Oak Lane,Room 1424,Paokmotong Utara,,12809,https://V+\.HNJfm/D**,527
305,GRC-1447,JLC-1186,456 Elm Avenue,Suite 30,Nanyang,,35297,https://.+\.Oi/-**,244
306,AAM-3766,WIU-2312,789 Oak Lane,Suite 77,Al Mughayyir,,79338,http://0+\.hUVG/W**,286
307,KFE-3651,FSB-1160,987 Pine Road,Suite 57,Yanggang,,77532,http://k+\.vlI/M**,686
308,ZHX-3715,MOZ-7486,321 Maple Drive,Room 521,Malaga,,23174,http://-+\.il/-**,498
309,PCY-5754,UWU-2845,123 Main Street,12th Floor,Velyka Mykhaylivka,,41794,https://.+\.Zt/y**,220
310,CJX-1445,RQY-8933,123 Main Street,3rd Floor,Khokhryaki,,69406,https://n+\.yQHF/.**,553
311,KMC-4051,XOZ-4895,321 Maple Drive,Suite 100,Sieradza,,83059,https://F+\.ZZ/C**,136
312,WRD-0936,KCD-6002,789 Oak Lane,14th Floor,Shengshan,,34023,http://-+\.NqYvGt/8**,741
313,GVH-5644,EZL-0464,789 Oak Lane,18th Floor,Chiang Yuen,,94888,https://-+\.Sxhx/-**,958
314,VTJ-0664,UAP-0044,456 Elm Avenue,4th Floor,Córdoba,,15594,https://.+\.JVJmS/0**,904
315,RCW-5430,TTI-7057,987 Pine Road,PO Box 49757,Mawu,,54954,http://-+\.sGVJGe/S**,585
316,EGL-1256,RJS-6108,321 Maple Drive,Suite 57,Zhuping,,17240,http://.+\.NeTe/j**,591
317,GUV-3510,ZHZ-9499,123 Main Street,Suite 85,San Narciso,,71061,https://5+\.SQPz/u**,485
318,VNE-0589,CTH-7716,456 Elm Avenue,Suite 40,Cajueiro,,19606,https://-+\.xtqqTl/U**,249
319,MIK-3166,FDK-6501,789 Oak Lane,17th Floor,Lampa,,28277,http://.+\.Qe/y**,804
320,OOB-6198,MJC-5081,123 Main Street,Room 276,Krandil,,39120,http://n+\.Xz/7**,485
321,GLL-2188,GWM-3277,321 Maple Drive,Suite 13,Ituberá,,31636,https://7+\.QFAx/r**,827
322,ZIY-6821,MCZ-5610,789 Oak Lane,PO Box 82859,Socabaya,,83836,http://-+\.PZV/b**,417
323,LBD-0152,KXS-1365,789 Oak Lane,Room 328,Zicheng,,65925,https://.+\.mnPPZm/-**,195
324,CJH-0335,PJM-9428,123 Main Street,Apt 1623,Nanqiao,,55817,http://-+\.AeUwZG/2**,97
325,PZS-3768,FNP-7843,123 Main Street,Room 727,Liuhao,,5993,http://E+\.HaCHL/6**,100
326,DDH-6339,PHB-4541,987 Pine Road,PO Box 72198,Obock,,2765,http://-+\.Zxh/4**,675
327,CJG-5071,LTU-9265,987 Pine Road,Room 1509,Peristerona,,55853,http://6+\.fZmzx/e**,442
328,SEI-1150,TOW-5354,987 Pine Road,Apt 794,Dalubian,,44709,http://n+\.Jo/0**,363
329,HAN-9926,ZSX-7239,456 Elm Avenue,Room 1406,Sebegen,,12222,http://-+\.eM/.**,434
330,NJU-8392,CCZ-9929,789 Oak Lane,8th Floor,Alabat,,14320,https://k+\.yf/2**,421
331,LSR-5035,VMG-7078,456 Elm Avenue,PO Box 70556,Gaimán,,97571,http://k+\.Smgm/4**,479
332,VHS-5986,QPE-8245,789 Oak Lane,11th Floor,Ryczywół,,13669,https://T+\.TOX/.**,885
333,SGF-5600,KEG-5634,321 Maple Drive,Suite 75,Kastrat,,30702,http://-+\.Nvx/W**,747
334,FLA-6368,IQO-5119,789 Oak Lane,3rd Floor,Fort-de-France,Martinique,41166,https://9+\.Ew/4**,56
335,KKY-3872,JNV-9026,456 Elm Avenue,Suite 14,Borovoy,,10954,https://S+\.rJr/M**,690
336,SZK-0344,WWC-6324,123 Main Street,PO Box 41617,Wassu,,8804,http://-+\.PC/.**,670
337,PCQ-4065,WRH-7342,123 Main Street,PO Box 26218,Koumra,,81765,https://K+\.qaEm/Z**,662
338,ZCB-0491,XVA-6279,987 Pine Road,PO Box 33943,Hidalgo,Chihuahua,25486,https://H+\.Wxko/B**,101
339,NLW-8073,MZK-6581,987 Pine Road,Room 828,Wuchagou,,30518,https://.+\.hCshb/.**,63
340,CBZ-2806,DCB-2400,321 Maple Drive,2nd Floor,Mayisyan,,66374,http://.+\.KEpSb/E**,413
341,TYC-9911,WUC-3010,456 Elm Avenue,Room 1516,Semiring,,98414,https://.+\.EuuHC/c**,746
342,UZC-5213,BRX-2139,789 Oak Lane,18th Floor,Alice,,97767,http://-+\.IiWr/2**,348
343,RZG-5477,MCV-1790,321 Maple Drive,PO Box 42617,Kangxung,,94842,https://6+\.nnFvVn/x**,820
344,ABE-8039,RIW-8467,123 Main Street,Suite 78,Mamasa,,35652,http://a+\.YE/8**,883
345,YGX-3448,KVW-5587,456 Elm Avenue,Suite 4,Ozatlán,,66114,http://n+\.TGKGLF/f**,112
346,TVL-3196,NLN-2156,987 Pine Road,Room 1745,Örebro,Örebro,62924,https://h+\.NfzDm/s**,255
347,EIM-0809,HOC-9277,123 Main Street,Room 346,San Felipe,,74234,http://x+\.KJupx/p**,197
348,SRG-3261,EGC-9196,789 Oak Lane,PO Box 53481,Lingcheng,,3814,http://-+\.bLw/9**,195
349,YRC-0156,HSW-4349,321 Maple Drive,Apt 1696,Oeba,,75261,https://B+\.LRYK/6**,550
350,GDU-2004,HAW-6468,987 Pine Road,9th Floor,Antofagasta,,54405,https://A+\.rsIba/-**,460
351,IPQ-3886,DLW-3624,321 Maple Drive,PO Box 8040,Bang Krathum,,1643,https://V+\.VUWtE/u**,144
352,BPR-4021,DBS-6958,321 Maple Drive,17th Floor,Agadez,,25982,http://6+\.pOguA/-**,433
353,XOR-1651,LHC-3372,321 Maple Drive,Apt 1680,Mochudi,,51363,https://.+\.cUxP/5**,188
354,IOB-1994,BSN-4787,321 Maple Drive,Apt 972,Yazykovo,,96306,https://-+\.ZSi/.**,286
355,TVQ-6812,ANC-0440,321 Maple Drive,12th Floor,Skomlin,,9565,https://u+\.ReGP/.**,474
356,COR-3862,ZQK-0259,789 Oak Lane,13th Floor,Mingshuihe,,36116,https://N+\.MLdG/-**,256
357,SUA-5252,KMO-1027,321 Maple Drive,PO Box 91928,Roi Et,,72144,https://2+\.AzMw/N**,896
358,YQE-1328,FVG-3805,321 Maple Drive,3rd Floor,Huayucachi,,7047,https://.+\.zSOx/0**,946
359,ZIE-3545,GMG-3362,987 Pine Road,PO Box 45143,Tocumen,,58563,http://H+\.hrarY/t**,78
360,MUJ-2666,ZJQ-5202,456 Elm Avenue,16th Floor,Vaggeryd,Jönköping,11423,https://.+\.qzAyZL/e**,454
361,OCR-5945,AEY-2052,987 Pine Road,Room 463,Lethbridge,Alberta,91237,https://.+\.uIqfi/.**,828
362,IGN-7057,ZTP-8341,123 Main Street,Room 329,Magitang,,15532,http://.+\.pS/-**,883
363,EQV-1024,RBY-6670,456 Elm Avenue,Apt 57,Heshui,,56270,https://0+\.UIZkv/.**,877
364,WPC-8420,DDJ-2011,321 Maple Drive,PO Box 85036,Liure,,21230,https://0+\.yI/u**,564
365,KPU-2313,NRA-4932,321 Maple Drive,PO Box 34443,Solânea,,2320,http://f+\.iCQD/c**,101
366,QDU-0006,CVW-2825,456 Elm Avenue,Room 803,Gargaliánoi,,25865,http://-+\.wQ/V**,52
367,OHJ-9629,ANO-0488,987 Pine Road,Suite 15,Cielądz,,35625,https://T+\.Yp/-**,668
368,UIE-4009,GWT-6673,789 Oak Lane,Apt 838,Dongen,Provincie Noord-Brabant,55705,https://m+\.udx/w**,554
369,JIY-7783,KBL-5585,789 Oak Lane,1st Floor,Waldbredimus,,34607,http://F+\.QeFgI/0**,857
370,AJR-2563,FCZ-0591,123 Main Street,Suite 60,Megati Kelod,,14177,https://-+\.ihnuac/.**,16
371,QGX-4145,JQH-0221,321 Maple Drive,Suite 92,Fifi,,97855,http://F+\.HsHkn/.**,993
372,TAX-9745,XTO-0170,456 Elm Avenue,Suite 74,Abha,,68984,https://.+\.Ee/-**,96
373,DZN-9787,ZZN-1806,987 Pine Road,Room 43,A Yun Pa,,19022,http://.+\.WKc/v**,949
374,KDD-8331,OEU-6692,321 Maple Drive,Apt 764,Sang-e Chārak,,24909,https://z+\.ewZti/k**,772
375,WPI-5380,MKO-0490,456 Elm Avenue,3rd Floor,Biryukove,,14075,https://.+\.NnpF/G**,870
376,ZIK-2142,ARG-8931,789 Oak Lane,17th Floor,Guayaybi,,14601,https://G+\.WJ/.**,243
377,QPY-4945,FXQ-7902,789 Oak Lane,Suite 59,Peranap,,32102,https://B+\.xsb/z**,171
378,IAZ-5787,CAE-4254,987 Pine Road,15th Floor,Lingshan,,49699,http://.+\.glhRj/5**,417
379,KAM-5164,DFS-3269,321 Maple Drive,PO Box 61333,Upata,,31636,http://.+\.Iq/6**,498
380,KHJ-7007,JCB-9462,789 Oak Lane,Suite 37,Vanino,,96793,https://3+\.vxBgqF/.**,493
381,KBT-3386,HJB-3849,987 Pine Road,Apt 294,Khlung,,83289,http://E+\.qsa/.**,219
382,ICW-2121,PRH-9346,987 Pine Road,8th Floor,Ang Thong,,95243,https://F+\.NWb/k**,886
383,DAE-0508,NBW-7501,456 Elm Avenue,Apt 1927,Santo Domingo,,84958,http://F+\.aYvLb/-**,411
384,RAX-0993,WJU-6625,987 Pine Road,10th Floor,Yugang,,58734,http://n+\.tkecmr/-**,925
385,NEH-4426,XJX-1919,789 Oak Lane,PO Box 24551,Yifaquan,,14985,https://R+\.GoyWOT/W**,61
386,YGX-6162,FVC-5708,123 Main Street,Suite 30,Lunyuk Ode,,71112,https://p+\.kYd/-**,169
387,WUW-9816,EJG-3721,321 Maple Drive,PO Box 28525,Hangzhou,,50748,https://-+\.XiC/-**,389
388,ACA-4423,HMM-5510,321 Maple Drive,Room 1155,Cache Creek,British Columbia,88795,https://1+\.FUdTL/.**,3
389,LSH-0233,STD-5148,123 Main Street,Suite 83,Liyang,,33759,https://.+\.oXtr/i**,400
390,DEO-6377,UWY-9266,987 Pine Road,12th Floor,Jianshan,,23730,https://-+\.UKmIB/.**,272
391,TTL-7756,WAL-9295,789 Oak Lane,Suite 65,Lastoursville,,67507,http://1+\.QJTEE/r**,949
392,KTW-2959,CBA-7448,123 Main Street,6th Floor,Uva,,35024,http://2+\.FM/1**,803
393,XWZ-2533,HNY-4072,123 Main Street,Suite 65,Levoberezhnaya,,66611,https://.+\.fPvjw/4**,804
394,EGG-7281,RVA-3637,321 Maple Drive,PO Box 5283,Harstad,Troms,59301,https://K+\.MM/I**,466
395,ZFF-5184,QJZ-1740,321 Maple Drive,13th Floor,Dukou,,18981,https://.+\.Og/-**,293
396,WHW-5624,HZA-1572,321 Maple Drive,Room 1106,Bellevue,Washington,25151,http://.+\.YhkfzR/.**,434
397,JDS-6342,SPO-6533,123 Main Street,PO Box 38777,Staraya Russa,,45918,http://o+\.LF/.**,714
398,WEP-2509,XNQ-2092,456 Elm Avenue,PO Box 57448,Świętajno,,61853,https://.+\.saDLx/9**,981
399,RHA-3634,UKF-4633,123 Main Street,Room 709,Ullulluco,,68291,https://3+\.IIRCKp/.**,749
400,HKE-0993,NVH-6412,987 Pine Road,Apt 268,Huage,,54710,https://T+\.SG/E**,803
401,ONM-7681,YHV-5647,123 Main Street,Apt 792,Tayzhina,,12519,https://R+\.Pa/.**,570
402,OTT-8213,JPH-7942,789 Oak Lane,Suite 90,Kardítsa,,30244,http://8+\.EgMa/.**,678
403,SBF-5275,XZB-5380,456 Elm Avenue,Apt 1810,Yingzhou,,97713,https://.+\.Pra/v**,736
404,ZAY-2829,SIS-1598,456 Elm Avenue,Apt 1292,Visim,,17472,http://3+\.dYOGAA/4**,499
405,HZL-5536,IID-8760,123 Main Street,20th Floor,Lusacan,,74479,https://-+\.iksj/x**,159
406,OGY-2904,TBR-2950,987 Pine Road,PO Box 3478,Zürich,Kanton Zürich,81548,http://-+\.EkXe/R**,195
407,ZOP-1161,HEW-6115,987 Pine Road,Room 1545,Kopral,,83664,http://-+\.da/G**,304
408,TXL-4554,IGO-6309,123 Main Street,Room 368,Xibu,,82409,http://-+\.VtsOcO/-**,223
409,LKS-0308,FQQ-4191,456 Elm Avenue,Apt 1949,Adorjan,,75732,http://w+\.GirhfP/F**,992
410,DOR-4841,IBL-9794,987 Pine Road,Apt 1093,Zubrzyca Dolna,,65710,https://.+\.JMwA/F**,60
411,BKK-9597,JDP-2592,123 Main Street,Apt 982,Komsomol’s’ke,,62657,http://u+\.CFOvH/-**,594
412,NJG-8257,OKO-7356,123 Main Street,Suite 60,Paitan Este,,59914,http://j+\.UZclv/.**,754
413,WQP-2669,DSD-0608,987 Pine Road,Room 243,Timurjaya,,43393,https://E+\.RPrH/Z**,556
414,ZJE-0433,PKA-3279,789 Oak Lane,Suite 87,Tomigusuku,,53509,https://-+\.OH/-**,63
415,QRI-4706,YQP-2407,123 Main Street,Suite 46,Hřebeč,,52954,https://.+\.Lil/R**,766
416,BIB-4714,CNG-9110,321 Maple Drive,Room 787,Huangqiao,,70278,https://E+\.BMi/R**,322
417,GRL-4033,MRR-3657,123 Main Street,PO Box 40027,Kedungkrajan,,71241,https://N+\.Tg/N**,59
418,KOV-9499,HLD-1980,987 Pine Road,PO Box 58054,Chaupimarca,,83111,http://7+\.uP/z**,52
419,PUP-9355,OFB-7060,321 Maple Drive,9th Floor,Pilcomay,,32133,http://1+\.kYQOyk/.**,599
420,AHM-4127,CBN-2426,321 Maple Drive,16th Floor,Lidköping,Västra Götaland,28282,http://8+\.xQ/u**,489
421,LNU-2532,MLL-6834,987 Pine Road,Room 1413,Cisantri,,17098,http://6+\.fAQ/3**,515
422,PHE-8674,GNT-9665,987 Pine Road,Apt 1354,Kuzhu,,68345,http://-+\.miEa/-**,942
423,COO-9064,IPH-7907,123 Main Street,19th Floor,Jimaguayú,,4819,http://G+\.khBqeB/c**,874
424,SJV-4211,VVJ-0436,789 Oak Lane,9th Floor,Gocoton,,31370,https://1+\.Im/s**,544
425,WQJ-7545,RGJ-1773,321 Maple Drive,PO Box 45779,Dalai,,97544,https://.+\.laekM/-**,162
426,OGU-8257,UGP-8633,321 Maple Drive,Room 1576,Yaguajay,,49452,http://E+\.XFl/c**,59
427,CYC-6391,QBF-8217,123 Main Street,PO Box 23654,Santiago,,3133,https://o+\.jr/9**,984
428,GWS-2843,RVA-0238,789 Oak Lane,Suite 56,Randusari,,46749,https://-+\.bqvZe/-**,521
429,HHP-4125,AWR-0416,123 Main Street,Room 1340,Oja,,39739,https://2+\.JCtBj/V**,83
430,WJR-1274,IVA-4559,456 Elm Avenue,Room 1162,Grzmiąca,,90324,http://7+\.Cqoqdo/P**,872
431,FWA-8325,YOG-9878,789 Oak Lane,Suite 27,Nagano-shi,,47045,http://e+\.SBsCpU/1**,191
432,ZVN-3010,OVP-9856,789 Oak Lane,4th Floor,Aricagua,,80818,http://s+\.lxbZSX/A**,71
433,BLC-2472,WDI-5990,987 Pine Road,Room 965,Bang Ban,,83554,http://1+\.hA/2**,610
434,MZP-2409,PPH-5088,123 Main Street,Suite 99,Offenbach,Hessen,64497,http://O+\.bsev/k**,70
435,RRK-4391,ZNQ-9692,321 Maple Drive,PO Box 70832,Khurriānwāla,,58462,http://-+\.WA/-**,692
436,GWO-8147,MWD-1606,321 Maple Drive,Suite 34,Tanggung,,10377,https://.+\.yO/b**,883
437,FGY-8215,CBS-0673,456 Elm Avenue,Suite 58,Al Qurayshīyah,,1774,https://-+\.OY/-**,241
438,RYO-7092,TEK-7296,789 Oak Lane,Apt 822,Penghua,,76744,https://.+\.ICBH/.**,414
439,QJI-0183,HCS-3178,123 Main Street,20th Floor,Katyuzhanka,,37159,https://U+\.wQ/F**,123
440,UOY-4949,ZXB-7748,789 Oak Lane,Suite 14,Courtaboeuf,Île-de-France,35116,http://-+\.aWqZ/8**,965
441,OUJ-4384,OFU-5647,789 Oak Lane,Suite 24,Ágios Stéfanos,,70691,http://.+\.yTw/n**,912
442,XVC-8527,KAE-9834,456 Elm Avenue,15th Floor,Dallas,Texas,2857,http://1+\.fG/-**,584
443,SVP-1378,NQU-9713,123 Main Street,PO Box 33475,Baracoa,,26715,http://O+\.uH/9**,253
444,MUT-1816,VWY-2200,321 Maple Drive,PO Box 19959,Denton,Texas,58565,http://F+\.fFGUHH/6**,593
445,QNP-5377,IVA-5347,789 Oak Lane,Room 448,Burträsk,Västerbotten,38339,https://R+\.nEZJF/C**,609
446,EED-2913,SJQ-7826,789 Oak Lane,Suite 45,Bergerac,Aquitaine,7788,https://.+\.pyiVH/x**,41
447,BXQ-9022,IRE-6817,987 Pine Road,Apt 905,Huayuan,,81107,http://-+\.zDOad/.**,635
448,GMG-0313,MYS-4613,789 Oak Lane,Apt 1064,La Roche-sur-Yon,Pays de la Loire,83975,http://-+\.nxRFkE/B**,84
449,KHO-5066,FYW-7853,123 Main Street,Apt 763,Ya’ergenchu,,2213,http://m+\.Lj/d**,430
450,SAO-6418,XFU-3421,321 Maple Drive,Room 351,Anak,,52523,http://.+\.cSXgvm/r**,674
451,KUO-3785,AKB-5005,789 Oak Lane,Suite 83,Tudela,,96961,https://U+\.xPJx/I**,598
452,WPI-5590,SMI-1987,456 Elm Avenue,Room 180,Qingfeng,,54858,https://.+\.SI/.**,579
453,JID-7494,KJS-0108,456 Elm Avenue,Suite 15,Cisarap,,13923,http://V+\.oKNMS/-**,536
454,QWI-9061,JOF-5142,123 Main Street,PO Box 59697,Vikhorevka,,15764,http://.+\.qM/.**,324
455,DJZ-4094,BWT-1291,123 Main Street,Apt 1797,Bendorubuh,,67512,http://-+\.fSKOod/.**,958
456,TKM-2395,FDA-5102,987 Pine Road,Apt 1807,Koynare,,15111,https://x+\.NS/9**,268
457,MKE-2930,ZLR-6719,789 Oak Lane,2nd Floor,Pandaan,,86439,http://-+\.TijOGn/-**,210
458,OBN-9648,AQQ-9248,987 Pine Road,PO Box 95003,Calapan,,99814,https://3+\.ODQOF/s**,686
459,QUY-5678,JUU-2979,987 Pine Road,PO Box 31202,Staryy Krym,,43133,https://7+\.Rmn/-**,734
460,OEX-8898,DPJ-5784,456 Elm Avenue,18th Floor,Sisŏphŏn,,16121,https://.+\.ZN/G**,322
461,ROF-1881,XMT-7801,123 Main Street,Suite 73,Bielice,,65005,http://-+\.zMH/L**,245
462,QXW-5280,DHU-8328,789 Oak Lane,Apt 654,Lipovljani,,5705,http://.+\.ufYCVq/9**,272
463,DSH-8121,TTP-6414,456 Elm Avenue,Room 610,Garunggang,,84518,https://-+\.QM/-**,406
464,EEQ-6325,DCB-9664,123 Main Street,Apt 743,Yuli,,41898,http://0+\.nAAl/.**,135
465,HRB-6833,QQC-6569,456 Elm Avenue,Apt 429,Obihiro,,28967,http://-+\.QJ/R**,688
466,CKF-9309,HJP-7282,123 Main Street,Apt 1410,Beslan,,65927,https://.+\.DkgGn/H**,661
467,DEY-7635,SCL-2996,987 Pine Road,3rd Floor,Dawan,,37449,http://m+\.wTd/.**,308
468,TTU-5577,AVJ-6275,456 Elm Avenue,3rd Floor,Tolbazy,,6880,https://M+\.Xi/L**,469
469,PGJ-2468,DBP-1737,987 Pine Road,Apt 1817,Vredenburg,,52186,http://L+\.KGfXwT/-**,324
470,EZZ-2880,UKQ-1920,321 Maple Drive,5th Floor,Paris 13,Île-de-France,61974,https://-+\.pex/d**,952
471,GLF-0662,CCE-9828,789 Oak Lane,Apt 798,Itaparica,,78577,http://9+\.zGxygc/e**,770
472,WAX-5837,GNR-1574,321 Maple Drive,Room 954,Atikokan,Ontario,74749,http://r+\.xjInFI/-**,959
473,IHV-6204,ROU-8590,789 Oak Lane,Apt 1418,Sacramento,California,90189,https://6+\.orkmy/y**,75
474,DVB-3619,RWC-2017,321 Maple Drive,Apt 1003,Moyo,,50155,https://A+\.FlF/7**,10
475,ZHK-5563,AIT-3351,987 Pine Road,Room 1900,Loanda,,48615,https://-+\.JTLcHF/.**,470
476,XPV-0495,AUF-8657,321 Maple Drive,Suite 56,Kristinehamn,Värmland,40691,https://1+\.rITp/-**,637
477,XWZ-1932,HHP-4359,789 Oak Lane,Room 650,Mushie,,99254,http://T+\.brtQ/.**,577
478,HHI-9538,XXG-3582,123 Main Street,Room 1015,Ushibuka,,95629,http://F+\.sIxYXB/.**,103
479,XOF-4173,YLT-4232,789 Oak Lane,Suite 87,Heimahe,,27580,https://x+\.DGQhL/l**,76
480,OEN-2724,HNQ-8679,789 Oak Lane,Apt 1856,Sargatskoye,,64690,http://5+\.PJbAqK/q**,551
481,MTH-5830,JDK-7398,456 Elm Avenue,Room 452,San Martin,,10103,https://.+\.ByAdg/-**,219
482,GAA-4355,RYY-6575,789 Oak Lane,PO Box 80719,Lárdos,,57447,http://M+\.krhDh/V**,519
483,CBM-6474,MJW-6535,123 Main Street,Apt 1236,Agalteca,,98656,http://.+\.XDrYXA/.**,272
484,AOX-5416,QBW-8071,321 Maple Drive,Apt 301,Bazha,,37395,http://9+\.LhzH/.**,136
485,TGL-4408,TRL-5591,789 Oak Lane,7th Floor,Hrušovany u Brna,,66669,https://W+\.Xtqu/-**,956
486,EMU-8047,WUP-6119,123 Main Street,Room 337,Feng’an,,22839,https://k+\.aTZYG/X**,358
487,UNR-1314,CQK-3120,123 Main Street,Suite 18,Vilkija,,21321,http://.+\.tEkU/.**,903
488,JIA-6362,UDC-0740,456 Elm Avenue,Apt 191,Ban Na San,,43144,http://9+\.JO/e**,71
489,YUN-2644,CIQ-9500,987 Pine Road,20th Floor,Berlin,Berlin,51769,https://H+\.ke/-**,901
490,GRU-3122,EXS-7028,987 Pine Road,Suite 86,Chernyshevsk,,5763,https://-+\.sS/.**,251
491,IEQ-3343,NSE-1938,123 Main Street,4th Floor,Zhenjiang,,7716,http://.+\.WlMLC/G**,379
492,CVG-1558,VKW-5328,987 Pine Road,Apt 993,Bhola,,58189,https://2+\.jIr/P**,292
493,TDK-4649,OLZ-8298,789 Oak Lane,Suite 78,Wiwilí,,46319,https://1+\.CJV/P**,162
494,YVO-6972,QAJ-1963,987 Pine Road,Apt 1979,Batanghari,,80441,https://J+\.Ll/-**,449
495,OFQ-7888,RBH-2897,987 Pine Road,PO Box 10954,Spitsevka,,65358,https://-+\.HNNIv/6**,854
496,FQG-4893,ATU-1361,789 Oak Lane,PO Box 22757,Banjar Sedang,,34567,https://6+\.uaC/-**,557
497,NIR-4825,DIS-1605,456 Elm Avenue,Suite 40,Fleury-les-Aubrais,Centre,67055,https://5+\.zLONQ/-**,721
498,BAP-5562,DNN-8860,789 Oak Lane,Apt 1437,Bayonne,Aquitaine,96960,http://-+\.ujRKRk/-**,310
499,GWA-4059,LOT-0818,987 Pine Road,12th Floor,Cravo Norte,,68287,https://1+\.tqlNLB/6**,627
500,JZK-0252,QOC-0206,123 Main Street,Room 228,Karlstad,Värmland,43309,https://D+\.ZUa/k**,827
501,KPD-0070,ZYO-4088,321 Maple Drive,5th Floor,Kowale Oleckie,,47203,http://Z+\.sgYdi/.**,670
502,SOR-5505,TTO-6462,123 Main Street,9th Floor,Cauayan,,9545,https://-+\.IbU/-**,542
503,RRW-5304,TLP-9987,123 Main Street,Room 743,Surup,,24772,http://.+\.vWE/V**,9
504,NXX-4374,FGB-8004,321 Maple Drive,Apt 1875,Dili,,49949,https://8+\.WtQkcI/U**,684
505,EPA-8037,XSL-8072,123 Main Street,Room 1431,Sonlit,,76370,http://.+\.Bxda/c**,837
506,KKR-0262,ZKO-6431,321 Maple Drive,Suite 20,Zhendong,,35270,https://e+\.IG/U**,568
507,MHH-7626,EXL-4761,321 Maple Drive,Room 1812,Itápolis,,24770,https://Z+\.Atd/W**,307
508,XVW-5240,ZCW-9802,789 Oak Lane,6th Floor,Santa Helena de Goiás,,22540,https://-+\.QXbUw/0**,955
509,IPM-8511,DCZ-0239,321 Maple Drive,Suite 58,Citasuk,,54191,https://.+\.ccTr/-**,680
510,CHC-3952,OXC-6937,321 Maple Drive,Room 886,Cipondok,,93736,https://6+\.hMsI/-**,107
511,MAP-5977,MMV-7574,321 Maple Drive,19th Floor,Baimaqiao,,48267,http://-+\.rAllz/L**,962
512,USH-6040,YFR-0164,123 Main Street,Room 518,Nenotes,,54705,https://n+\.KPn/M**,900
513,FAV-4359,LMS-7377,789 Oak Lane,Apt 376,Changfa,,65798,https://-+\.sAuYP/1**,138
514,OQZ-8793,JDZ-6021,321 Maple Drive,Room 279,Tilamuta,,57138,http://k+\.BeZ/3**,271
515,TUS-5309,IEX-5855,123 Main Street,7th Floor,Thị Trấn Trùng Khánh,,60855,https://U+\.RNPOVs/.**,119
516,LZQ-4598,UVG-7014,987 Pine Road,Room 767,Fontainebleau,Île-de-France,37076,https://.+\.tCcBJN/g**,912
517,EYB-2495,UCP-5773,789 Oak Lane,Apt 848,Doubrava,,17870,https://.+\.IHogh/A**,110
518,PHZ-5352,CAI-2669,123 Main Street,Room 1079,Qingping,,10505,http://b+\.NgUym/m**,761
519,BHZ-3267,VDI-0223,456 Elm Avenue,Suite 77,Capellanía,,64815,http://-+\.QKyaE/1**,567
520,ICI-9725,PUS-2088,321 Maple Drive,PO Box 55168,Čair,,94873,https://.+\.Ib/9**,160
521,VJY-8689,KSC-2668,123 Main Street,PO Box 84900,Matwaḩ,,48232,https://H+\.aEFhH/f**,279
522,FCZ-1251,ZSB-4340,987 Pine Road,18th Floor,Sindangrasa,,80325,http://I+\.Wcxf/.**,289
523,MOO-7844,EMW-5157,789 Oak Lane,Room 120,Bengras,,259,http://0+\.fr/O**,620
524,JMU-3332,QQE-2056,123 Main Street,Room 909,Kyzylorda,,87804,http://-+\.gDczb/8**,216
525,RVU-6137,OQJ-3367,123 Main Street,Room 912,Seririt,,57308,https://x+\.xs/v**,735
526,QIJ-2162,ZBH-1656,456 Elm Avenue,Suite 8,Wissembourg,Alsace,18490,http://-+\.VNmda/x**,352
527,VKI-9178,KWL-8005,456 Elm Avenue,5th Floor,Shuanghe,,59857,http://.+\.ph/-**,209
528,VGX-9795,TAM-9803,789 Oak Lane,Apt 917,Norberg,Västmanland,63312,https://0+\.bwIwZ/Q**,704
529,JYK-5936,GLP-7211,456 Elm Avenue,Suite 41,Biyang,,30517,https://.+\.ABM/6**,650
530,MBH-4707,ELR-5698,789 Oak Lane,Suite 91,Kanigorokrajan,,90847,https://9+\.Rz/2**,874
531,QAC-0407,TQX-6996,123 Main Street,PO Box 42510,Slobodka,,95166,http://S+\.UHJZz/M**,271
532,ZTN-9127,FET-6368,789 Oak Lane,Suite 84,Cibinong Satu,,5018,http://-+\.PsV/.**,518
533,DNA-3244,AOZ-4226,789 Oak Lane,Suite 49,Changtan,,85833,http://b+\.KoL/.**,501
534,GSX-7994,JQS-7541,321 Maple Drive,PO Box 95726,Kalunan,,91696,https://3+\.XH/8**,258
535,LPP-9788,DEZ-0310,321 Maple Drive,PO Box 54343,Zhetang,,98599,http://o+\.lctJiq/s**,928
536,IIP-7367,BJO-5432,987 Pine Road,Room 1843,Dama,,86303,https://.+\.xcgj/k**,930
537,OXO-8601,XDJ-8889,789 Oak Lane,Room 362,Vilarelho,Viana do Castelo,58489,http://r+\.lLs/-**,867
538,XUM-5930,NZJ-7805,789 Oak Lane,Room 261,Miaoli,,40146,https://J+\.Etg/b**,53
539,UMJ-4695,XST-1501,456 Elm Avenue,Apt 370,Esmoriz,Aveiro,34817,https://.+\.CyQ/R**,95
540,HCT-3316,XCZ-1096,987 Pine Road,PO Box 55086,Seattle,Washington,56983,https://.+\.sLUXdK/.**,650
541,MRE-9399,YMS-0852,789 Oak Lane,13th Floor,Cincinnati,Ohio,61342,https://m+\.fq/.**,434
542,PUT-6034,ZBZ-9690,123 Main Street,PO Box 55478,Toulon,Provence-Alpes-Côte d'Azur,66194,http://d+\.hT/-**,850
543,YSG-9245,XAU-2445,456 Elm Avenue,Room 758,Saint-Joseph-de-Coleraine,Québec,51035,https://y+\.vybySi/-**,284
544,OCT-7173,XJN-4784,123 Main Street,19th Floor,Santa Cruz,,80744,https://g+\.YgorXf/1**,46
545,IVX-9597,VIH-4987,987 Pine Road,Room 1677,Maslog,,97443,http://.+\.xPd/-**,4
546,XSL-3776,ARD-2307,123 Main Street,Apt 1907,Panaoti,,82725,https://h+\.EmKd/E**,342
547,YBM-6789,PNZ-9919,789 Oak Lane,Apt 661,Rancaranji,,39603,https://n+\.tnh/B**,790
548,MRX-6465,DJL-0725,123 Main Street,Apt 1507,Saint Catherine,,15531,http://6+\.WXRRn/.**,134
549,UMP-5700,BAK-5152,456 Elm Avenue,11th Floor,Qiaochong,,9878,https://-+\.qmSc/1**,653
550,OGJ-3226,SSD-2721,456 Elm Avenue,Suite 67,Nantes,Pays de la Loire,51254,http://-+\.xaiUH/O**,269
551,EAS-7549,YQZ-0967,321 Maple Drive,Suite 18,Pyrgetós,,4674,https://4+\.YPh/6**,166
552,PRQ-5321,NWY-1276,123 Main Street,Room 1372,Rozhnyativ,,36329,http://L+\.kIW/k**,760
553,IDE-9543,FZN-6616,123 Main Street,PO Box 37927,Jatirejo,,88815,http://w+\.OdoLnU/-**,453
554,EBT-6023,IPF-7646,321 Maple Drive,Suite 33,Toupopu,,26271,https://-+\.HWsBx/0**,565
555,SZJ-4189,OOV-6871,123 Main Street,Apt 1194,Kapan,,54358,http://G+\.mD/.**,723
556,CEK-3274,CLY-9472,987 Pine Road,Suite 55,Zverevo,,12929,http://p+\.hE/-**,438
557,VRJ-1436,CBV-4419,321 Maple Drive,8th Floor,Thanatpin,,82227,http://4+\.UefIt/m**,575
558,OJA-6407,YHX-9262,987 Pine Road,18th Floor,Tselinnoye,,78757,http://V+\.mm/Y**,10
559,OSY-4472,VZA-7791,456 Elm Avenue,PO Box 24903,Vítkov,,54521,https://-+\.CHg/u**,115
560,XOL-5315,UEO-4404,987 Pine Road,Suite 59,Gibara,,10685,https://d+\.dX/4**,78
561,OVZ-9926,NLN-1739,123 Main Street,8th Floor,Idfu,,53919,http://-+\.zSlLIw/.**,968
562,BQV-7480,JNY-2998,123 Main Street,PO Box 78681,Pasarnangka,,5909,https://k+\.QtMiX/4**,905
563,MYU-8912,MNW-6191,123 Main Street,Apt 1386,Bonebone,,93073,https://.+\.nyQqZ/-**,708
564,CFP-4736,HQT-1809,123 Main Street,Suite 18,Kampong Thom,,17604,http://.+\.uQ/.**,926
565,ULQ-1703,XDH-8689,789 Oak Lane,Apt 1536,Cikujang,,82498,http://j+\.Oo/-**,153
566,PRK-9387,GQU-1430,456 Elm Avenue,Suite 25,Feng’an,,74902,https://e+\.EsgPL/9**,559
567,GAE-6426,KLG-1045,987 Pine Road,Suite 29,Digne-les-Bains,Provence-Alpes-Côte d'Azur,81564,http://.+\.LOg/N**,37
568,PTM-9652,GGG-4981,123 Main Street,Suite 78,Tortosa,,24149,https://.+\.zUNcrs/u**,855
569,VDW-1259,USQ-6693,123 Main Street,Apt 1503,Rio Claro,,91713,https://S+\.HT/L**,379
570,IRA-8634,HME-4926,456 Elm Avenue,Suite 3,Oskarshamn,Kalmar,13721,https://.+\.fc/U**,597
571,MVN-7746,CQC-4477,456 Elm Avenue,Room 1802,Chupa,,41676,https://-+\.AXxM/S**,566
572,RMA-4524,PCN-3652,789 Oak Lane,Suite 80,Shengshan,,15513,https://8+\.fM/9**,152
573,VFZ-7813,OQB-6880,123 Main Street,Room 20,Đà Bắc,,89288,http://.+\.YmUQ/i**,441
574,JNC-2618,LKM-5559,123 Main Street,Room 986,Linköping,Östergötland,81752,http://-+\.MuvI/-**,131
575,KPR-2208,ZFN-0677,321 Maple Drive,5th Floor,Manticao,,26414,http://H+\.qezgq/-**,43
576,RGW-1838,ZUZ-9050,321 Maple Drive,18th Floor,Padang,,78793,https://-+\.ddu/.**,316
577,WHW-6102,JHN-5222,123 Main Street,20th Floor,Libertad,Sonora,52707,https://5+\.QxJ/w**,374
578,JEL-7193,XPX-7845,123 Main Street,Suite 7,Hamhŭng,,55893,https://5+\.NueJT/O**,921
579,WCB-9929,XMG-4113,321 Maple Drive,Room 1335,Dongsheng,,86917,https://g+\.Rf/H**,956
580,RCD-8845,BAO-3695,456 Elm Avenue,Room 272,Strenči,,76031,http://.+\.Xvzov/.**,816
581,SQQ-4956,VWO-4568,987 Pine Road,Suite 38,Borås,Västra Götaland,44272,https://2+\.KEcQGV/-**,996
582,DPL-1391,OXZ-1311,456 Elm Avenue,Suite 20,Lisieux,Basse-Normandie,59274,http://0+\.sReRD/7**,882
583,BZL-5237,UGN-3707,123 Main Street,Apt 284,Bangkok,,9920,http://L+\.AOxqu/E**,41
584,EBW-5857,ADQ-4399,321 Maple Drive,Apt 626,Kholm,,23262,https://U+\.TgGzFp/.**,921
585,UOF-7634,YNV-8027,987 Pine Road,PO Box 81021,Sawahan,,76736,https://7+\.ZX/.**,367
586,XPQ-7251,GTI-8586,456 Elm Avenue,Apt 1338,Tata,,22324,https://8+\.lgpxjE/f**,216
587,XNB-8637,OUB-2981,789 Oak Lane,11th Floor,Milanów,,31731,http://-+\.Pvvx/1**,699
588,YQE-1909,XYN-4482,987 Pine Road,PO Box 8906,Pringgabaya,,28470,http://.+\.jAkWzD/m**,256
589,DDR-2576,JUU-8098,987 Pine Road,Room 533,Niba,,76020,http://7+\.avgGqM/e**,683
590,MLQ-2775,LHY-6632,321 Maple Drive,Apt 1540,Jagabaya Dua,,11724,https://6+\.mcfqaB/.**,106
591,CLX-8852,LUT-3643,789 Oak Lane,Room 1012,Louisville,Kentucky,73644,https://8+\.IcO/-**,363
592,LNZ-7947,VWA-0027,123 Main Street,PO Box 89225,Sousa,,3748,https://Y+\.eCvf/-**,799
593,ETX-4562,XIE-7468,789 Oak Lane,20th Floor,Sanguansi,,27410,http://M+\.nZaS/6**,574
594,OFD-5866,RQY-2375,987 Pine Road,Room 1101,Ngã Bảy,,3999,http://-+\.rIoE/-**,906
595,RHS-2373,CSM-8777,789 Oak Lane,3rd Floor,Trasak,,59461,http://-+\.effscZ/4**,896
596,QSQ-0239,ZRC-1831,987 Pine Road,Apt 660,Granada,Andalucia,57655,http://-+\.vYflN/-**,417
597,QKP-0057,MYT-7816,789 Oak Lane,Apt 448,Rifeng,,9278,http://-+\.jm/8**,998
598,DIU-6917,LLQ-4171,456 Elm Avenue,Room 786,Cabanas de Viriato,Viseu,90749,http://N+\.BpoN/U**,636
599,OFG-5426,VCL-7083,789 Oak Lane,Apt 710,Duodaoshi,,70738,http://H+\.Ws/z**,768
600,MOA-5569,EYS-6147,123 Main Street,Apt 1117,Huangbei,,77676,https://.+\.HjIf/g**,159
601,WSZ-2264,PYA-6529,123 Main Street,7th Floor,Porto Alto,Santarém,1367,https://d+\.WAPP/-**,948
602,UBU-2704,CTQ-5478,321 Maple Drive,Suite 97,Santiago de Cuba,,89938,https://-+\.LuMlo/B**,953
603,EVY-8714,PVV-6101,987 Pine Road,17th Floor,Aracaju,,53368,http://0+\.JyU/3**,243
604,NML-2025,RKE-7386,987 Pine Road,Room 1979,Ludishan,,87070,http://.+\.nIeG/X**,886
605,XLZ-7922,ZZJ-6077,789 Oak Lane,Room 1349,Rimouski,Québec,52570,http://.+\.qfgL/D**,167
606,JMA-1064,ULJ-7295,321 Maple Drive,Room 1663,Shatki,,8925,https://h+\.MQcq/t**,1000
607,BCJ-8427,QYW-0175,123 Main Street,PO Box 83275,Panghadangan,,69090,http://0+\.UxsZzI/s**,820
608,TOG-4420,ZJR-0408,321 Maple Drive,Room 910,Karema,,3494,https://N+\.SuM/-**,831
609,USK-5627,ZRM-5000,123 Main Street,Apt 1259,Wenquan,,51145,http://8+\.fzMVjU/-**,182
610,EPD-4453,VJC-4765,123 Main Street,Suite 9,Buenavista,Chiapas,97454,http://1+\.QQ/U**,903
611,IUN-3440,JBY-4100,789 Oak Lane,Suite 58,Xiaochuan,,32317,https://-+\.Vm/.**,423
612,BHF-2017,BRG-1892,456 Elm Avenue,PO Box 97448,Pasirgaru,,7512,http://.+\.uO/5**,26
613,GZW-6298,BUF-7381,789 Oak Lane,Suite 58,Gorobinci,,552,http://.+\.hFNSv/P**,184
614,CPV-2955,MJJ-8527,987 Pine Road,PO Box 93537,Yunluo,,84199,http://.+\.VyUAW/.**,755
615,WNN-3501,QRO-9124,789 Oak Lane,Suite 7,Uitiuhtuan,,25708,https://A+\.lBKp/I**,947
616,QXT-0667,BJP-5339,987 Pine Road,Apt 1583,Rainis,,64816,http://.+\.vGjQn/C**,341
617,PGF-1113,IEN-6466,789 Oak Lane,Room 1328,Pitumarca,,62656,http://.+\.qDwNS/3**,802
618,OCO-7089,VCB-2935,321 Maple Drive,Room 103,Ledeč nad Sázavou,,31942,http://.+\.HnkSI/l**,954
619,HUU-7905,TUP-8623,123 Main Street,Room 111,Pagak,,37882,http://h+\.kXHc/7**,422
620,DID-2242,NMH-0281,987 Pine Road,Suite 70,Caopie,,33510,http://O+\.cdnh/5**,822
621,EZG-6637,QJV-0554,789 Oak Lane,Apt 97,Hagonoy,,32549,http://6+\.Au/-**,686
622,UXU-4110,JKS-5388,789 Oak Lane,PO Box 33601,Patzicía,,70773,http://H+\.hRIb/.**,885
623,ITS-6374,YRZ-2940,321 Maple Drive,Suite 71,Baru,,1367,https://-+\.vGGlR/O**,753
624,BJH-7288,GJI-5533,123 Main Street,PO Box 7029,Suining,,99405,https://Y+\.mocx/.**,831
625,MKG-6442,DTW-5667,789 Oak Lane,Room 249,Kole,,84904,https://-+\.ocaF/g**,255
626,OCY-7249,URX-2715,456 Elm Avenue,3rd Floor,Balazar,Braga,33716,http://6+\.ixvt/2**,274
627,HJJ-5878,OTS-9227,987 Pine Road,Room 327,Nice,Provence-Alpes-Côte d'Azur,23390,http://-+\.XEewC/-**,164
628,RCI-8994,QEU-2548,456 Elm Avenue,15th Floor,El Coco,,83200,https://N+\.jTEe/Y**,807
629,SBJ-3386,ZLW-7402,456 Elm Avenue,17th Floor,Kanazawa-shi,,61214,http://M+\.DhlLRC/-**,719
630,QUA-8770,KVK-2887,321 Maple Drive,Room 352,Xintian,,87217,http://Y+\.pPgVHF/0**,111
631,TUH-0482,CAW-2106,123 Main Street,PO Box 72173,Raas,,53974,http://B+\.XDghh/-**,392
632,ZRZ-5813,GBR-6077,987 Pine Road,PO Box 87239,Chengbei,,11425,https://-+\.qb/.**,894
633,QWW-2472,CVC-8442,789 Oak Lane,17th Floor,Jieheshi,,30953,https://c+\.YAceuX/q**,40
634,UMV-2429,MKD-4404,321 Maple Drive,Room 584,Paritjunus,,24123,https://3+\.MVL/-**,880
635,YSM-3525,QIR-5807,123 Main Street,4th Floor,Langsepan,,7802,http://-+\.Fkbm/.**,482
636,PGX-5130,BIY-0936,789 Oak Lane,PO Box 79130,Timba Lauk,,42732,http://.+\.eM/g**,228
637,EWB-4843,PNK-4955,789 Oak Lane,Room 1891,Nangewer,,89065,http://-+\.Jszxy/P**,205
638,SFY-4855,DNX-5314,123 Main Street,Apt 46,Xinji,,27531,https://-+\.zkPyw/e**,837
639,ZBP-4584,OWD-2322,456 Elm Avenue,PO Box 98353,Chifeng,,61044,https://.+\.DK/9**,941
640,SNN-2375,BPK-3346,123 Main Street,PO Box 54189,Mahābād,,5969,https://2+\.DI/.**,472
641,KMH-1764,TTU-7746,123 Main Street,6th Floor,Stare Kurowo,,82798,https://-+\.FQFzm/9**,359
642,RXN-5699,NTD-8091,456 Elm Avenue,Apt 86,Xiantang,,3165,http://.+\.ONR/-**,313
643,ZKF-3514,PBW-0761,123 Main Street,Suite 70,Bulakgebang,,40854,http://8+\.IHVdLI/L**,841
644,BYJ-6437,UKK-8284,123 Main Street,2nd Floor,Xindian,,34308,https://.+\.Dm/-**,815
645,WWG-9413,NZG-6361,321 Maple Drive,3rd Floor,Haugesund,Rogaland,39807,http://X+\.gjVu/6**,893
646,CAQ-2440,LCA-4507,456 Elm Avenue,PO Box 46028,Chester,Nova Scotia,73080,https://C+\.Fpof/7**,234
647,QIG-7330,ZTK-2513,789 Oak Lane,12th Floor,Atlanta,Georgia,84741,http://c+\.FTKLmb/-**,229
648,LZX-8959,SXT-2261,123 Main Street,Room 837,Butel,,82220,http://G+\.RLPw/9**,25
649,YGL-4625,QBG-6078,123 Main Street,Suite 58,Taklale,,76909,http://.+\.tY/9**,676
650,IUL-8279,PFA-6147,987 Pine Road,Suite 75,Al Qūşīyah,,19821,http://4+\.Xqt/p**,198
651,QQQ-9832,ICU-0717,789 Oak Lane,Room 910,Azinhal,Faro,69689,https://w+\.uzPBEF/9**,409
652,GLV-4829,ZCM-8738,789 Oak Lane,19th Floor,Terawas,,60591,http://U+\.WSgBsb/1**,337
653,CNF-6233,OYC-0665,789 Oak Lane,Room 624,Kotikawatta,,80894,http://x+\.ZDHg/-**,286
654,AEU-5650,UJC-0621,789 Oak Lane,Apt 552,Budënnovsk,,47384,http://5+\.Iao/f**,886
655,JID-8724,VNN-5779,987 Pine Road,PO Box 87731,Lagoa,Faro,76610,https://-+\.cB/B**,72
656,HKN-2316,NGO-9685,456 Elm Avenue,Apt 1271,Tampa,Florida,30910,https://.+\.tSU/4**,991
657,UMV-4689,AFK-4397,789 Oak Lane,Suite 39,Coyaima,,99445,https://v+\.RoAee/N**,792
658,BDF-7013,UEB-2953,987 Pine Road,11th Floor,Lapuz,,13624,https://j+\.HDaXnV/-**,286
659,DVL-4893,KCY-9853,321 Maple Drive,PO Box 46100,Bagusan,,53160,https://.+\.sKu/D**,360
660,VWB-5496,NKD-0163,987 Pine Road,11th Floor,Aston,England,32146,http://K+\.xkEv/h**,657
661,BLF-4741,YTP-2253,789 Oak Lane,Room 473,Canindé,,73753,https://C+\.gguIWy/t**,522
662,CXS-9094,OPB-5337,321 Maple Drive,11th Floor,Comé,,1415,https://1+\.YgaD/.**,410
663,OJI-9579,XUV-8136,456 Elm Avenue,Suite 47,Tarikolot,,13944,https://.+\.tiHZtB/.**,696
664,JUU-2833,NWX-3065,987 Pine Road,Apt 1485,Ruda-Huta,,54979,https://-+\.wl/-**,864
665,CSX-6803,HLI-8968,123 Main Street,Room 355,Scottsdale,Arizona,44150,https://i+\.KAOgw/-**,550
666,SNH-7270,XBT-1692,123 Main Street,Room 1762,Kembang,,64692,http://.+\.ANV/6**,340
667,VFZ-1980,TJX-4110,456 Elm Avenue,17th Floor,Banjar Bali,,91970,https://E+\.gjAwH/i**,962
668,QRV-6309,ILN-9090,123 Main Street,PO Box 36989,Patulul,,51370,https://9+\.HR/9**,29
669,DYI-4564,CUP-7115,987 Pine Road,PO Box 58382,Sumbergebang,,54401,http://-+\.ivm/-**,119
670,WAV-8512,DUM-6891,789 Oak Lane,Apt 1431,Bayart Huxu,,68041,https://.+\.xICLEO/7**,899
671,ZFB-7482,KNL-2066,456 Elm Avenue,Suite 50,Belém,,4911,http://c+\.JMgm/r**,994
672,FUU-5228,NRD-4429,987 Pine Road,PO Box 16941,Cikananga,,97354,https://k+\.tPeT/2**,268
673,LGH-2058,CHL-2824,456 Elm Avenue,Apt 877,Baturinggit Kaja,,84247,https://4+\.XtM/.**,183
674,GHL-8658,KMM-4230,987 Pine Road,Apt 1099,Alor Setar,Kedah,79802,http://W+\.VrHveH/9**,595
675,NXA-5662,DQO-5301,789 Oak Lane,7th Floor,Famaillá,,18331,http://N+\.pU/I**,986
676,VTR-6571,LTP-3082,123 Main Street,PO Box 55621,Setúbal,Setúbal,23655,https://s+\.ljcC/-**,272
677,FFU-1516,LML-3665,987 Pine Road,Room 1977,Sebina,,69063,http://E+\.UmNKLh/6**,40
678,RZS-1667,YSB-8199,321 Maple Drive,3rd Floor,Sierakowice,,74360,http://-+\.BYVTTm/V**,112
679,VIC-0321,ABC-2387,321 Maple Drive,Apt 1852,Shangxian,,98533,https://B+\.IxBHqN/.**,611
680,RCW-4885,ZOI-6087,123 Main Street,19th Floor,Santa Cruz,,37555,http://P+\.LAq/C**,445
681,XEF-2492,GIU-5141,321 Maple Drive,Apt 230,Jam,,98795,http://B+\.ruMHi/g**,354
682,EIW-9094,JFX-0074,789 Oak Lane,Apt 1459,Toumodi,,4082,https://M+\.nTxg/j**,747
683,TIM-3466,ZDU-0211,123 Main Street,Suite 95,Nürnberg,Bayern,41722,http://0+\.UnhV/.**,806
684,EDL-0822,BFY-3906,123 Main Street,Room 867,Pasararba,,85544,http://t+\.UIIP/w**,322
685,NPJ-0702,NMZ-6093,789 Oak Lane,PO Box 70770,Dubrovka,,50099,http://Z+\.WSc/-**,447
686,TUN-1579,PTD-2902,789 Oak Lane,Room 740,El Progreso,,9057,http://v+\.JQF/Q**,621
687,MQC-9901,XEL-1968,123 Main Street,PO Box 69434,Karangtanjung,,47618,http://F+\.QrDq/2**,524
688,CLY-4081,SVW-8707,987 Pine Road,Suite 94,Muarapinang,,66610,http://-+\.uCRV/k**,119
689,ETP-0465,OHM-7444,789 Oak Lane,17th Floor,Engel’s,,87404,http://6+\.cxa/-**,395
690,EWQ-4173,GVV-3284,123 Main Street,Suite 22,Calangain,,34780,https://7+\.XSJ/8**,922
691,CKY-8238,VPS-9910,987 Pine Road,Room 351,Piet Retief,,93925,https://.+\.eOipe/z**,591
692,JRW-6759,NVI-8306,789 Oak Lane,PO Box 45739,Kara Suu,,34431,http://8+\.aAH/8**,195
693,CMZ-9876,ZOY-4145,789 Oak Lane,Apt 1897,Dongyong,,68454,https://.+\.uisG/4**,261
694,XJG-3340,BTV-9298,321 Maple Drive,PO Box 67305,Častolovice,,21209,http://-+\.Zt/7**,46
695,EBA-9695,MWA-8162,123 Main Street,Suite 7,Baipu,,87710,https://-+\.uZejt/C**,726
696,SGH-6611,ONW-1361,789 Oak Lane,PO Box 33726,Goge,,46712,http://-+\.vOjbXQ/.**,447
697,CSQ-3884,XKN-3025,456 Elm Avenue,15th Floor,Orguz,,77720,https://0+\.dOtK/-**,2
698,SWV-5927,AZC-8661,789 Oak Lane,Suite 10,Kangdong-ŭp,,83396,http://T+\.OblZ/r**,533
699,HAF-0483,YIF-9514,456 Elm Avenue,Suite 13,Oslo,Oslo,71816,http://2+\.SD/0**,948
700,MIO-3866,KNY-9473,456 Elm Avenue,Apt 1584,Yangiobod,,6767,https://Q+\.HfUoM/-**,826
701,WWB-0415,AKI-3901,987 Pine Road,Room 1097,Mirsíni,,77761,https://h+\.bR/.**,552
702,JXA-5237,LSY-2991,987 Pine Road,Suite 18,Sibinal,,70443,https://w+\.YBQOPl/.**,704
703,CWI-6652,WCP-7210,456 Elm Avenue,8th Floor,Waco,Texas,37219,https://M+\.XCQ/z**,737
704,ZRT-1985,BGP-5359,456 Elm Avenue,Apt 1852,Vilya,,4092,http://-+\.QNZzDv/Q**,963
705,UQH-9921,WCJ-6469,456 Elm Avenue,8th Floor,Liuche,,89097,https://-+\.nRpy/9**,760
706,WOH-0586,WRN-2715,123 Main Street,Apt 1630,Sokol,,40977,http://F+\.Bf/M**,755
707,YKX-7908,WSU-9046,789 Oak Lane,PO Box 55288,Oral,,13282,https://j+\.mDE/-**,687
708,RDL-5554,DKE-6829,123 Main Street,Room 947,Pulaupanggung,,48213,http://.+\.pqcYI/-**,202
709,VXT-1572,DCB-5259,987 Pine Road,19th Floor,Kalýves Polygýrou,,36529,http://4+\.skSh/U**,373
710,XQA-4911,ICH-1368,789 Oak Lane,Room 1368,Tres Isletas,,10240,https://w+\.uWcYS/F**,442
711,PNJ-1573,OXB-6977,789 Oak Lane,PO Box 71653,Fulin,,63549,http://T+\.DbWWGp/.**,72
712,LLB-5537,GVP-8616,123 Main Street,PO Box 87865,Portela,Braga,35416,https://y+\.DCOuQi/O**,972
713,YUK-7055,YLS-5321,123 Main Street,Apt 1963,Newport,,7105,http://.+\.WqL/-**,681
714,NON-4311,TXW-0976,321 Maple Drive,6th Floor,Bodø,Nordland,71215,http://X+\.XzRYM/N**,943
715,DDI-7117,PEF-1798,123 Main Street,Suite 17,Bergen,Hordaland,74559,http://5+\.pySCs/.**,339
716,TYU-1438,OFH-0573,123 Main Street,9th Floor,Houston,Texas,26908,http://-+\.Rsgxk/.**,639
717,AIV-0585,CYE-6831,123 Main Street,Room 338,Tulsa,Oklahoma,12721,https://e+\.NrF/J**,322
718,CSH-0593,FOU-5089,987 Pine Road,Suite 83,Rancasadang,,1515,https://z+\.IBQ/7**,680
719,ZGV-5744,RUG-6881,456 Elm Avenue,Suite 82,Ambositra,,60882,https://h+\.jl/T**,869
720,EZS-5802,PFD-5749,789 Oak Lane,3rd Floor,Letsheng,,44513,http://S+\.bDzMR/E**,128
721,CEQ-7851,SRS-6713,123 Main Street,Suite 93,São Roque,Ilha de São Miguel,11476,https://-+\.BrYUI/C**,738
722,XBB-0116,NCH-2168,987 Pine Road,Apt 321,Nicosia,,77000,https://O+\.cJ/7**,922
723,NCX-1174,HUL-3798,123 Main Street,12th Floor,Old Shinyanga,,51651,https://j+\.Fnzhl/.**,308
724,WRU-5146,MEA-7253,123 Main Street,Suite 34,Zhuangshi,,39444,http://1+\.QyubSn/-**,520
725,TNB-7045,CDI-0770,321 Maple Drive,PO Box 89066,San Miguel,Chiapas,79249,http://0+\.vn/-**,317
726,WLT-2139,RAJ-8035,321 Maple Drive,Apt 1603,Iyo,,3071,https://H+\.alXX/.**,683
727,BCS-9305,FXC-1558,987 Pine Road,PO Box 43066,Nariño,,35758,https://.+\.dK/.**,419
728,VRS-3402,ZGL-1808,456 Elm Avenue,Apt 1400,Setúbal,Setúbal,82978,http://-+\.ZASMI/5**,335
729,AFZ-7659,PFI-2649,321 Maple Drive,9th Floor,Pasirpanjang,,41853,https://3+\.yevo/.**,413
730,TFA-0957,JKY-3220,789 Oak Lane,PO Box 81463,Rancagua,,59541,http://-+\.jmBaEY/r**,714
731,TXX-7533,GGL-1264,789 Oak Lane,Suite 32,Boulsa,,40619,http://.+\.TBKJfT/p**,303
732,ZIQ-1448,CKL-3086,123 Main Street,18th Floor,Liloan,,78584,http://7+\.BPnY/-**,568
733,UHK-5716,YGQ-7898,123 Main Street,Room 1002,Qelëz,,72341,http://0+\.PQS/-**,131
734,AHY-3143,JSZ-1900,987 Pine Road,3rd Floor,Tongda,,28044,https://Z+\.rxCdm/U**,197
735,UTO-8003,UHH-5266,987 Pine Road,Apt 914,Ban Chang,,55216,https://-+\.OsJTzs/5**,431
736,TEJ-2918,PPZ-5236,123 Main Street,PO Box 75553,Sokolovo,,57772,https://Q+\.HMV/8**,681
737,ZQF-4433,BQN-2222,321 Maple Drive,4th Floor,Npongge,,76197,https://0+\.QfAneu/.**,963
738,TGO-0108,UBV-4783,987 Pine Road,PO Box 22568,Sosnovka,,71626,https://.+\.neb/w**,389
739,JUN-5357,ADK-8072,321 Maple Drive,Room 1202,Idtig,,61064,https://n+\.uzChWi/8**,694
740,BYL-9574,YQB-7570,456 Elm Avenue,Apt 1263,Sukarame,,43288,http://j+\.arCPH/-**,767
741,MCD-6598,CUG-5391,789 Oak Lane,Suite 100,Berbek,,91686,https://.+\.gVnL/-**,925
742,QBN-1565,NPH-0536,789 Oak Lane,Suite 61,Jiru,,49493,http://K+\.YbZ/7**,179
743,DAB-9384,HCZ-0023,789 Oak Lane,15th Floor,Tianxing,,11812,https://8+\.ApZMQ/u**,631
744,NFR-4183,GAT-0356,123 Main Street,Room 1156,Penalva de Alva,Coimbra,77653,http://o+\.clPIgq/w**,583
745,KCN-4740,BZV-1143,789 Oak Lane,12th Floor,Popova,,86321,http://I+\.NzP/.**,309
746,LGD-5077,TFJ-5930,321 Maple Drive,Apt 864,Libenge,,10898,https://A+\.nfAJ/t**,416
747,BWH-5042,EPN-5504,456 Elm Avenue,Room 112,Haunubenak,,95702,http://p+\.Qn/.**,562
748,HVS-3693,KPT-4664,789 Oak Lane,Room 937,Sade,,23526,http://4+\.eU/-**,854
749,RFZ-5556,AXR-4255,321 Maple Drive,7th Floor,Omaha,Nebraska,4132,https://.+\.qexBqU/9**,1
750,VFP-0541,BXL-1519,123 Main Street,Apt 159,Huabu,,54017,https://-+\.Ut/.**,312
751,RSC-2244,HSU-6382,321 Maple Drive,Room 1348,Gobojango,,54469,http://-+\.fsM/R**,294
752,HRJ-5692,DNX-2680,456 Elm Avenue,Apt 1236,Mitake,,64435,http://C+\.EO/U**,216
753,OVN-7876,AGT-4244,123 Main Street,Apt 1401,Linköping,Östergötland,8460,http://-+\.CujjRC/.**,441
754,PZR-4534,XNQ-9419,456 Elm Avenue,15th Floor,Greenland,,89566,https://.+\.qoP/1**,805
755,ZVJ-2437,IXJ-9593,456 Elm Avenue,Room 619,Lingbei,,70359,http://W+\.rEV/.**,594
756,JPJ-2573,XIM-4743,789 Oak Lane,Suite 5,Or Yehuda,,86253,https://.+\.zW/.**,622
757,WKY-1158,XHB-0568,123 Main Street,PO Box 40298,Сарај,,28696,https://.+\.oopkgR/T**,671
758,FNU-4581,ODB-1095,987 Pine Road,Apt 1824,Gevgelija,,83490,http://p+\.ZeEVUR/-**,330
759,CLI-7244,GEM-6019,456 Elm Avenue,Apt 1551,Höshööt,,90776,https://.+\.oqnD/-**,477
760,LNL-8025,DGV-7076,987 Pine Road,Room 1282,Cruzeiro,,26170,https://b+\.wbHPH/i**,453
761,UCG-9135,CKG-4712,987 Pine Road,PO Box 2895,Auch,Midi-Pyrénées,20060,http://.+\.mdK/H**,453
762,FGK-6729,TBX-8353,321 Maple Drive,PO Box 35267,Tongyang,,13406,https://5+\.sVcPL/-**,692
763,AYU-1179,ORJ-6027,123 Main Street,PO Box 21253,Sanlicheng,,97059,http://-+\.dJEd/3**,219
764,FRW-9081,DFD-1747,987 Pine Road,PO Box 62749,Vinha,Porto,46585,https://-+\.mG/-**,524
765,GIG-2557,DSV-7166,321 Maple Drive,Suite 88,Yamoussoukro,,92812,http://.+\.Xpf/-**,485
766,IAT-4728,IOG-1255,789 Oak Lane,Suite 89,Puncan,,34483,http://7+\.QQu/h**,813
767,EKS-3729,POT-8365,321 Maple Drive,Suite 83,San Salvador,,72430,https://-+\.ekX/C**,923
768,AVS-2068,GTT-3652,456 Elm Avenue,Room 1133,Oranjestad,,83014,http://1+\.AE/N**,983
769,KUF-4076,MVE-5504,987 Pine Road,Suite 81,Turirejo,,81429,http://R+\.RGOz/w**,816
770,NHH-0470,POP-1271,987 Pine Road,4th Floor,Ngujung,,29841,http://e+\.qm/P**,754
771,CET-5290,VAP-5144,789 Oak Lane,Room 1417,Ganyi,,97916,http://0+\.Mrvki/9**,174
772,JGI-0402,WEK-2693,321 Maple Drive,12th Floor,Minato,,92028,http://.+\.REvZD/E**,675
773,ZYI-6849,DDP-3069,456 Elm Avenue,Apt 1687,Cibeuti,,58166,http://.+\.KN/r**,87
774,SCP-6041,BII-5727,321 Maple Drive,Room 279,Banjar,,71312,https://-+\.Xwt/.**,291
775,PCV-6051,PXK-6237,123 Main Street,PO Box 89859,Xinxu,,97903,https://3+\.df/p**,528
776,HMC-7253,XDK-1095,789 Oak Lane,7th Floor,Alvaro Obregon,Puebla,37207,http://-+\.CczvCv/7**,680
777,BHO-5794,UKD-7441,123 Main Street,15th Floor,Pécs,Baranya,6296,http://g+\.fdiNbt/-**,649
778,VCJ-8672,FBB-7622,987 Pine Road,Room 1429,Eastern Suburbs Mc,New South Wales,34151,https://-+\.EHQP/-**,635
779,SAB-0709,MLH-7377,321 Maple Drive,PO Box 28026,Yanmenkou,,75503,http://t+\.AdkR/.**,344
780,ACV-4587,RRE-2968,456 Elm Avenue,Apt 133,Breda,Provincie Noord-Brabant,70991,http://4+\.PfaM/.**,96
781,NVP-1835,GFX-4353,789 Oak Lane,Apt 989,Victoria,,47842,http://5+\.Rj/k**,839
782,BKU-8309,RBF-4433,123 Main Street,Suite 40,Langley,England,87564,http://-+\.JCDuxK/3**,975
783,DCV-8006,FFT-0957,123 Main Street,Apt 355,Banag,,87275,http://d+\.eji/r**,770
784,IBI-4985,OPN-1346,321 Maple Drive,Suite 67,Opařany,,68496,http://8+\.XWk/6**,241
785,ONY-1406,ABW-3048,987 Pine Road,Suite 41,Rzeczenica,,51366,https://1+\.BH/-**,689
786,RLU-7631,DWD-3931,456 Elm Avenue,1st Floor,Jombang,,83314,https://.+\.Lw/2**,318
787,IJX-6848,AIU-8159,789 Oak Lane,17th Floor,Oliveira de Baixo,Viseu,53340,http://-+\.OyiunC/-**,231
788,UMS-8096,YTB-6625,987 Pine Road,8th Floor,Tangjiapo,,34585,https://v+\.Ol/Q**,826
789,PUC-3132,WLQ-3759,456 Elm Avenue,Suite 13,Beizheng,,97716,http://c+\.IQxVoh/f**,204
790,GXD-5286,WGE-7561,789 Oak Lane,6th Floor,La Loma,Jalisco,52734,https://q+\.ALfE/-**,151
791,JTB-6586,CMR-5274,321 Maple Drive,Suite 91,Tabalosos,,85277,http://k+\.ijb/G**,26
792,XIV-0913,JDI-6482,456 Elm Avenue,4th Floor,Buyant,,83657,https://c+\.Bw/.**,48
793,XGZ-2655,BYU-4919,789 Oak Lane,Room 1718,Tharyarwady,,91110,https://-+\.zGl/7**,251
794,WQJ-9545,OXA-3606,123 Main Street,Suite 35,Boden,Norrbotten,99308,https://j+\.ox/-**,487
795,MZO-2261,CKM-3132,987 Pine Road,Room 679,Fontem,,14034,https://k+\.KqbORp/.**,626
796,QDS-6327,CEL-9323,123 Main Street,2nd Floor,Barroso,,41720,https://6+\.Jx/L**,871
797,IDA-5543,RXN-6316,987 Pine Road,7th Floor,P’rimorsk’oe,,13038,http://K+\.szUWK/k**,787
798,BGX-1530,ANU-7847,987 Pine Road,PO Box 73330,Sarandi,,81643,http://z+\.LKOK/.**,75
799,VQM-2044,MQE-0205,123 Main Street,18th Floor,Oumé,,83763,http://.+\.igm/v**,467
800,KMJ-0232,DSH-8030,456 Elm Avenue,Apt 276,Kamloops,British Columbia,41818,https://8+\.gvQ/d**,425
801,MQV-1900,EQY-2068,123 Main Street,PO Box 93489,Rybnik,,83908,http://.+\.lMD/W**,908
802,LRU-4332,MHV-4807,321 Maple Drive,Apt 1431,Próchoma,,11282,https://p+\.Texo/8**,645
803,MNS-4209,HOQ-2493,123 Main Street,12th Floor,Oakland,California,72398,http://-+\.SSpY/0**,590
804,ECC-7566,IVT-9689,321 Maple Drive,Apt 1190,Nouakchott,,65616,https://E+\.jVvZL/4**,200
805,ZWU-4749,KQD-7193,456 Elm Avenue,PO Box 87677,Esil,,46899,https://5+\.qZ/0**,736
806,BYS-3610,QTW-3345,456 Elm Avenue,Room 1255,Al Mazzūnah,,56552,http://.+\.wMcEmg/.**,714
807,KIK-7391,ODP-5378,123 Main Street,Room 12,Zaragoza,,16742,http://.+\.pcQjep/.**,394
808,EWD-2089,HRO-9469,321 Maple Drive,Suite 64,Shiziqiao,,3564,http://X+\.YU/6**,507
809,HTK-6770,YFN-3224,789 Oak Lane,6th Floor,Linton,England,85248,https://-+\.FeT/.**,410
810,ZAN-2654,GDI-3089,321 Maple Drive,Suite 26,Sruki,,85764,https://F+\.ss/0**,250
811,THQ-9879,HHC-3763,456 Elm Avenue,PO Box 6657,Tvrdonice,,7123,https://-+\.SX/i**,152
812,ZVS-2531,YXS-8591,987 Pine Road,Suite 22,Mingyue,,71183,https://.+\.iN/P**,672
813,VOQ-9490,IJY-3127,456 Elm Avenue,PO Box 9844,Alvalade,Setúbal,14270,http://-+\.LrBjvk/-**,705
814,CYM-2128,EEQ-9729,321 Maple Drive,Suite 43,Bangekdewa,,14026,http://-+\.omM/7**,6
815,EBP-1846,DAP-5433,123 Main Street,4th Floor,San Pedro de Macorís,,48707,https://3+\.pEKE/.**,915
816,AYG-3300,JPO-2443,987 Pine Road,PO Box 2980,Covão da Carvalha,Leiria,61066,https://z+\.qWv/G**,769
817,BOC-3337,HUX-9248,123 Main Street,Apt 387,Mabini,,65730,https://0+\.vol/7**,882
818,PJF-1237,JTC-4502,789 Oak Lane,Apt 1957,Sacramento,California,78106,https://-+\.QBsRHR/.**,789
819,UXD-3955,QKU-9575,456 Elm Avenue,PO Box 57810,Umeå,Västerbotten,44259,http://C+\.whPhLe/5**,907
820,BQT-1180,FLL-4753,321 Maple Drive,1st Floor,Juli,,21504,http://y+\.fGuY/9**,110
821,EGV-8948,ICS-2748,789 Oak Lane,Room 397,Ajaccio,Corse,2844,http://U+\.HxQ/m**,798
822,SWE-7803,TSP-6935,789 Oak Lane,Suite 96,Bomadi,,67530,https://1+\.ynDyuX/H**,436
823,MAR-6268,CYO-1086,123 Main Street,PO Box 73830,Auxerre,Bourgogne,63037,https://7+\.QQL/3**,225
824,MXI-0249,CBQ-9510,789 Oak Lane,Suite 56,Banjar Pande,,8268,https://.+\.tgQ/-**,181
825,VLE-9145,XAI-7882,987 Pine Road,Suite 17,Yurino,,39829,https://.+\.Kk/0**,824
826,ADI-1522,GYW-5686,987 Pine Road,Apt 1523,Västerås,Västmanland,87793,https://-+\.iE/r**,981
827,EZY-8692,BFR-5841,789 Oak Lane,Suite 10,Langtou,,77830,http://.+\.pcPO/.**,713
828,AST-2532,PAR-6669,123 Main Street,Apt 1868,Sanyantang,,27163,https://1+\.eAMZvu/-**,531
829,RYG-3886,JXN-7819,123 Main Street,9th Floor,Comrat,,25497,https://9+\.pTD/3**,476
830,ACA-2955,SNR-4693,456 Elm Avenue,17th Floor,Ourinhos,,33280,https://-+\.tWWbp/.**,52
831,QJD-0622,ZOY-5574,321 Maple Drive,2nd Floor,Mayantoc,,68129,http://Q+\.ZB/t**,571
832,ZWT-8359,MRY-8430,123 Main Street,19th Floor,Andradina,,86093,https://0+\.ih/-**,256
833,XMV-4599,VEZ-7499,987 Pine Road,PO Box 23341,Pining,,56623,https://-+\.KenIlo/5**,940
834,EKG-9956,LRE-1650,456 Elm Avenue,Apt 813,Wenquan,,40185,http://K+\.tVXiXM/-**,869
835,JUK-9139,MQQ-9790,321 Maple Drive,3rd Floor,Cortes,Leiria,74427,http://x+\.yu/-**,125
836,BSN-3295,IKT-1325,456 Elm Avenue,PO Box 15823,Pita,,88713,http://k+\.eKh/F**,468
837,VYL-5338,WCI-2455,987 Pine Road,Apt 1516,Daultāla,,62503,http://n+\.SOTcl/4**,137
838,RWI-5571,MPZ-8967,789 Oak Lane,19th Floor,Poitiers,Poitou-Charentes,14377,http://l+\.ib/-**,821
839,CCT-2961,HTF-4167,456 Elm Avenue,Room 1075,Dali,,99936,http://-+\.xruM/-**,476
840,SDS-2078,TKD-6176,456 Elm Avenue,Room 1257,Usarin,,6107,https://1+\.HUMp/-**,684
841,XYB-2677,VGF-2055,789 Oak Lane,16th Floor,Karangsono,,3935,http://-+\.frBNh/.**,544
842,DTT-6925,GIZ-8703,456 Elm Avenue,Suite 24,Osielsko,,19905,https://0+\.VOD/N**,573
843,ZCW-2606,CFR-1926,789 Oak Lane,Room 1675,Wudangshan,,4766,https://9+\.zsgkM/l**,610
844,ZAE-4789,KES-3124,789 Oak Lane,Suite 33,Brangsi,,48171,http://n+\.aZGG/0**,325
845,GEN-5772,IDJ-5888,789 Oak Lane,Room 787,Manzanillo,,36744,https://P+\.QNx/h**,973
846,YUD-7972,IUJ-4204,123 Main Street,Room 868,Žabljak,,25294,http://-+\.yeYcVH/u**,774
847,EAG-6053,QNW-2600,987 Pine Road,11th Floor,Ramos,,65716,https://u+\.tQ/l**,913
848,APF-1082,VOY-6794,987 Pine Road,Apt 481,Laotai,,28592,https://q+\.csnY/.**,454
849,TDH-7209,YYK-7854,321 Maple Drive,Apt 1361,Jevíčko,,37280,https://.+\.eHN/.**,628
850,OBS-8480,ABR-1539,789 Oak Lane,Apt 886,Stuttgart,Baden-Württemberg,57917,http://8+\.VvY/-**,835
851,HSD-3593,NWR-9616,987 Pine Road,PO Box 65329,Pedro García,,24650,http://-+\.Di/-**,737
852,ZHI-4053,HIO-1912,123 Main Street,Room 1099,Lopandino,,39571,https://2+\.rUBZL/-**,914
853,ECT-5087,MKA-2083,456 Elm Avenue,Apt 972,Castanheiro do Sul,Viseu,82508,http://-+\.tF/.**,517
854,UFD-4293,OGR-3708,789 Oak Lane,Room 384,Boršice,,23412,http://-+\.GBB/.**,437
855,YAV-9571,FPR-6118,456 Elm Avenue,Suite 44,Bugis,,61736,http://1+\.lZQh/Y**,851
856,UWG-3560,RHL-6765,456 Elm Avenue,Suite 23,Youdian,,84895,http://i+\.ExnMun/U**,929
857,FGM-5434,KCO-2034,321 Maple Drive,PO Box 46649,Nanjia,,80930,https://0+\.oOWnvk/V**,562
858,KWW-0928,HYW-4726,456 Elm Avenue,18th Floor,Santa Clara,,25503,http://8+\.vmtPs/-**,457
859,PCZ-9375,EXM-5419,123 Main Street,Room 1491,Neqāb,,13055,http://S+\.FerDF/g**,919
860,CUM-3081,WEC-8903,456 Elm Avenue,4th Floor,Chabu,,16948,https://w+\.Eqzg/H**,163
861,SKQ-7848,KOT-4906,987 Pine Road,Room 460,Sitularang Landeuh,,14864,https://.+\.yDpak/H**,762
862,MVU-1931,UEW-7453,987 Pine Road,12th Floor,Pyrgetós,,77723,https://5+\.tgyqf/H**,883
863,EMH-4184,PIE-1606,456 Elm Avenue,Suite 73,Verbivka,,40895,http://-+\.mLW/G**,487
864,IYH-3906,NER-1040,456 Elm Avenue,Suite 79,Lundazi,,28120,http://E+\.oNx/Q**,461
865,OBI-9168,RKZ-3638,321 Maple Drive,Suite 73,Sumuragung,,79214,http://-+\.VN/.**,266
866,DXE-9353,ZVM-4063,456 Elm Avenue,Room 1385,Linköping,Östergötland,43646,http://O+\.dgjXFe/.**,770
867,IHI-4322,LSY-4349,987 Pine Road,12th Floor,Huangling,,37227,http://5+\.MzR/4**,254
868,VIZ-9955,MOT-9781,456 Elm Avenue,Suite 45,Centenary,,74542,http://6+\.zhXLOS/-**,861
869,KLQ-1641,PWH-6265,456 Elm Avenue,Room 794,Morteros,,68145,http://M+\.XxEd/I**,653
870,XZY-0768,NFX-9580,456 Elm Avenue,Room 391,Sabhā,,38154,https://H+\.Kqo/G**,284
871,SVA-9497,PIF-8455,987 Pine Road,Suite 40,Norton,England,30826,http://p+\.bh/f**,785
872,WXX-0345,OMO-9308,321 Maple Drive,7th Floor,Maebaru,,95857,http://g+\.Uq/2**,797
873,BUZ-0881,KWD-9560,456 Elm Avenue,PO Box 98339,Usulután,,65307,http://2+\.CJe/4**,534
874,DPI-2813,TLY-0999,456 Elm Avenue,Suite 19,Espinillo,,98970,http://5+\.MQsSX/.**,497
875,SGT-1236,MOS-9526,456 Elm Avenue,Suite 2,Nuuk,,76597,http://1+\.tDfoS/.**,642
876,OTE-2967,AAO-5856,987 Pine Road,12th Floor,Sruki,,9922,https://k+\.BrIM/e**,245
877,KAL-0797,SOS-1897,123 Main Street,PO Box 25483,Padangtikar,,12203,http://F+\.AmPcE/4**,282
878,BZI-6589,MHL-4298,456 Elm Avenue,PO Box 50992,Novyye Cherëmushki,,12605,http://5+\.Nw/F**,451
879,MSV-8976,VCB-1259,456 Elm Avenue,PO Box 51233,Tola,,44598,http://9+\.DAw/1**,80
880,FXB-5558,HKP-4152,789 Oak Lane,Room 1960,Predavac,,26822,https://.+\.WcWukW/2**,731
881,BXB-3637,HLV-2194,987 Pine Road,7th Floor,Cabucgayan,,34090,https://I+\.GpFq/.**,293
882,XQY-3903,WYJ-4841,123 Main Street,PO Box 40792,Yinji,,46960,http://.+\.NSp/.**,241
883,UNY-1930,PTG-4221,123 Main Street,Apt 1317,Biga,,86554,http://1+\.HrJ/v**,279
884,BCW-3018,GFB-8763,123 Main Street,PO Box 82885,Baishan,,48711,http://-+\.CbRAUJ/-**,344
885,IMR-0891,BXA-4624,123 Main Street,Suite 90,Jieznas,,40318,https://b+\.Ewya/-**,328
886,XAZ-2877,BMB-7435,321 Maple Drive,Suite 18,Wieczfnia Kościelna,,8072,https://P+\.HLztr/Z**,915
887,WWM-6487,KQH-8452,987 Pine Road,19th Floor,Airmadidi,,53362,https://Z+\.aqM/-**,554
888,RMC-2981,GWW-3792,321 Maple Drive,Apt 1196,Czechowice-Dziedzice,,90988,http://-+\.sfUdb/-**,83
889,YCT-9471,VMV-6108,789 Oak Lane,PO Box 71009,Pasacao,,67501,http://1+\.Vf/0**,142
890,NBM-8497,EZT-3864,987 Pine Road,Room 379,Jiashan,,22113,http://.+\.pNA/v**,155
891,LPR-4240,AXB-0442,321 Maple Drive,Suite 83,Mogilany,,75246,https://2+\.nVYxZb/s**,237
892,TBX-4181,FJN-6273,321 Maple Drive,13th Floor,Babat,,59562,https://-+\.FdP/.**,393
893,WQE-9658,YPB-3012,789 Oak Lane,Suite 55,Plettenberg Bay,,96218,https://-+\.OC/-**,711
894,RXG-1154,VFT-1430,123 Main Street,Room 363,Virbalis,,70455,http://-+\.gcTxNz/l**,157
895,BTI-4096,RJO-3857,321 Maple Drive,Room 1262,Sumberkenanga,,22366,https://5+\.iVhy/g**,724
896,JQN-0819,EJF-6330,123 Main Street,Apt 1727,Welchman Hall,,7470,https://-+\.SibO/.**,220
897,QCH-6202,BDA-8981,321 Maple Drive,Suite 41,Eskilstuna,Södermanland,60693,http://-+\.uoGiqB/8**,66
898,APJ-1126,AFR-9909,789 Oak Lane,PO Box 40769,Marugame,,43051,http://-+\.Xa/-**,425
899,NAI-3353,DQX-0834,987 Pine Road,19th Floor,Ganlin,,24242,https://O+\.acIEAu/.**,418
900,LAV-1215,QTW-7950,456 Elm Avenue,Room 1838,Saint-Jean-de-Monts,Pays de la Loire,28108,https://.+\.vZcKt/.**,339
901,JYH-4560,VMC-3062,789 Oak Lane,PO Box 4711,Malummaduri,,61438,http://-+\.CfuRO/d**,556
902,BJJ-8293,BGA-1948,123 Main Street,Room 1975,Zhongzi,,93771,https://.+\.yYWi/F**,478
903,SOC-6662,CDZ-5267,321 Maple Drive,Suite 29,Gīdolē,,6927,http://-+\.kTvK/f**,426
904,IVW-7397,XLE-7026,456 Elm Avenue,Suite 57,5 de Mayo,Veracruz Llave,78528,https://S+\.gxkLYk/-**,64
905,XPG-7503,SLE-0923,456 Elm Avenue,Apt 1217,Makumbako,,2468,https://u+\.RSvyz/0**,212
906,IJM-3909,HFG-2140,789 Oak Lane,14th Floor,Mokil,,33681,https://y+\.KZZP/3**,853
907,YUC-4468,PLM-5957,789 Oak Lane,2nd Floor,Jeffrey’s Bay,,43092,http://q+\.hCRvte/3**,431
908,LJR-4656,ATP-8197,987 Pine Road,Suite 33,Anjepy,,58620,http://.+\.BdG/-**,399
909,TEU-8671,LRC-7030,123 Main Street,1st Floor,Houjie,,23992,http://4+\.Zgn/-**,927
910,PVZ-4023,AFC-1378,789 Oak Lane,Apt 1909,Mashiko,,46903,https://y+\.hFro/.**,789
911,BDM-1018,ZHW-5407,123 Main Street,PO Box 62647,Pniewy,,58580,https://L+\.lj/H**,599
912,LEC-4427,SYT-6301,987 Pine Road,Suite 26,Oudtshoorn,,79691,https://.+\.QFskMB/I**,969
913,JRM-3575,IAU-2250,987 Pine Road,Room 321,Donghuang,,17313,http://.+\.NJ/7**,713
914,EAF-8951,FCK-2774,456 Elm Avenue,PO Box 90620,San Francisco,,81477,https://-+\.tjxVp/.**,21
915,ALO-8396,UPU-6353,123 Main Street,Room 743,Penamacor,Castelo Branco,90944,http://.+\.SGVip/y**,878
916,QTT-5693,YZJ-3328,456 Elm Avenue,Suite 10,Padaan,,7282,https://0+\.NPmg/w**,902
917,MNI-4171,PEJ-0933,456 Elm Avenue,PO Box 38988,Rostokino,,46666,https://D+\.uiQa/-**,784
918,YTM-9134,BWJ-3382,456 Elm Avenue,PO Box 10727,Le Lamentin,Martinique,34900,http://.+\.iWjzd/t**,590
919,PFP-4878,QEH-0162,456 Elm Avenue,Room 1698,Garko,,31073,http://1+\.Jrm/o**,390
920,DWE-2156,KNH-5691,456 Elm Avenue,Apt 277,Mochishche,,82629,http://r+\.nkcig/y**,489
921,LXB-1362,YLZ-3931,456 Elm Avenue,Apt 425,Shache,,66585,http://6+\.lJJGUr/2**,7
922,YQC-9214,DBA-8023,321 Maple Drive,14th Floor,Peremyshl’,,84318,http://6+\.kwL/u**,966
923,COG-9485,YLK-8420,789 Oak Lane,20th Floor,Saratamata,,99350,http://4+\.tK/n**,361
924,CGR-4453,SPR-5652,789 Oak Lane,Room 1436,Plettenberg Bay,,14713,http://m+\.ZxSdq/6**,306
925,HKI-3124,JXQ-6265,456 Elm Avenue,Apt 1890,Yanliang,,97366,https://C+\.Rfi/c**,772
926,ADM-0991,CZM-6203,789 Oak Lane,Apt 1346,Arauquita,,65966,https://-+\.JmLj/.**,400
927,PFP-1198,DHF-6502,789 Oak Lane,Room 1647,Kastav,,96694,https://4+\.ACn/-**,874
928,ZVQ-1460,VTN-0376,456 Elm Avenue,PO Box 42347,Budapest,Budapest,23264,http://7+\.nAK/-**,914
929,SYP-5283,UUS-2018,789 Oak Lane,PO Box 44558,Río Cauto,,57573,http://x+\.rQUWH/.**,977
930,CDR-4104,ZAG-9014,123 Main Street,10th Floor,Al Hoceïma,,56025,https://6+\.mz/1**,856
931,PZJ-7968,TBZ-4601,321 Maple Drive,Apt 52,Cidamar,,49418,https://h+\.qdUmA/.**,430
932,JCR-1949,GIU-8609,123 Main Street,PO Box 79516,Khirdalan,,74171,https://2+\.fL/.**,552
933,MJR-2939,GKM-7724,456 Elm Avenue,8th Floor,Zhubei,,52727,https://-+\.acPWaE/-**,766
934,ZDL-7459,FXS-8132,987 Pine Road,PO Box 87908,Zakroczym,,82038,https://p+\.qOK/J**,753
935,VQJ-7216,JTX-3952,987 Pine Road,Room 1387,Yanhong,,68616,http://1+\.YJ/Q**,560
936,MFP-8993,WXV-6861,123 Main Street,Room 1348,Barcelona,Cataluna,98730,https://.+\.UY/P**,820
937,TBI-6546,PCZ-3834,123 Main Street,Apt 1156,Kedungcangkring,,45304,https://r+\.UZ/.**,618
938,RWW-1256,NGX-6562,123 Main Street,Room 1662,Energeticheskiy,,40279,https://Y+\.PTA/.**,920
939,QOT-3167,ABI-3769,321 Maple Drive,Suite 77,El Paso,Texas,21521,https://U+\.pv/8**,226
940,ONI-3115,KED-2165,123 Main Street,Apt 493,Uppsala,Uppsala,76220,http://8+\.plr/.**,500
941,GEK-2523,EVM-0742,456 Elm Avenue,Room 1714,Kruhlaye,,65344,https://-+\.mH/u**,225
942,HLH-0001,ZUS-2412,987 Pine Road,PO Box 12817,Vladimir,,8308,http://-+\.gk/o**,280
943,YRB-6995,DAB-4754,456 Elm Avenue,7th Floor,Cortiços,Porto,41637,https://V+\.xcVlA/e**,447
944,OIW-8511,PPC-6324,987 Pine Road,Apt 549,Tielou,,14658,https://f+\.XXI/j**,498
945,MBW-5980,VEK-2848,123 Main Street,19th Floor,Savannah,Georgia,2534,http://w+\.dlyBlN/.**,30
946,MTA-3203,CYD-3433,321 Maple Drive,PO Box 45610,P’rimorsk’oe,,34954,http://0+\.cUXL/3**,399
947,MGY-6518,QDI-3198,123 Main Street,PO Box 8552,Vilarinho,Coimbra,36451,http://6+\.NMhiuP/u**,345
948,ZTO-5466,AKF-5102,123 Main Street,Apt 856,Duyure,,42786,https://c+\.FjgtV/W**,685
949,VTN-6465,WVP-4979,123 Main Street,PO Box 13242,San Jacinto,,89047,http://9+\.Tewcic/.**,696
950,HKR-9821,BUC-4028,987 Pine Road,Apt 698,Osasco,,37266,http://h+\.icC/-**,818
951,WHU-0784,IWD-6670,456 Elm Avenue,Room 1849,Paclolo,,71963,https://-+\.neQf/-**,415
952,BTA-2798,KLU-1299,789 Oak Lane,18th Floor,Tsibulev,,88992,http://.+\.cJ/R**,742
953,EUS-1995,XNW-2288,987 Pine Road,Room 290,Mitake,,63008,https://3+\.EpY/j**,170
954,AOX-5625,GAL-2553,789 Oak Lane,PO Box 48917,Glyadyanskoye,,31770,http://R+\.uxCEv/.**,861
955,OXL-6288,SDJ-6083,456 Elm Avenue,Room 981,Xianyang,,68983,http://9+\.zzBK/9**,479
956,FTD-1887,UYE-8330,456 Elm Avenue,Apt 281,Si Satchanalai,,84357,http://.+\.LU/G**,942
957,BRM-7555,MSM-5257,321 Maple Drive,Apt 834,Tepusteca,,34221,https://Q+\.RkG/-**,131
958,OQA-2746,UGF-4077,456 Elm Avenue,Apt 1974,Kraczkowa,,32734,https://-+\.xkanOu/3**,638
959,JAO-7892,BXF-0620,987 Pine Road,20th Floor,Changxing,,69062,https://W+\.Kqt/-**,547
960,STO-2526,SVM-2901,987 Pine Road,Suite 28,Kallithéa,,98235,https://.+\.PqtkE/-**,28
961,UKZ-1056,HLQ-9148,123 Main Street,Room 514,Il’inskiy,,72988,http://-+\.IfoQ/-**,929
962,WTH-5832,OTL-1934,321 Maple Drive,17th Floor,Iwade,,17877,https://-+\.OdxWUb/6**,404
963,EQI-0169,UIE-5824,987 Pine Road,Suite 12,Ţawr al Bāḩah,,93342,https://.+\.cH/1**,607
964,KVU-9093,VCE-9034,321 Maple Drive,18th Floor,Waddān,,60826,https://j+\.IjeL/K**,578
965,SGW-8290,MZA-7313,987 Pine Road,Suite 18,Farasān,,95392,http://.+\.uS/J**,679
966,KVH-4918,TWX-3131,456 Elm Avenue,Room 958,Rentian,,40661,https://-+\.Vq/o**,28
967,NYU-9793,AFH-7375,456 Elm Avenue,Room 1094,Hane,,75572,https://g+\.aMyfZ/y**,86
968,ODO-3383,LZM-4215,456 Elm Avenue,Room 1043,Villa Urquiza,,52078,https://A+\.VS/5**,659
969,VIA-0583,IRF-6157,123 Main Street,Room 138,Ganyesa,,71741,http://V+\.Mf/2**,439
970,QME-4776,ECC-4686,321 Maple Drive,13th Floor,Shkurinskaya,,50703,https://-+\.mXZt/7**,139
971,INN-1689,UUI-5300,123 Main Street,PO Box 70141,Dalmeny,Saskatchewan,20475,http://I+\.rHcORf/-**,888
972,DLY-9465,XYJ-7914,456 Elm Avenue,Suite 88,Hyères,Provence-Alpes-Côte d'Azur,11937,http://L+\.jdpEM/-**,473
973,JFU-1759,NLG-4108,789 Oak Lane,Room 271,Oranzherei,,41913,https://9+\.KAPYFY/j**,187
974,KZW-2377,NHR-3785,321 Maple Drive,Room 1876,Puhechang,,66669,http://.+\.iXdH/-**,52
975,QYS-3103,VLY-9817,789 Oak Lane,Room 1640,Gampang,,7169,https://.+\.FwWc/.**,267
976,YEA-6629,JHO-8442,987 Pine Road,Room 1924,Krosno,,43643,http://m+\.voGHbt/K**,389
977,YOO-2590,XHU-6416,987 Pine Road,PO Box 22218,Kuala Terengganu,Terengganu,63957,https://o+\.dvqg/-**,336
978,GDC-3351,BUW-5507,789 Oak Lane,15th Floor,Aniso,,6678,https://1+\.arZCvN/f**,217
979,ERM-2860,AVZ-8590,456 Elm Avenue,Suite 27,Camargo,,32397,https://-+\.vj/-**,466
980,GFG-7808,NHA-0766,456 Elm Avenue,Suite 76,Rancapanjang,,27327,https://-+\.kRa/-**,335
981,DQO-2393,RFA-9672,321 Maple Drive,PO Box 27777,Wola Rębkowska,,98933,https://5+\.mgbL/C**,346
982,FWX-2423,RAM-9620,456 Elm Avenue,Apt 760,Al Ghizlānīyah,,14388,http://7+\.rJIi/s**,780
983,BTX-8179,REK-7668,321 Maple Drive,10th Floor,Gaula,Ilha da Madeira,53916,http://k+\.UCuQQ/-**,901
984,PVN-7106,QOI-0166,987 Pine Road,Suite 28,Sagopshi,,70489,https://.+\.fta/g**,389
985,XMJ-6153,RPZ-9984,789 Oak Lane,18th Floor,Vuhlehirs’k,,60552,https://l+\.FvLxKw/8**,285
986,RPA-6404,NSK-9259,456 Elm Avenue,Apt 35,Thanh Chương,,19797,http://-+\.JNfGgL/8**,771
987,SQB-6439,QFF-5258,123 Main Street,Suite 58,Quinarayan,,8102,https://r+\.RA/-**,975
988,ISH-6009,YVW-9672,123 Main Street,Suite 26,Liboran,,31874,https://-+\.yex/-**,852
989,KKY-4420,NVF-8004,987 Pine Road,Room 1606,Nila Dua,,18686,http://-+\.xkOn/.**,432
990,EYB-5952,NUV-1337,789 Oak Lane,18th Floor,Isehara,,51778,http://-+\.byyzeV/B**,259
991,EFH-4342,VGW-1587,987 Pine Road,Room 866,Aiguo,,23188,http://W+\.dww/X**,855
992,QBC-4681,QGA-6734,123 Main Street,Room 739,Gadingrejo,,71503,http://.+\.ind/3**,84
993,HVF-3231,HBB-6024,789 Oak Lane,Suite 61,Yaoundé,,71283,https://.+\.SUJg/L**,482
994,DKF-5989,BSB-9239,789 Oak Lane,PO Box 29585,Myadzyel,,31717,https://-+\.NbbQ/.**,20
995,BSM-3018,JDM-4539,789 Oak Lane,Room 91,Novosil’,,58050,http://.+\.yzBCY/8**,768
996,PRD-4439,SEO-7303,321 Maple Drive,Suite 40,Long’an Chengxiangzhen,,88420,http://-+\.xcFsjx/-**,553
997,TFQ-3912,TDI-3386,321 Maple Drive,Apt 1684,Calango,,54113,http://e+\.OVMs/y**,54
998,SEE-9935,HPT-5692,123 Main Street,PO Box 69707,Krasnogorskoye,,14326,https://I+\.FYp/-**,975
999,SPG-7998,BXE-5772,123 Main Street,Apt 970,Huadian,,66875,https://.+\.SErS/-**,359
1000,CDB-2542,RPZ-6704,456 Elm Avenue,PO Box 81586,Carapo,,12117,https://m+\.DD/-**,230
