RelationshipType,StartDate,BillingFrequency,SpecificationCode,AccountType,Account_id,BillingAccount_id
secondary,7/7/2023,daily,GAO-667-DG,Checking,224,666
primary,9/9/2023,weekly,STQ-642-XP,Credit,239,71
secondary,11/11/2023,monthly,DQQ-312-YV,Credit,518,800
billing,9/13/2023,daily,MIV-660-DK,Savings,617,981
primary,10/20/2023,daily,VCX-994-TP,Checking,28,668
billing,4/7/2023,yearly,IES-942-AH,Credit,575,42
billing,2/12/2023,weekly,PHN-405-HK,Investment,204,773
primary,4/30/2023,yearly,JYE-888-QS,Checking,734,32
secondary,7/9/2023,quarterly,HBQ-014-TB,Credit,666,973
primary,12/4/2022,monthly,WPF-326-RE,Credit,719,254
billing,12/10/2022,weekly,UXE-251-VO,Savings,559,205
primary,8/30/2023,yearly,TVC-480-PP,Savings,430,860
billing,3/29/2023,daily,ROO-520-YR,Credit,226,21
billing,5/20/2023,daily,OJA-811-VQ,Savings,460,637
primary,6/12/2023,yearly,OZK-997-ZG,Credit,604,157
secondary,2/5/2023,monthly,XVE-560-MW,Investment,285,245
joint,6/26/2023,yearly,OPI-002-BL,Savings,829,130
secondary,9/25/2023,monthly,OCA-728-HB,Savings,891,485
secondary,7/24/2023,monthly,JBB-111-UN,Checking,7,686
secondary,8/25/2023,weekly,KCU-358-NR,Savings,778,118
billing,12/24/2022,quarterly,EUF-869-LJ,Checking,826,578
billing,12/1/2022,daily,STT-888-MZ,Credit,164,971
joint,8/29/2023,quarterly,YYC-839-JI,Checking,715,224
secondary,8/14/2023,yearly,DBP-915-AQ,Credit,433,477
primary,5/5/2023,monthly,IGJ-412-XJ,Credit,349,717
billing,3/22/2023,monthly,PJC-787-WS,Savings,285,263
primary,8/4/2023,quarterly,ACQ-415-FV,Checking,160,786
primary,10/23/2023,weekly,GPG-892-UA,Credit,221,378
secondary,1/11/2023,monthly,BBP-986-ML,Savings,981,172
billing,8/9/2023,yearly,NFR-801-OU,Credit,782,621
billing,10/3/2023,yearly,NXU-175-TI,Savings,345,622
primary,2/9/2023,daily,PXN-224-UW,Credit,105,987
joint,6/29/2023,weekly,JQX-063-BP,Checking,95,766
primary,7/7/2023,weekly,QNU-682-GF,Investment,390,736
primary,7/9/2023,yearly,XMT-567-UX,Checking,100,118
primary,3/30/2023,yearly,AUE-171-MF,Credit,368,797
billing,3/21/2023,yearly,VVE-650-SV,Savings,868,839
secondary,8/28/2023,daily,VMP-605-NE,Checking,353,168
billing,6/18/2023,weekly,GAQ-132-CI,Checking,619,988
secondary,8/28/2023,monthly,PJT-959-QR,Checking,271,319
primary,9/26/2023,weekly,EVO-747-PD,Savings,827,111
secondary,7/25/2023,monthly,VCR-051-EB,Credit,45,593
billing,5/3/2023,monthly,YTC-220-BG,Credit,748,27
primary,10/26/2023,monthly,RHK-445-MR,Savings,471,952
joint,8/15/2023,daily,HRT-532-JZ,Checking,550,320
joint,8/9/2023,monthly,JHX-518-KD,Checking,128,590
joint,8/15/2023,monthly,NPS-798-MT,Credit,997,694
joint,2/16/2023,weekly,TFL-922-TR,Investment,945,930
secondary,8/31/2023,yearly,JAP-902-WD,Credit,388,982
billing,2/3/2023,quarterly,XNN-061-CM,Credit,81,385
secondary,5/29/2023,yearly,TAU-810-IZ,Investment,566,407
secondary,7/20/2023,monthly,DEV-530-CU,Credit,301,965
secondary,6/1/2023,daily,HCA-878-IX,Investment,850,733
billing,9/22/2023,monthly,CCJ-774-UP,Investment,644,204
primary,10/11/2023,quarterly,NWP-896-KS,Credit,634,78
billing,11/1/2023,daily,LJX-290-IH,Credit,907,607
primary,1/4/2023,quarterly,YKD-878-UB,Checking,883,708
secondary,10/2/2023,yearly,IFR-614-VL,Checking,371,851
billing,1/23/2023,weekly,QJX-880-RJ,Savings,592,643
joint,2/12/2023,quarterly,GLZ-742-LL,Checking,197,249
secondary,1/20/2023,daily,ZON-598-UN,Credit,722,105
joint,10/24/2023,quarterly,QTX-714-JT,Credit,72,714
billing,6/29/2023,quarterly,IFV-489-JI,Credit,47,792
joint,10/12/2023,weekly,HUN-001-ZD,Investment,678,309
primary,3/26/2023,daily,DLS-744-WA,Checking,234,871
joint,12/16/2022,monthly,GHW-483-WS,Savings,792,701
primary,1/3/2023,quarterly,DEX-786-CX,Checking,297,615
primary,2/13/2023,monthly,RRJ-061-OU,Investment,82,825
billing,10/10/2023,weekly,TSS-541-RB,Checking,876,124
billing,1/15/2023,monthly,RHP-729-LZ,Checking,239,816
billing,11/10/2023,daily,XES-371-GO,Checking,888,580
joint,11/16/2022,weekly,FMK-169-TB,Credit,104,802
secondary,3/18/2023,weekly,RVQ-096-KS,Savings,390,43
secondary,3/4/2023,yearly,GPR-763-AQ,Savings,285,356
primary,7/26/2023,quarterly,BZH-637-EL,Investment,465,546
billing,3/24/2023,yearly,BNY-353-UO,Credit,651,439
secondary,2/6/2023,monthly,YOJ-538-JK,Credit,855,678
joint,11/8/2023,quarterly,YVM-993-KK,Savings,374,380
joint,8/13/2023,weekly,HWM-502-CE,Savings,167,71
billing,11/26/2022,yearly,VNP-545-DZ,Credit,380,519
secondary,7/19/2023,yearly,AAE-043-TP,Checking,364,664
primary,10/31/2023,daily,BGD-510-MJ,Investment,215,350
secondary,8/20/2023,yearly,NPR-179-AS,Checking,687,13
billing,9/17/2023,quarterly,TAH-294-BL,Savings,274,870
joint,8/31/2023,daily,YEB-221-UR,Savings,719,431
primary,10/17/2023,daily,HSR-885-VG,Checking,960,843
primary,7/17/2023,monthly,CZO-790-RM,Savings,700,502
joint,4/23/2023,quarterly,QWZ-240-KT,Checking,664,109
billing,6/17/2023,monthly,ZLU-605-HY,Investment,74,444
billing,4/14/2023,daily,IEG-267-SO,Savings,624,984
secondary,2/1/2023,monthly,AVO-314-WN,Savings,651,371
secondary,1/24/2023,monthly,VZA-466-KZ,Savings,176,651
joint,2/8/2023,weekly,OMP-614-VC,Checking,547,913
secondary,3/29/2023,daily,CGS-970-AZ,Investment,747,849
secondary,2/13/2023,daily,QUU-942-DT,Checking,251,471
joint,1/22/2023,weekly,ELD-537-YI,Investment,168,725
secondary,7/9/2023,yearly,WZP-111-MW,Credit,474,157
joint,5/27/2023,weekly,UOJ-631-CE,Savings,389,446
primary,1/23/2023,yearly,IGW-803-VG,Investment,277,181
joint,3/21/2023,yearly,UHH-128-OA,Checking,948,752
secondary,2/24/2023,weekly,RGD-999-FL,Investment,656,535
joint,7/30/2023,weekly,GZP-095-WK,Investment,705,989
joint,1/24/2023,daily,DXS-680-LZ,Credit,571,667
joint,7/31/2023,monthly,NSR-178-EU,Savings,225,277
primary,9/3/2023,monthly,YZK-540-RG,Credit,702,631
joint,6/2/2023,daily,ZZJ-560-AJ,Checking,333,828
joint,6/7/2023,daily,WSR-464-FO,Savings,864,942
secondary,5/12/2023,daily,LNX-565-AZ,Checking,787,552
secondary,9/28/2023,weekly,EGF-120-QV,Credit,795,794
billing,8/6/2023,quarterly,XVR-754-EN,Credit,58,496
primary,7/22/2023,monthly,VYK-436-FH,Savings,235,477
joint,7/9/2023,monthly,EIF-678-PO,Credit,842,447
joint,5/6/2023,yearly,RMF-432-BS,Checking,33,846
billing,8/10/2023,yearly,GTE-349-ET,Investment,825,749
secondary,2/15/2023,quarterly,OWI-552-SH,Investment,324,607
joint,1/6/2023,daily,LEU-874-MD,Savings,411,275
billing,6/15/2023,daily,HWE-875-DI,Checking,275,331
primary,4/12/2023,monthly,VNU-387-ZY,Credit,68,873
primary,6/25/2023,quarterly,BMW-294-IP,Credit,217,252
joint,9/17/2023,yearly,UVF-775-SB,Savings,936,851
billing,7/3/2023,weekly,XVU-871-YT,Checking,966,958
primary,12/12/2022,weekly,POK-358-EN,Checking,581,89
primary,4/3/2023,weekly,DAQ-381-HR,Investment,898,286
primary,4/5/2023,yearly,MUT-132-VZ,Checking,736,903
joint,2/14/2023,quarterly,DXB-031-ZD,Checking,323,462
secondary,6/1/2023,weekly,LXU-299-PI,Investment,218,250
secondary,6/7/2023,yearly,IZP-131-CC,Credit,672,769
primary,9/23/2023,quarterly,LQJ-141-OL,Savings,512,476
secondary,9/2/2023,daily,WFK-851-ZF,Checking,406,584
billing,10/23/2023,quarterly,FYB-387-LD,Checking,906,625
secondary,8/28/2023,weekly,ITQ-566-OY,Investment,937,685
primary,4/22/2023,quarterly,NHY-589-RB,Checking,659,389
primary,5/7/2023,quarterly,SLZ-950-LD,Checking,470,345
secondary,7/21/2023,monthly,VFZ-434-FL,Savings,147,30
secondary,12/13/2022,monthly,WAI-709-BC,Checking,272,507
joint,11/20/2022,weekly,PXI-740-YG,Checking,143,872
secondary,5/3/2023,daily,CTP-832-HW,Credit,253,333
secondary,3/28/2023,quarterly,JKD-929-GQ,Credit,763,187
secondary,7/15/2023,monthly,AQO-686-WS,Investment,575,500
secondary,11/24/2022,daily,COX-553-QG,Checking,552,218
joint,7/20/2023,monthly,NRM-821-ZY,Checking,270,364
secondary,9/23/2023,quarterly,MFY-972-CE,Credit,765,817
billing,5/19/2023,yearly,POS-513-ZV,Credit,599,265
joint,3/21/2023,quarterly,FIL-468-CO,Credit,439,349
billing,5/26/2023,quarterly,POQ-680-MF,Checking,920,287
billing,7/1/2023,monthly,EAF-072-ZV,Investment,598,902
secondary,6/8/2023,daily,RBY-297-BT,Checking,409,611
joint,8/24/2023,monthly,ZSZ-152-ZN,Savings,371,719
joint,11/30/2022,monthly,HBW-851-RZ,Savings,225,902
primary,12/17/2022,yearly,CKC-939-LN,Credit,142,283
secondary,8/20/2023,yearly,SEK-789-LO,Checking,522,570
billing,5/11/2023,quarterly,UKV-921-SG,Checking,506,11
secondary,3/29/2023,daily,XBK-825-PM,Checking,94,530
joint,5/21/2023,monthly,CFI-191-CJ,Credit,774,971
secondary,3/18/2023,monthly,MZN-320-HH,Savings,49,196
secondary,8/31/2023,weekly,EFZ-898-TY,Investment,882,88
billing,1/19/2023,monthly,EYS-632-OV,Savings,113,248
joint,5/12/2023,daily,MVF-520-QE,Investment,157,738
primary,9/28/2023,weekly,RYG-304-DV,Checking,643,417
joint,9/29/2023,weekly,UMK-815-PZ,Credit,164,501
joint,6/11/2023,yearly,HCA-968-OP,Investment,812,569
billing,5/3/2023,quarterly,YCB-980-YL,Credit,697,777
billing,10/10/2023,monthly,FOW-396-BH,Credit,433,247
billing,9/25/2023,weekly,PQS-321-YW,Investment,611,708
billing,3/21/2023,daily,XKY-928-AL,Credit,66,488
billing,5/6/2023,yearly,ICS-356-FH,Credit,395,662
joint,11/7/2023,daily,FHC-899-VI,Credit,391,729
secondary,8/17/2023,yearly,FKQ-963-BF,Checking,611,503
secondary,7/7/2023,daily,YQO-256-JN,Savings,480,459
primary,4/30/2023,yearly,MSM-133-JI,Credit,542,812
joint,6/13/2023,yearly,TEF-710-GR,Savings,258,18
billing,1/16/2023,daily,MQA-286-IZ,Checking,995,96
joint,2/19/2023,daily,CPD-733-YJ,Investment,567,302
secondary,4/11/2023,daily,QHM-452-IU,Checking,882,227
joint,7/30/2023,daily,UZB-711-ZR,Investment,966,415
billing,9/8/2023,monthly,STR-695-MB,Investment,12,709
billing,8/9/2023,yearly,HVK-053-CX,Checking,697,250
joint,7/28/2023,monthly,OXE-757-WL,Savings,739,314
secondary,1/3/2023,daily,KIU-670-XX,Credit,118,680
billing,4/21/2023,yearly,LEY-712-GZ,Savings,699,596
secondary,2/15/2023,quarterly,TED-077-VU,Credit,907,378
secondary,5/24/2023,weekly,JHJ-551-AQ,Credit,550,485
secondary,4/13/2023,weekly,CBK-660-LV,Credit,769,567
joint,2/1/2023,quarterly,CIK-232-AU,Investment,274,544
primary,11/5/2023,weekly,ORU-124-HW,Checking,788,353
joint,4/11/2023,yearly,SVL-357-TF,Checking,657,436
billing,6/7/2023,weekly,UQD-833-HD,Checking,349,764
secondary,12/25/2022,weekly,COW-124-SP,Credit,115,564
secondary,1/27/2023,yearly,SET-464-XA,Investment,301,339
secondary,9/10/2023,monthly,JIE-556-JW,Savings,446,361
secondary,5/12/2023,weekly,ICO-112-NV,Investment,162,720
primary,2/23/2023,weekly,BDH-766-CN,Savings,465,465
billing,8/7/2023,weekly,JPX-001-IP,Investment,4,278
secondary,1/12/2023,daily,OPJ-150-GP,Checking,977,314
primary,2/26/2023,monthly,XLK-189-IT,Credit,740,258
primary,10/18/2023,yearly,NZI-496-KM,Savings,897,237
billing,8/2/2023,yearly,IXU-489-KL,Investment,737,124
primary,8/16/2023,weekly,UMM-459-FS,Credit,270,739
primary,7/2/2023,daily,AOF-494-TI,Savings,996,198
billing,4/30/2023,daily,OBK-301-OS,Checking,513,324
joint,7/17/2023,yearly,OUD-276-GD,Savings,781,123
billing,7/24/2023,quarterly,EEG-961-JI,Savings,183,761
billing,8/12/2023,daily,ECH-786-UU,Savings,520,549
secondary,9/30/2023,yearly,CUK-082-RK,Investment,935,974
primary,9/19/2023,monthly,ENV-692-ZQ,Savings,109,781
secondary,8/13/2023,monthly,OSM-235-GL,Credit,892,707
secondary,1/14/2023,monthly,TOP-266-KA,Checking,641,190
joint,4/8/2023,daily,XIF-571-DL,Credit,306,197
joint,3/28/2023,daily,AQT-589-HW,Savings,862,222
primary,10/21/2023,monthly,MWL-013-BI,Investment,655,757
billing,1/20/2023,monthly,UBH-033-KL,Checking,520,496
secondary,6/24/2023,daily,KZN-668-TC,Investment,624,284
secondary,11/18/2022,daily,HEI-835-XG,Checking,204,742
joint,11/25/2022,yearly,RFK-804-TG,Investment,157,604
primary,6/20/2023,daily,HJG-824-KH,Credit,383,779
secondary,9/3/2023,daily,SUM-419-BS,Checking,781,538
joint,4/14/2023,weekly,NLA-436-TJ,Checking,166,612
primary,3/27/2023,weekly,RFV-356-AQ,Credit,553,290
billing,2/22/2023,monthly,WKF-293-VI,Checking,977,103
billing,12/14/2022,monthly,DOL-759-TC,Credit,798,853
primary,12/4/2022,yearly,WCF-776-AB,Credit,945,199
secondary,4/28/2023,monthly,FFW-875-SP,Checking,544,304
billing,1/9/2023,yearly,KFB-448-JS,Credit,941,233
primary,1/4/2023,monthly,CFN-864-EL,Investment,1,370
joint,4/1/2023,yearly,BYN-515-NP,Credit,614,184
secondary,12/7/2022,monthly,IAZ-631-RR,Checking,332,310
secondary,2/12/2023,weekly,CHZ-033-NW,Credit,501,15
primary,3/14/2023,daily,SZP-544-WW,Credit,20,726
billing,9/25/2023,quarterly,KUR-297-TJ,Savings,115,547
billing,7/8/2023,daily,WSX-630-ZY,Checking,952,130
secondary,11/26/2022,monthly,CZN-470-HG,Checking,372,281
joint,10/6/2023,monthly,SKW-940-EZ,Savings,900,47
joint,2/1/2023,weekly,DIK-755-UL,Savings,852,998
primary,8/14/2023,daily,KZR-556-OP,Investment,827,56
joint,9/26/2023,quarterly,CCH-748-VY,Checking,315,567
billing,6/26/2023,monthly,LYJ-017-DP,Checking,246,300
joint,1/5/2023,quarterly,KHW-996-SE,Investment,60,715
secondary,7/1/2023,daily,YTM-029-AP,Checking,247,967
joint,12/21/2022,weekly,SRV-681-QT,Savings,900,130
secondary,12/31/2022,yearly,HSS-726-DB,Checking,581,654
primary,9/30/2023,weekly,NDC-435-SO,Savings,970,890
secondary,10/12/2023,yearly,RKM-231-PY,Savings,81,771
joint,11/30/2022,quarterly,FHP-491-ZC,Investment,88,503
primary,11/2/2023,yearly,HUR-425-RX,Savings,750,106
billing,7/21/2023,daily,JQG-098-BB,Investment,498,894
joint,1/2/2023,yearly,QVT-252-JG,Credit,836,13
billing,8/28/2023,weekly,HNY-033-DO,Investment,71,588
joint,7/7/2023,weekly,GPC-616-JQ,Investment,779,292
secondary,9/21/2023,yearly,OGV-015-SK,Investment,546,481
secondary,9/1/2023,quarterly,KBN-449-TI,Checking,785,491
secondary,4/20/2023,yearly,JTI-768-VU,Credit,129,452
secondary,10/5/2023,monthly,EOB-802-DG,Credit,132,349
billing,6/4/2023,monthly,HII-227-NU,Credit,676,189
joint,12/2/2022,weekly,YAB-838-EF,Checking,487,989
primary,5/7/2023,weekly,WOQ-023-YR,Credit,970,53
secondary,11/9/2023,daily,QHF-302-LZ,Savings,563,259
secondary,12/5/2022,monthly,CPX-786-CC,Checking,170,964
billing,12/16/2022,daily,ZJW-715-KT,Investment,272,883
joint,12/19/2022,quarterly,XGU-715-UK,Investment,541,490
billing,10/19/2023,yearly,HDF-059-DK,Savings,894,117
billing,4/27/2023,daily,FWH-425-BN,Checking,622,842
joint,8/9/2023,weekly,CMO-283-GE,Savings,434,67
billing,9/4/2023,daily,WOT-455-OV,Credit,988,411
secondary,9/5/2023,weekly,NPX-600-YF,Savings,217,504
primary,7/6/2023,monthly,DEV-586-CT,Investment,952,76
secondary,9/11/2023,daily,ZTD-465-WB,Credit,553,591
primary,3/19/2023,weekly,XVK-562-DS,Investment,774,645
billing,7/21/2023,yearly,GHN-306-XM,Investment,748,703
billing,3/11/2023,weekly,YLG-576-HD,Savings,707,55
primary,6/2/2023,daily,NCK-255-CU,Checking,206,156
billing,11/14/2022,daily,PUZ-450-YZ,Savings,731,153
secondary,11/20/2022,daily,AKY-556-KK,Savings,320,831
primary,2/6/2023,yearly,UKO-433-JA,Checking,409,577
secondary,3/13/2023,yearly,IKD-505-UN,Investment,688,972
primary,10/29/2023,quarterly,PNK-803-HN,Savings,666,312
primary,11/3/2023,daily,YKV-541-SD,Investment,383,88
primary,4/19/2023,quarterly,BPP-097-NG,Checking,449,255
secondary,12/3/2022,monthly,IAY-969-FX,Credit,922,122
billing,11/14/2022,yearly,DJA-443-AZ,Savings,530,572
primary,7/3/2023,yearly,TEW-474-AL,Savings,463,783
joint,4/24/2023,weekly,IHX-096-XE,Savings,124,427
billing,8/21/2023,weekly,QUR-549-SV,Savings,254,621
primary,11/23/2022,daily,BZD-011-LA,Savings,231,611
secondary,7/27/2023,monthly,DAC-220-UA,Savings,66,810
joint,3/27/2023,quarterly,BNF-868-HC,Credit,347,634
joint,8/1/2023,monthly,CZU-605-RP,Investment,22,232
joint,5/15/2023,daily,BXU-599-JX,Savings,603,795
primary,8/18/2023,monthly,ICA-101-HM,Savings,568,536
joint,10/18/2023,quarterly,NFQ-025-XQ,Credit,236,390
joint,11/9/2023,yearly,ZCC-588-EB,Checking,603,462
billing,11/3/2023,yearly,DGO-364-KN,Checking,226,931
primary,6/22/2023,weekly,KLJ-836-CW,Credit,8,454
secondary,12/20/2022,weekly,GZO-252-SF,Savings,73,305
secondary,2/27/2023,yearly,BEI-442-ZE,Checking,725,881
billing,8/11/2023,quarterly,HWV-679-OR,Savings,647,603
billing,9/26/2023,monthly,FBK-998-RG,Checking,61,440
billing,6/27/2023,weekly,MNP-300-WZ,Savings,235,313
billing,12/3/2022,quarterly,QFF-177-WL,Investment,70,583
joint,12/2/2022,yearly,OKK-619-YU,Investment,928,636
secondary,6/19/2023,daily,PXZ-327-ZF,Savings,33,62
primary,2/9/2023,yearly,UGE-444-ZY,Savings,881,625
primary,3/23/2023,yearly,PYF-590-GE,Checking,339,984
billing,2/27/2023,quarterly,FCU-125-JE,Checking,73,758
billing,3/23/2023,yearly,GKD-658-PL,Checking,527,102
billing,1/31/2023,monthly,WMQ-733-WZ,Credit,244,971
secondary,3/5/2023,daily,HNJ-596-GM,Credit,286,782
secondary,12/28/2022,monthly,XFR-365-GI,Checking,686,213
secondary,5/13/2023,yearly,AAO-316-IX,Savings,498,641
billing,5/16/2023,weekly,ZGF-491-LL,Credit,220,217
billing,11/29/2022,weekly,AEC-658-NM,Credit,553,271
joint,8/25/2023,quarterly,GIW-353-DD,Checking,136,677
billing,12/12/2022,weekly,CLN-599-BY,Savings,741,84
billing,1/3/2023,weekly,XYE-525-PH,Credit,958,161
joint,5/19/2023,yearly,TBH-178-JS,Credit,904,246
joint,8/12/2023,monthly,TKG-951-ZV,Credit,585,178
primary,8/6/2023,yearly,EHA-177-PH,Investment,591,566
billing,4/22/2023,weekly,EGZ-253-IK,Credit,485,77
joint,8/22/2023,yearly,CVC-931-PL,Investment,249,161
secondary,2/6/2023,monthly,ZCC-363-HV,Investment,804,3
billing,3/1/2023,monthly,MHT-046-XL,Credit,485,419
billing,5/12/2023,weekly,CEQ-701-VH,Checking,827,462
secondary,7/10/2023,monthly,RYX-341-EC,Savings,417,706
secondary,6/14/2023,quarterly,ZSZ-309-SY,Savings,195,609
secondary,7/20/2023,quarterly,WMT-400-AL,Credit,97,482
secondary,4/28/2023,quarterly,YYJ-184-WO,Investment,100,299
primary,2/8/2023,quarterly,RIZ-103-WZ,Checking,675,34
joint,7/28/2023,monthly,NSQ-286-EF,Savings,442,238
joint,9/28/2023,daily,CBA-381-IU,Credit,363,296
primary,6/10/2023,quarterly,GCO-785-FE,Checking,434,724
joint,6/17/2023,quarterly,SDT-270-GW,Savings,421,290
primary,7/26/2023,quarterly,SAM-061-YO,Credit,479,720
secondary,3/19/2023,monthly,BRZ-951-SO,Credit,885,881
billing,2/3/2023,daily,UIF-383-WR,Checking,747,465
joint,9/10/2023,yearly,EKF-852-AN,Credit,56,73
secondary,12/25/2022,quarterly,CTE-594-RS,Investment,690,704
secondary,4/10/2023,daily,SMQ-704-YK,Credit,670,240
joint,12/12/2022,daily,RHA-201-GS,Investment,662,947
billing,3/20/2023,daily,CSZ-841-FS,Credit,101,271
primary,7/29/2023,daily,MHP-653-NJ,Investment,63,807
secondary,10/15/2023,quarterly,PDO-422-QM,Savings,413,811
primary,10/28/2023,monthly,KQG-640-QF,Investment,746,641
billing,12/15/2022,monthly,WXM-050-TC,Credit,348,604
billing,9/6/2023,yearly,IJC-942-DZ,Checking,820,678
secondary,3/8/2023,quarterly,VBL-683-NY,Savings,883,824
billing,6/25/2023,yearly,IJE-905-PU,Checking,112,957
secondary,5/26/2023,weekly,LTW-939-MF,Checking,255,203
billing,8/6/2023,yearly,MWL-280-NT,Investment,197,436
secondary,8/10/2023,yearly,XYP-792-YP,Checking,195,118
billing,10/20/2023,weekly,HCU-909-XY,Savings,550,558
primary,7/31/2023,yearly,KCH-601-RC,Savings,460,231
joint,3/10/2023,daily,OFN-555-VN,Savings,144,664
joint,12/3/2022,yearly,IRI-294-GK,Investment,433,153
billing,6/25/2023,weekly,BQD-138-IF,Investment,188,931
billing,7/26/2023,yearly,CAD-024-ED,Credit,286,273
secondary,10/5/2023,yearly,TXS-778-QS,Checking,474,847
billing,3/14/2023,quarterly,DNI-371-OX,Investment,256,146
billing,8/21/2023,weekly,WTH-730-VZ,Investment,896,74
joint,8/14/2023,yearly,ANI-234-ZQ,Investment,946,62
billing,8/14/2023,quarterly,MGK-044-UM,Checking,78,170
primary,2/10/2023,monthly,AMK-693-HB,Checking,454,812
billing,12/7/2022,monthly,OER-135-YD,Savings,828,315
billing,3/2/2023,daily,YTI-032-PY,Checking,883,610
billing,5/11/2023,yearly,DJC-356-AQ,Credit,877,767
joint,9/9/2023,weekly,FUI-687-PL,Checking,564,845
joint,1/30/2023,monthly,NNM-571-QH,Credit,101,583
primary,1/7/2023,monthly,AAI-291-VJ,Checking,52,944
billing,6/6/2023,daily,MWY-904-ZI,Credit,668,296
secondary,4/19/2023,yearly,NNE-751-WK,Credit,554,450
joint,7/10/2023,daily,HWP-072-VD,Credit,857,128
primary,12/28/2022,quarterly,TTD-133-KJ,Credit,16,480
billing,8/12/2023,yearly,FHA-020-OE,Checking,993,706
secondary,9/13/2023,daily,NZI-848-CJ,Credit,96,312
primary,11/22/2022,weekly,UEH-863-QZ,Checking,949,717
primary,2/7/2023,monthly,RKW-074-CB,Savings,772,413
secondary,2/20/2023,monthly,TUS-334-VE,Investment,870,966
primary,4/21/2023,weekly,TYN-747-CP,Investment,243,279
primary,9/16/2023,monthly,LHL-337-ZL,Savings,171,513
billing,10/24/2023,quarterly,DON-205-KV,Checking,417,553
joint,12/26/2022,quarterly,FKH-708-KQ,Credit,498,506
secondary,1/28/2023,quarterly,KDS-613-YD,Savings,493,449
billing,3/26/2023,yearly,OBJ-204-KW,Checking,219,83
joint,5/13/2023,quarterly,WYJ-827-WS,Investment,886,613
billing,1/5/2023,weekly,DUI-234-VH,Investment,411,41
primary,6/22/2023,yearly,TDB-904-II,Checking,925,911
secondary,6/28/2023,daily,IHV-179-VF,Savings,61,443
primary,11/12/2022,monthly,CXR-687-MR,Checking,169,753
joint,6/25/2023,daily,OPV-635-BJ,Checking,389,331
billing,12/3/2022,daily,JUO-333-JL,Investment,3,619
primary,10/28/2023,daily,ACG-724-WV,Credit,400,257
primary,5/13/2023,monthly,XWV-650-MU,Savings,272,27
primary,8/1/2023,weekly,ONP-791-QT,Checking,949,94
primary,11/22/2022,monthly,JHW-555-AU,Checking,803,235
secondary,5/30/2023,weekly,HAJ-777-QH,Checking,804,985
joint,12/10/2022,yearly,BBL-128-DC,Investment,466,691
billing,12/7/2022,daily,UQI-292-NZ,Credit,293,857
billing,2/28/2023,yearly,DNI-395-DP,Savings,434,882
primary,7/12/2023,daily,EBV-773-JZ,Investment,714,590
secondary,7/16/2023,monthly,CJX-517-YJ,Credit,981,602
primary,5/13/2023,weekly,TZW-072-LT,Checking,749,974
billing,9/5/2023,weekly,RNW-016-PL,Investment,803,22
secondary,3/11/2023,weekly,OWG-841-KK,Checking,570,784
joint,1/28/2023,weekly,PMP-907-VV,Credit,678,689
secondary,1/18/2023,daily,XYN-835-OR,Investment,736,842
billing,10/28/2023,yearly,YNG-549-UB,Savings,499,276
joint,9/6/2023,daily,GWQ-760-RT,Credit,159,591
billing,12/5/2022,yearly,XER-732-NH,Investment,195,42
secondary,10/24/2023,weekly,OZV-162-KY,Savings,304,782
billing,7/1/2023,yearly,APH-037-TB,Savings,223,775
joint,3/15/2023,daily,LWY-169-FB,Investment,992,180
joint,10/19/2023,yearly,FBU-826-OI,Checking,60,482
billing,6/5/2023,quarterly,SME-084-FQ,Checking,594,532
billing,12/6/2022,daily,PJH-770-AM,Savings,754,668
secondary,2/23/2023,quarterly,ZPH-017-YN,Savings,556,453
primary,8/5/2023,quarterly,PLU-986-KT,Investment,63,939
joint,1/28/2023,daily,QDR-777-TA,Checking,766,285
secondary,12/10/2022,quarterly,MSS-920-XZ,Checking,322,186
billing,9/23/2023,daily,AXU-041-BJ,Checking,59,600
joint,5/10/2023,quarterly,LDP-649-PM,Investment,52,447
joint,5/20/2023,quarterly,WME-821-VG,Savings,599,651
primary,2/8/2023,monthly,XMD-577-HN,Checking,489,834
billing,11/13/2022,daily,PXU-093-IK,Savings,515,504
primary,5/6/2023,yearly,VUO-395-GQ,Checking,942,993
billing,9/4/2023,quarterly,KJF-090-FK,Savings,874,94
secondary,9/13/2023,daily,TUX-543-TF,Savings,544,482
secondary,11/21/2022,monthly,HIM-320-XY,Investment,162,357
secondary,7/25/2023,daily,MXK-893-TS,Checking,59,419
billing,12/11/2022,quarterly,MCL-766-HR,Checking,984,342
billing,4/12/2023,monthly,KWD-866-RW,Checking,521,329
joint,9/8/2023,yearly,WOT-003-GZ,Investment,83,687
primary,1/25/2023,yearly,GKO-790-YI,Checking,872,108
billing,3/2/2023,monthly,TQD-830-BT,Checking,191,879
joint,10/18/2023,weekly,ZWV-631-BL,Savings,71,165
secondary,8/18/2023,daily,MIP-630-VV,Investment,610,338
billing,2/16/2023,daily,PAO-321-EJ,Savings,70,422
joint,12/3/2022,monthly,ETQ-649-PJ,Credit,692,711
billing,5/11/2023,daily,DMN-683-ZY,Savings,883,508
secondary,9/24/2023,quarterly,OZN-056-RU,Checking,241,296
primary,2/21/2023,quarterly,IAG-690-OS,Credit,414,679
joint,7/25/2023,monthly,JOB-307-TM,Savings,123,968
primary,11/25/2022,quarterly,LZZ-399-KM,Investment,965,411
billing,1/10/2023,weekly,RXH-004-PH,Investment,912,834
secondary,8/1/2023,daily,PIY-439-KR,Savings,584,779
joint,6/2/2023,monthly,KTU-906-AH,Savings,253,564
secondary,4/5/2023,weekly,ULQ-215-GC,Credit,593,38
secondary,3/17/2023,yearly,HRX-827-DQ,Investment,609,466
billing,7/29/2023,quarterly,DXE-512-MM,Savings,41,91
secondary,9/26/2023,monthly,ARG-552-IW,Credit,635,323
primary,4/29/2023,monthly,FRP-988-YD,Checking,84,259
primary,7/14/2023,quarterly,VDM-584-HZ,Savings,430,332
primary,10/11/2023,monthly,VQT-784-YH,Checking,674,119
joint,6/30/2023,monthly,AIV-222-HW,Credit,598,994
billing,8/24/2023,yearly,VTZ-569-JC,Checking,579,792
joint,1/5/2023,yearly,JIM-725-JP,Investment,536,414
billing,1/29/2023,quarterly,VCY-808-IF,Investment,324,886
billing,11/9/2023,quarterly,MGA-278-YO,Investment,958,527
billing,3/8/2023,weekly,NQW-899-RI,Checking,268,845
joint,7/28/2023,quarterly,FLP-924-OB,Checking,210,2
joint,6/15/2023,weekly,UTE-645-EZ,Checking,686,674
billing,7/28/2023,monthly,KFB-832-MG,Checking,734,891
billing,8/14/2023,quarterly,ECM-579-CJ,Investment,322,556
billing,10/25/2023,weekly,XAQ-977-LT,Savings,245,474
primary,8/28/2023,weekly,HEM-202-IE,Savings,272,424
billing,3/3/2023,monthly,LRL-768-AW,Credit,406,56
joint,4/12/2023,weekly,RFX-367-SL,Investment,135,193
joint,11/12/2022,weekly,AFQ-467-AA,Savings,688,531
joint,9/21/2023,yearly,COJ-270-UT,Investment,661,371
secondary,3/30/2023,monthly,LVV-308-WD,Investment,308,638
billing,1/17/2023,daily,YJU-075-DM,Credit,469,775
billing,7/5/2023,daily,ZIN-338-IX,Savings,324,511
billing,7/4/2023,weekly,RPS-731-JM,Credit,952,641
joint,2/18/2023,quarterly,CTE-163-LT,Savings,770,453
secondary,12/20/2022,weekly,UUL-010-XO,Savings,959,779
billing,8/27/2023,yearly,FES-601-PK,Savings,75,53
joint,1/30/2023,monthly,PHF-569-NG,Savings,10,209
primary,1/3/2023,monthly,FHF-566-SV,Credit,470,274
billing,4/3/2023,weekly,XNX-208-HJ,Checking,637,563
primary,12/4/2022,monthly,PGX-684-ZE,Checking,577,135
primary,6/22/2023,weekly,IGM-452-ZX,Credit,103,950
joint,5/5/2023,daily,VLH-145-MJ,Investment,76,295
secondary,9/21/2023,quarterly,BSO-718-AZ,Savings,551,449
primary,3/8/2023,daily,XHY-877-TW,Checking,219,902
joint,5/13/2023,monthly,BTZ-514-UP,Checking,519,716
primary,12/15/2022,yearly,HGX-408-ZY,Investment,272,497
billing,9/10/2023,weekly,GFR-052-QS,Checking,136,125
joint,3/27/2023,daily,SNN-991-CN,Savings,956,30
joint,9/22/2023,weekly,UHS-502-DC,Savings,358,997
billing,1/17/2023,yearly,MTZ-972-YZ,Checking,903,646
joint,1/18/2023,quarterly,KYM-310-HU,Credit,71,624
secondary,3/17/2023,weekly,XRY-638-BS,Checking,901,819
primary,6/23/2023,monthly,VRN-530-KI,Savings,251,246
secondary,7/11/2023,yearly,JMI-947-KW,Savings,379,727
billing,7/2/2023,quarterly,DRF-227-UZ,Investment,292,163
joint,6/5/2023,weekly,FMM-799-CC,Checking,162,319
secondary,1/24/2023,monthly,JFM-194-MB,Credit,449,565
billing,7/4/2023,yearly,YPN-522-XO,Savings,854,15
secondary,6/22/2023,monthly,RWM-511-GY,Investment,557,566
joint,7/6/2023,daily,ROI-829-BI,Investment,721,418
secondary,9/5/2023,quarterly,FQM-946-WB,Credit,310,96
joint,3/6/2023,daily,ZBV-463-MR,Credit,627,231
billing,12/21/2022,quarterly,QES-933-UA,Checking,827,862
primary,2/25/2023,daily,JOL-321-OA,Checking,670,935
joint,5/10/2023,monthly,PZB-351-FK,Investment,542,117
joint,11/17/2022,yearly,RPR-095-XK,Credit,9,473
secondary,7/17/2023,monthly,BHJ-070-BH,Investment,684,970
joint,9/6/2023,weekly,RIH-306-YH,Credit,837,121
secondary,8/9/2023,quarterly,UPY-258-ZN,Credit,568,664
secondary,1/2/2023,weekly,ZAZ-484-PU,Credit,307,853
billing,7/19/2023,weekly,YHX-641-IA,Investment,955,158
primary,3/17/2023,daily,LDG-473-GP,Investment,680,511
billing,4/7/2023,monthly,GXI-136-SX,Investment,107,956
primary,1/12/2023,daily,ESN-559-HO,Checking,962,734
billing,10/2/2023,monthly,CPM-970-GX,Credit,900,299
billing,5/27/2023,weekly,EXN-942-TB,Checking,138,522
joint,9/15/2023,daily,PBP-383-XT,Investment,271,723
joint,1/14/2023,monthly,GLC-288-NF,Credit,119,280
billing,1/14/2023,monthly,PFX-170-EL,Checking,912,426
billing,10/15/2023,weekly,HSH-707-KE,Checking,110,855
primary,1/27/2023,daily,OAE-176-QQ,Investment,761,495
primary,10/18/2023,weekly,ZPY-435-YF,Savings,567,484
billing,5/7/2023,daily,WUR-397-BX,Credit,160,250
billing,7/9/2023,monthly,EAM-648-DG,Credit,279,468
joint,3/5/2023,weekly,SBH-593-YB,Credit,289,565
joint,12/28/2022,monthly,NAU-774-PI,Investment,620,149
billing,2/25/2023,monthly,FFV-521-TS,Credit,216,393
secondary,1/11/2023,yearly,KLJ-278-OA,Savings,735,196
billing,4/9/2023,daily,CAS-163-TW,Credit,352,944
joint,8/17/2023,weekly,RKV-855-FA,Savings,209,614
primary,11/12/2022,monthly,ALN-363-TO,Investment,704,521
primary,8/25/2023,weekly,RPL-261-XP,Savings,650,765
joint,10/6/2023,yearly,IKG-331-QC,Investment,874,901
primary,7/2/2023,monthly,ZFQ-368-SC,Credit,271,140
primary,6/6/2023,weekly,XEZ-775-EU,Credit,518,885
billing,7/22/2023,monthly,HMZ-128-KW,Investment,501,72
secondary,9/10/2023,quarterly,VWL-421-DJ,Checking,258,283
billing,12/18/2022,daily,JCZ-247-LH,Credit,928,792
billing,1/14/2023,quarterly,FDV-715-BF,Savings,930,809
billing,2/14/2023,monthly,LBD-207-TZ,Credit,867,875
billing,8/8/2023,quarterly,ZGX-747-EX,Checking,53,425
secondary,4/18/2023,quarterly,DJB-796-AD,Credit,95,349
secondary,12/30/2022,weekly,URY-767-ZS,Credit,650,957
secondary,3/20/2023,daily,MVZ-829-QA,Investment,434,807
joint,11/28/2022,monthly,QGW-673-QS,Investment,850,520
joint,4/20/2023,daily,WLZ-493-SV,Investment,284,274
billing,12/25/2022,quarterly,KUV-878-EB,Savings,46,841
primary,11/15/2022,daily,PSR-451-DY,Investment,4,3
primary,11/14/2022,quarterly,EHM-070-AL,Savings,342,290
billing,12/15/2022,monthly,SJM-504-HX,Checking,790,744
joint,9/16/2023,yearly,QFA-453-WG,Checking,134,306
joint,4/8/2023,yearly,GKF-795-MH,Investment,653,858
joint,2/11/2023,monthly,JYW-120-QH,Investment,269,602
primary,1/2/2023,daily,FAU-819-VX,Credit,166,594
billing,11/13/2022,yearly,ABX-501-VV,Checking,760,676
billing,10/15/2023,daily,WKR-305-AK,Credit,453,502
primary,12/5/2022,yearly,NYJ-047-KO,Investment,565,887
primary,7/6/2023,daily,CRA-822-QX,Savings,723,153
primary,4/20/2023,daily,YNZ-659-YP,Checking,438,458
primary,9/5/2023,monthly,JZW-815-XT,Investment,575,552
billing,10/31/2023,monthly,OYO-087-FU,Credit,10,496
secondary,2/25/2023,monthly,FCJ-925-OM,Savings,115,354
joint,5/26/2023,quarterly,TQN-765-WW,Savings,78,341
secondary,11/27/2022,daily,VPO-450-VK,Investment,968,566
billing,8/5/2023,daily,OGK-786-ST,Checking,905,782
secondary,7/16/2023,weekly,UPK-983-QM,Checking,708,557
billing,12/25/2022,yearly,WIU-257-TZ,Credit,926,387
primary,5/22/2023,yearly,NWF-820-BE,Savings,153,467
primary,10/28/2023,weekly,ENL-725-SP,Investment,559,956
primary,2/1/2023,daily,BFB-608-WS,Credit,37,330
secondary,9/10/2023,daily,APU-346-TJ,Savings,855,891
secondary,5/3/2023,monthly,EZL-535-GE,Credit,379,194
secondary,11/23/2022,weekly,HMJ-751-KX,Credit,597,715
primary,6/1/2023,quarterly,QDW-349-PB,Savings,566,245
secondary,7/2/2023,quarterly,KSR-351-HY,Savings,152,586
secondary,12/29/2022,quarterly,JSN-263-AP,Checking,441,393
joint,1/18/2023,monthly,ZZR-936-NS,Savings,131,240
billing,7/1/2023,quarterly,YWV-728-VY,Savings,43,877
joint,3/23/2023,quarterly,LHL-470-DK,Checking,316,795
joint,2/3/2023,yearly,QRM-036-FA,Investment,374,421
billing,12/10/2022,monthly,CUL-581-DJ,Checking,921,45
secondary,11/21/2022,yearly,LTO-363-PD,Savings,956,326
primary,6/1/2023,yearly,QPN-732-QQ,Credit,816,763
primary,1/3/2023,quarterly,ISE-528-GO,Investment,996,485
secondary,2/2/2023,daily,XSP-936-GI,Savings,882,723
secondary,11/2/2023,weekly,PXE-004-WW,Investment,41,936
billing,11/24/2022,yearly,JWV-971-US,Credit,921,831
primary,12/29/2022,weekly,OIG-777-QF,Checking,367,391
secondary,4/15/2023,monthly,DXI-219-JI,Investment,216,396
billing,2/9/2023,monthly,LZA-318-NW,Credit,699,680
billing,6/20/2023,monthly,FWD-941-MA,Savings,256,812
joint,5/6/2023,monthly,CHD-830-ZM,Savings,683,841
secondary,9/24/2023,daily,NLD-261-RC,Credit,106,668
joint,12/17/2022,yearly,MYZ-049-VG,Savings,363,156
billing,3/22/2023,daily,DNI-677-DB,Investment,799,508
billing,7/20/2023,yearly,HQM-804-TB,Savings,574,988
billing,10/17/2023,monthly,XBN-528-TT,Savings,906,38
billing,5/24/2023,quarterly,WWZ-910-VE,Savings,896,130
billing,12/10/2022,monthly,TLW-762-FT,Investment,417,515
billing,7/13/2023,daily,PWT-262-LG,Savings,998,989
secondary,1/1/2023,daily,JMO-735-DK,Credit,636,605
primary,12/10/2022,daily,VWD-916-LI,Credit,768,340
primary,2/23/2023,quarterly,UDM-791-LU,Credit,159,891
secondary,12/1/2022,weekly,UDI-721-AM,Investment,948,103
secondary,2/2/2023,weekly,PDC-838-VB,Investment,953,896
secondary,5/2/2023,yearly,GKC-147-QP,Credit,243,866
joint,7/12/2023,weekly,SZI-400-LN,Savings,886,451
billing,4/4/2023,monthly,CTK-070-FH,Savings,167,103
billing,6/14/2023,quarterly,KQQ-327-AS,Investment,1000,539
billing,9/21/2023,quarterly,UJH-071-HS,Savings,820,933
primary,1/4/2023,daily,NUK-146-YT,Credit,831,468
primary,9/4/2023,monthly,EEH-206-QI,Checking,182,16
billing,11/30/2022,quarterly,GDT-599-WP,Savings,903,740
billing,3/30/2023,quarterly,JHU-806-DQ,Credit,423,148
primary,5/17/2023,daily,XEY-980-UL,Credit,26,420
primary,12/26/2022,daily,FMF-647-LO,Savings,184,892
primary,9/12/2023,monthly,PTL-873-KF,Credit,755,671
billing,7/16/2023,yearly,OPG-476-AT,Checking,947,994
primary,2/3/2023,yearly,JRG-537-BB,Investment,341,159
secondary,4/15/2023,monthly,YUE-729-PJ,Savings,802,77
billing,1/12/2023,daily,WGJ-128-AR,Checking,954,481
joint,4/26/2023,monthly,AFV-320-IQ,Savings,422,801
primary,7/27/2023,yearly,HAY-299-UA,Investment,822,993
billing,8/28/2023,monthly,OCT-267-OZ,Credit,686,272
joint,9/5/2023,weekly,IXZ-671-KN,Credit,885,347
secondary,3/22/2023,yearly,IJH-379-PT,Credit,753,639
primary,11/14/2022,quarterly,MCH-589-CS,Savings,831,710
primary,12/17/2022,yearly,GAS-207-CP,Checking,255,408
billing,10/26/2023,monthly,EHC-406-PA,Investment,274,666
primary,12/23/2022,yearly,RZS-489-LY,Investment,164,83
joint,9/6/2023,daily,BJW-992-PX,Investment,807,873
secondary,5/22/2023,weekly,NVP-075-GJ,Credit,719,337
billing,12/1/2022,yearly,TBN-750-MY,Investment,111,873
joint,8/25/2023,daily,YFW-537-UT,Checking,392,691
billing,1/6/2023,monthly,MBJ-655-CX,Investment,894,880
secondary,7/15/2023,quarterly,INX-862-TX,Credit,40,547
primary,12/5/2022,weekly,DYN-091-BE,Investment,880,390
joint,11/16/2022,yearly,OGD-844-YS,Checking,482,978
primary,8/19/2023,quarterly,IFM-272-SG,Credit,228,325
joint,3/27/2023,weekly,HGM-025-PD,Checking,205,642
joint,3/30/2023,daily,LKP-093-UQ,Credit,837,736
joint,5/11/2023,weekly,NRF-666-GR,Savings,941,909
secondary,6/17/2023,monthly,ZUY-410-NJ,Investment,472,778
primary,1/26/2023,daily,SEW-297-NP,Credit,359,500
secondary,11/3/2023,daily,WGC-137-EC,Checking,313,894
secondary,2/5/2023,yearly,GIM-575-XT,Savings,841,555
secondary,2/26/2023,quarterly,WLH-800-CO,Investment,815,37
joint,2/1/2023,quarterly,OLO-077-IH,Checking,893,633
primary,6/3/2023,quarterly,HCF-268-LO,Investment,234,71
secondary,4/20/2023,quarterly,DLA-862-MI,Credit,229,241
joint,8/7/2023,monthly,WTY-841-JF,Savings,25,647
secondary,5/10/2023,daily,VDW-988-YZ,Checking,676,701
joint,11/12/2022,monthly,JUS-922-XZ,Credit,198,944
secondary,12/27/2022,quarterly,SUY-114-ZO,Savings,409,295
primary,6/23/2023,weekly,FPF-200-GD,Savings,337,233
secondary,5/24/2023,yearly,QDJ-908-CX,Credit,286,765
joint,5/23/2023,weekly,MGJ-201-UB,Savings,886,93
billing,6/21/2023,quarterly,ZXW-405-UI,Checking,72,445
billing,1/18/2023,quarterly,KEE-123-VX,Investment,991,101
primary,3/27/2023,yearly,DWQ-644-PX,Credit,792,779
billing,5/17/2023,daily,ZWM-518-DP,Checking,286,649
secondary,5/3/2023,monthly,ADS-438-EO,Credit,360,721
secondary,11/14/2022,quarterly,QFW-409-MZ,Savings,657,894
joint,6/24/2023,monthly,GUP-277-NX,Investment,522,103
joint,6/6/2023,monthly,WOX-156-JU,Savings,410,455
secondary,12/19/2022,daily,LTT-890-UJ,Checking,696,171
secondary,8/30/2023,monthly,GYF-170-ME,Checking,864,711
secondary,2/20/2023,quarterly,CZN-111-SR,Savings,550,307
primary,11/11/2023,weekly,GVA-160-QY,Credit,340,926
secondary,9/1/2023,quarterly,OJN-790-BS,Investment,962,30
secondary,3/25/2023,weekly,GXC-545-XJ,Credit,29,48
secondary,4/30/2023,monthly,UKO-846-BK,Checking,119,333
joint,1/6/2023,yearly,DLA-355-YP,Savings,899,816
billing,4/29/2023,daily,SBD-464-AJ,Checking,994,58
billing,3/22/2023,yearly,XOC-211-MQ,Credit,268,301
primary,7/28/2023,daily,OQU-127-SB,Investment,183,368
joint,3/8/2023,monthly,UYB-401-GT,Investment,595,384
joint,8/22/2023,quarterly,WCZ-763-NF,Credit,986,442
primary,6/2/2023,yearly,WPS-248-AX,Credit,272,150
billing,3/30/2023,daily,PNB-545-GM,Investment,40,251
joint,11/3/2023,daily,AYC-333-YX,Investment,112,544
secondary,6/7/2023,quarterly,TRH-955-WZ,Savings,611,422
primary,8/1/2023,quarterly,KET-350-WZ,Investment,445,580
primary,3/16/2023,monthly,APH-971-KP,Investment,354,699
joint,9/18/2023,weekly,RQD-951-YG,Investment,747,812
billing,3/7/2023,weekly,FKZ-556-US,Checking,806,185
joint,2/5/2023,yearly,RPZ-930-QO,Investment,322,175
billing,8/20/2023,monthly,QNY-344-LF,Credit,447,180
primary,8/15/2023,weekly,HSP-142-AK,Investment,621,81
billing,5/8/2023,daily,SMN-867-RV,Savings,524,625
billing,12/21/2022,quarterly,QOM-592-NF,Investment,119,892
joint,3/3/2023,quarterly,JVG-119-MR,Investment,395,392
billing,7/20/2023,weekly,ILJ-248-FB,Credit,922,635
billing,11/4/2023,quarterly,OMH-876-MK,Investment,591,700
joint,7/22/2023,yearly,JAY-944-ZT,Checking,195,247
primary,6/1/2023,daily,OJU-425-OA,Checking,261,510
billing,3/14/2023,daily,UIF-496-UG,Credit,46,935
billing,5/15/2023,monthly,PAB-517-BQ,Savings,726,598
primary,7/3/2023,quarterly,BCH-252-LS,Credit,447,147
billing,11/19/2022,monthly,QRU-343-AZ,Investment,2,238
secondary,3/21/2023,quarterly,ATW-643-HS,Savings,533,473
primary,8/26/2023,monthly,TZB-910-SC,Savings,948,654
secondary,3/23/2023,quarterly,VRM-138-RY,Investment,826,261
billing,11/26/2022,daily,HJK-636-FE,Savings,552,471
secondary,6/2/2023,quarterly,MDG-385-LM,Credit,704,262
joint,1/25/2023,monthly,YOT-541-PS,Checking,737,683
billing,5/17/2023,daily,OXO-969-VC,Credit,963,10
billing,8/19/2023,quarterly,IEG-983-HU,Checking,760,921
secondary,3/17/2023,daily,ADE-615-MO,Investment,755,824
joint,12/27/2022,quarterly,VLD-498-EZ,Credit,687,477
primary,2/24/2023,quarterly,QWZ-588-OX,Checking,202,923
billing,4/3/2023,weekly,IYB-406-NE,Checking,373,295
joint,8/9/2023,yearly,STT-864-GH,Savings,442,694
billing,9/30/2023,daily,FPE-826-IF,Savings,72,560
primary,8/23/2023,yearly,NTB-003-CG,Investment,972,162
joint,10/1/2023,monthly,KYD-141-DL,Savings,681,76
joint,5/14/2023,yearly,PTV-138-KZ,Savings,943,453
joint,8/9/2023,yearly,UON-501-LO,Credit,339,968
secondary,8/2/2023,monthly,DUE-127-LI,Checking,639,354
billing,11/3/2023,yearly,PJK-698-YX,Savings,322,602
secondary,11/20/2022,yearly,YPY-185-RZ,Credit,680,307
joint,10/5/2023,quarterly,HRT-925-DG,Credit,869,655
joint,8/29/2023,quarterly,JDX-208-ET,Investment,128,986
primary,10/1/2023,yearly,OTG-964-HR,Credit,738,435
joint,10/13/2023,weekly,JFB-181-PC,Investment,922,707
secondary,12/27/2022,yearly,FKR-326-AV,Credit,308,257
joint,3/26/2023,weekly,TGS-253-HK,Investment,520,468
secondary,9/30/2023,yearly,OYT-374-BD,Investment,317,866
primary,2/5/2023,quarterly,IMZ-116-NC,Checking,683,310
secondary,10/8/2023,weekly,OVW-753-FR,Checking,419,204
primary,4/17/2023,yearly,MPS-880-BC,Investment,335,394
secondary,6/22/2023,yearly,SSM-268-YM,Credit,413,874
billing,9/16/2023,daily,KYN-836-DB,Credit,714,495
billing,7/7/2023,weekly,VVO-678-AK,Savings,303,110
joint,6/22/2023,daily,QFP-103-VX,Checking,568,243
billing,4/16/2023,weekly,RUJ-921-XW,Savings,131,391
joint,8/25/2023,monthly,UIO-977-UQ,Credit,197,586
secondary,10/14/2023,monthly,LEJ-233-DP,Credit,431,368
joint,8/11/2023,quarterly,PIV-290-JP,Credit,681,589
joint,9/6/2023,yearly,OBD-339-HV,Credit,963,303
secondary,12/4/2022,quarterly,ZQO-025-BH,Credit,389,717
secondary,8/14/2023,weekly,VCJ-104-OE,Credit,694,303
primary,3/5/2023,weekly,NCO-644-OH,Investment,767,23
secondary,9/20/2023,yearly,RUK-209-FD,Checking,925,850
secondary,12/13/2022,quarterly,XKY-745-XM,Savings,179,675
secondary,11/27/2022,monthly,EOM-716-WN,Credit,631,406
joint,5/3/2023,quarterly,TVB-970-ZR,Credit,583,282
billing,10/23/2023,yearly,TXT-566-ZN,Investment,309,9
billing,3/15/2023,yearly,HHN-827-XR,Investment,416,580
joint,6/22/2023,daily,ZVJ-911-ED,Checking,562,886
secondary,6/23/2023,daily,PBF-773-SX,Investment,854,703
primary,4/17/2023,monthly,DCR-736-EH,Savings,1,797
billing,8/4/2023,yearly,IIL-881-PX,Investment,312,763
joint,8/20/2023,yearly,HBS-978-CJ,Investment,294,997
primary,8/8/2023,yearly,DTP-213-VK,Checking,216,51
secondary,5/29/2023,yearly,VYW-857-UA,Investment,441,933
secondary,9/24/2023,quarterly,EAN-374-PN,Credit,805,621
billing,2/3/2023,quarterly,KWP-497-HQ,Checking,594,764
secondary,2/4/2023,quarterly,BSM-592-HR,Savings,622,509
joint,9/13/2023,monthly,BGZ-995-BW,Checking,671,853
primary,2/6/2023,daily,ORF-005-LM,Checking,330,926
secondary,2/20/2023,yearly,ZJO-835-CB,Investment,477,925
joint,8/23/2023,yearly,BVT-578-TG,Savings,453,294
secondary,6/21/2023,monthly,SKB-400-CG,Investment,453,795
primary,7/21/2023,daily,ATL-337-QM,Checking,692,819
billing,1/23/2023,monthly,QFP-573-OM,Credit,219,236
secondary,3/9/2023,weekly,WQX-614-IQ,Savings,524,622
primary,8/23/2023,daily,TES-208-ZN,Savings,485,822
secondary,3/19/2023,daily,JZA-452-KC,Investment,813,361
billing,8/8/2023,daily,AHU-741-YK,Credit,923,225
billing,11/17/2022,daily,USH-857-XD,Savings,983,652
joint,4/26/2023,monthly,JCJ-318-CA,Checking,816,195
primary,2/7/2023,daily,NAV-589-KH,Checking,754,636
primary,12/17/2022,weekly,CNB-399-MM,Savings,174,257
primary,12/6/2022,monthly,CSB-761-JG,Credit,675,695
joint,10/24/2023,yearly,ZZW-690-PK,Investment,87,774
billing,7/4/2023,monthly,NWC-434-VQ,Investment,291,739
billing,3/4/2023,daily,UXK-430-UK,Savings,528,786
joint,10/3/2023,daily,FSO-487-VN,Credit,680,676
primary,11/3/2023,monthly,MGI-169-JQ,Savings,649,698
secondary,5/10/2023,monthly,INR-504-LN,Credit,635,859
billing,11/15/2022,yearly,SED-760-VR,Investment,344,141
joint,10/13/2023,yearly,ERF-439-PF,Savings,96,644
joint,4/2/2023,quarterly,OIP-857-EH,Credit,839,100
primary,11/25/2022,monthly,TWL-792-AT,Investment,975,926
secondary,11/1/2023,daily,HUC-289-DP,Investment,770,643
primary,4/10/2023,monthly,HZP-429-QG,Checking,241,662
billing,3/26/2023,quarterly,FLK-361-NI,Credit,689,41
joint,5/29/2023,weekly,YBY-730-RJ,Investment,318,317
primary,1/18/2023,daily,DKI-948-DK,Credit,231,808
secondary,2/19/2023,yearly,KAN-258-XM,Credit,826,452
billing,2/15/2023,weekly,HEH-420-EA,Checking,204,35
billing,12/19/2022,weekly,AJM-298-RB,Checking,151,594
secondary,6/6/2023,yearly,SLF-587-VL,Investment,26,374
joint,1/25/2023,weekly,KFT-376-TW,Savings,48,750
secondary,10/18/2023,yearly,WVS-317-FA,Checking,251,135
joint,9/13/2023,monthly,XCP-428-CL,Savings,487,93
billing,1/12/2023,weekly,STQ-127-ZB,Savings,626,932
primary,11/14/2022,daily,SNF-551-PY,Checking,871,303
billing,2/17/2023,daily,JUI-057-FY,Savings,787,335
secondary,5/31/2023,quarterly,OOZ-993-RL,Checking,75,766
billing,6/23/2023,daily,KKY-422-EG,Savings,467,426
primary,7/21/2023,daily,LMF-369-PU,Savings,425,180
primary,3/11/2023,daily,QKF-335-VW,Savings,908,206
joint,12/27/2022,weekly,SUO-794-EP,Savings,645,136
primary,8/23/2023,weekly,VNI-295-AG,Checking,590,806
secondary,5/11/2023,yearly,UZK-644-WD,Checking,200,553
billing,12/9/2022,daily,NJD-014-TO,Savings,736,898
secondary,8/2/2023,weekly,KSK-321-DI,Credit,714,995
primary,11/6/2023,monthly,OVZ-213-CE,Credit,394,375
secondary,5/11/2023,monthly,AAS-866-SJ,Credit,507,544
secondary,6/18/2023,daily,HOL-399-SD,Investment,410,514
primary,1/16/2023,quarterly,ZCH-849-BM,Credit,250,936
joint,3/8/2023,yearly,YTU-199-VK,Credit,152,280
secondary,3/2/2023,weekly,BCA-831-NY,Credit,672,851
billing,5/16/2023,monthly,JKA-718-PP,Checking,705,169
secondary,11/28/2022,yearly,CTO-611-YF,Investment,6,264
primary,6/15/2023,monthly,KSW-247-AZ,Checking,915,936
secondary,12/5/2022,monthly,YWI-087-JT,Checking,769,845
primary,4/11/2023,daily,QKT-285-YA,Checking,882,967
billing,9/21/2023,daily,VWH-942-VH,Investment,789,494
primary,6/2/2023,daily,DOI-428-RJ,Checking,907,991
primary,1/8/2023,monthly,IJZ-521-SL,Credit,110,826
joint,5/24/2023,daily,NOH-219-AJ,Savings,798,303
secondary,12/17/2022,weekly,VOI-392-VF,Investment,436,765
secondary,10/23/2023,weekly,CFP-072-NY,Credit,225,892
billing,7/12/2023,daily,RHN-083-YR,Credit,181,347
joint,1/14/2023,daily,ARC-024-GF,Credit,824,824
billing,12/24/2022,daily,LXM-389-BI,Investment,981,118
billing,2/5/2023,daily,CMX-567-QY,Checking,713,480
billing,5/26/2023,daily,IXE-572-GH,Credit,531,987
secondary,1/16/2023,quarterly,PWZ-303-BX,Credit,476,78
billing,12/30/2022,yearly,MRO-807-TK,Investment,52,145
primary,7/1/2023,daily,WNF-005-VS,Credit,571,773
billing,2/17/2023,quarterly,ICL-333-GS,Checking,256,990
joint,5/5/2023,daily,LHX-120-KC,Credit,940,232
billing,4/24/2023,yearly,EZJ-797-CM,Checking,869,881
secondary,7/4/2023,weekly,OFM-887-UD,Investment,125,693
billing,12/13/2022,weekly,FDO-837-PI,Checking,468,742
primary,2/14/2023,monthly,KWK-480-PO,Checking,137,691
secondary,9/9/2023,quarterly,UKY-191-TB,Savings,821,407
billing,6/9/2023,weekly,UCZ-633-OR,Credit,476,991
billing,3/31/2023,monthly,BTR-564-VW,Credit,684,867
primary,4/8/2023,yearly,SAE-248-GW,Credit,544,824
secondary,12/28/2022,monthly,LQE-055-PP,Credit,573,571
primary,5/28/2023,yearly,VGR-936-NU,Savings,610,375
billing,4/30/2023,weekly,UEN-375-AZ,Investment,325,93
billing,8/30/2023,yearly,YQZ-203-LG,Savings,973,810
billing,4/14/2023,daily,RDL-552-ZW,Credit,774,405
secondary,3/12/2023,daily,JRM-547-EX,Investment,913,15
billing,12/31/2022,quarterly,SCF-813-EF,Savings,454,271
joint,9/18/2023,yearly,LCN-427-XB,Checking,628,550
secondary,2/23/2023,daily,QJD-874-BA,Savings,835,127
billing,7/8/2023,yearly,UFR-947-AT,Checking,737,466
billing,3/15/2023,yearly,HSX-910-DL,Checking,914,378
primary,3/25/2023,monthly,TRX-885-TV,Savings,517,689
secondary,6/18/2023,yearly,PPN-635-WB,Credit,437,767
secondary,7/13/2023,weekly,ULN-151-KK,Credit,851,689
secondary,4/26/2023,yearly,DWQ-007-OI,Investment,929,269
billing,2/18/2023,quarterly,YES-612-VK,Credit,562,599
joint,3/6/2023,daily,JNW-810-PG,Checking,457,391
billing,6/8/2023,daily,CEJ-716-CA,Investment,919,843
billing,12/15/2022,weekly,BDH-059-KL,Savings,163,654
primary,5/4/2023,yearly,DYT-691-ZY,Savings,762,963
billing,7/2/2023,daily,QED-581-HA,Savings,883,381
billing,11/3/2023,monthly,COI-904-MK,Credit,487,111
secondary,10/4/2023,monthly,ILT-581-YI,Investment,461,692
joint,8/12/2023,quarterly,PAI-552-DR,Checking,266,240
primary,5/18/2023,weekly,KCT-668-AT,Investment,770,483
primary,3/19/2023,monthly,EMU-270-GY,Investment,254,26
secondary,12/12/2022,yearly,DZF-412-BX,Credit,861,635
primary,5/25/2023,daily,JBS-193-FR,Checking,653,906
secondary,9/29/2023,quarterly,AXW-435-JD,Savings,284,966
secondary,11/12/2022,weekly,CWN-659-FQ,Investment,785,575
secondary,5/28/2023,yearly,TCZ-577-OF,Credit,797,336
billing,10/23/2023,daily,MOX-108-PX,Investment,534,938
primary,9/5/2023,monthly,EBJ-558-YD,Investment,497,625
billing,6/24/2023,yearly,EZG-007-FM,Checking,642,227
secondary,4/24/2023,daily,RGC-195-YL,Investment,245,664
joint,9/11/2023,daily,IOF-702-CL,Investment,282,65
primary,4/30/2023,monthly,RKQ-405-SQ,Checking,451,651
joint,2/17/2023,quarterly,ENT-544-BG,Investment,80,844
joint,9/27/2023,yearly,HQQ-472-AJ,Savings,731,476
billing,6/1/2023,weekly,LQU-347-LE,Savings,293,932
secondary,1/28/2023,quarterly,YNA-746-LP,Savings,241,718
billing,9/27/2023,weekly,IJF-372-EJ,Checking,279,310
joint,4/1/2023,weekly,JRV-904-YE,Investment,344,665
secondary,3/27/2023,quarterly,ZFC-793-US,Checking,328,419
joint,6/25/2023,monthly,AVF-579-RZ,Checking,915,120
secondary,10/31/2023,monthly,LXD-522-SV,Savings,554,144
joint,10/14/2023,yearly,OSG-906-OD,Savings,83,47
primary,4/12/2023,monthly,AQQ-056-BS,Credit,142,969
primary,7/17/2023,quarterly,WTC-489-JD,Credit,155,39
primary,12/18/2022,weekly,NTP-365-XG,Checking,237,312
joint,11/10/2023,quarterly,HLL-046-FJ,Credit,393,505
secondary,6/17/2023,daily,GSJ-580-HR,Credit,711,119
secondary,5/18/2023,weekly,ZVJ-951-CE,Savings,157,100
primary,4/28/2023,yearly,LRL-692-EN,Savings,724,241
primary,6/24/2023,daily,CNT-547-GS,Savings,220,909
billing,12/31/2022,weekly,OOT-954-MM,Credit,66,551
secondary,9/8/2023,weekly,DYF-784-KS,Savings,425,139
secondary,3/5/2023,yearly,MQP-372-IP,Checking,418,398
secondary,11/23/2022,yearly,CYE-346-HH,Checking,339,465
joint,1/26/2023,monthly,HFS-782-XE,Credit,556,380
joint,2/14/2023,monthly,QHS-738-RN,Savings,478,687
joint,5/27/2023,daily,ZXL-438-ZT,Savings,426,973
joint,6/8/2023,weekly,ALE-572-EP,Savings,64,761
secondary,7/24/2023,quarterly,HFI-760-GI,Credit,212,714
billing,11/27/2022,daily,XGG-418-PC,Savings,853,969
secondary,5/22/2023,monthly,XIA-655-TR,Checking,431,554
primary,8/30/2023,monthly,AGM-207-HJ,Savings,399,430
joint,12/24/2022,monthly,TUT-806-CZ,Investment,927,602
secondary,3/8/2023,monthly,DLM-345-YO,Savings,789,761
primary,12/22/2022,daily,ANU-574-CC,Checking,599,745
primary,12/10/2022,monthly,EZK-672-DC,Savings,969,159
joint,9/15/2023,yearly,JAB-825-UY,Savings,713,907
billing,1/13/2023,yearly,GTE-267-YM,Credit,21,425
secondary,6/27/2023,quarterly,FFD-663-KO,Checking,878,671
primary,7/24/2023,quarterly,RSE-343-QZ,Savings,902,102
billing,4/13/2023,daily,BIY-644-TA,Checking,784,854
primary,8/23/2023,monthly,LMQ-677-NV,Checking,590,502
billing,11/6/2023,daily,UMJ-515-YF,Credit,390,631
joint,2/12/2023,daily,XBH-119-UZ,Savings,489,418
joint,9/10/2023,daily,NPT-284-NW,Credit,7,962
billing,9/25/2023,weekly,FXB-533-MU,Investment,966,975
billing,7/13/2023,monthly,MJM-045-QO,Checking,361,287
secondary,12/12/2022,daily,PQP-120-HW,Savings,306,34
joint,11/27/2022,monthly,LAC-101-GR,Checking,772,707
billing,4/2/2023,yearly,CEQ-924-OM,Checking,400,380
billing,6/10/2023,yearly,ONP-209-WI,Credit,874,223
primary,7/28/2023,quarterly,XIJ-377-DX,Savings,914,455
primary,8/23/2023,daily,OEE-368-DW,Savings,977,456
secondary,11/25/2022,monthly,TYM-009-PT,Savings,856,974
secondary,12/18/2022,daily,CIP-251-AX,Investment,430,242
joint,2/8/2023,yearly,IIX-137-HN,Investment,552,876
primary,12/24/2022,quarterly,IMK-528-XX,Savings,766,372
secondary,6/22/2023,yearly,EIU-097-JA,Investment,753,102
billing,10/6/2023,weekly,PXV-166-GP,Investment,560,703
primary,2/10/2023,yearly,ZFS-580-BO,Savings,820,377
billing,9/4/2023,monthly,TMU-687-GY,Credit,618,558
primary,3/3/2023,monthly,NTS-748-VK,Credit,920,924
primary,7/6/2023,yearly,ILK-431-RZ,Investment,226,661
primary,1/28/2023,monthly,RQI-545-GV,Investment,500,368
joint,8/25/2023,daily,OTY-527-PG,Savings,225,63
secondary,1/15/2023,yearly,KLT-014-HM,Checking,280,408
primary,7/3/2023,daily,QNQ-178-LX,Investment,447,283
billing,8/31/2023,daily,TOC-635-KE,Checking,498,195
joint,3/26/2023,yearly,HEJ-967-HV,Checking,30,992
primary,2/16/2023,monthly,AGI-723-TM,Savings,399,126
joint,8/22/2023,monthly,RQK-934-CG,Credit,345,972
joint,11/19/2022,yearly,KUC-077-UB,Savings,685,869
primary,9/19/2023,monthly,RRW-694-CX,Checking,696,844
primary,1/22/2023,weekly,ZVK-414-JQ,Credit,818,466
secondary,8/26/2023,yearly,EAJ-030-XE,Investment,415,94
secondary,7/21/2023,weekly,JTK-999-NC,Checking,742,679
secondary,9/28/2023,weekly,XHP-615-QR,Savings,170,218
secondary,6/4/2023,yearly,CNV-926-BR,Credit,861,658
joint,5/23/2023,monthly,FVZ-423-QJ,Credit,479,655
joint,2/11/2023,yearly,NXC-892-GX,Credit,942,612
billing,6/17/2023,weekly,EHW-474-IU,Investment,131,995
billing,10/27/2023,monthly,UGN-774-ND,Investment,638,22
primary,10/20/2023,daily,PIC-433-GQ,Checking,547,52
primary,12/15/2022,yearly,HJK-630-DK,Investment,28,806
secondary,6/25/2023,weekly,GFP-275-NI,Checking,929,342
secondary,5/3/2023,daily,YRC-056-MB,Investment,404,250
primary,1/12/2023,monthly,SAF-250-VF,Credit,607,129
primary,12/14/2022,monthly,RFU-240-PS,Checking,578,806
joint,11/6/2023,daily,FNW-625-BW,Investment,679,579
billing,3/15/2023,daily,ZKU-147-TJ,Checking,28,211
billing,2/21/2023,monthly,OFX-268-AK,Checking,86,71
primary,3/12/2023,weekly,UPE-421-TB,Investment,659,850
secondary,10/2/2023,yearly,QGV-535-RX,Checking,439,784
secondary,9/15/2023,monthly,BAT-974-IH,Savings,139,568
secondary,7/18/2023,weekly,HQZ-835-PE,Credit,888,213
joint,8/29/2023,quarterly,KCY-424-SY,Credit,473,601
secondary,12/27/2022,weekly,COC-314-BG,Savings,187,222
primary,5/8/2023,monthly,BKD-623-QA,Checking,52,833
billing,11/18/2022,yearly,ZCU-705-SY,Savings,267,891
secondary,3/12/2023,monthly,XCI-745-HL,Investment,389,239
joint,5/27/2023,monthly,LZJ-145-VB,Savings,336,337
joint,6/14/2023,monthly,XJU-246-JU,Investment,217,793
secondary,3/9/2023,daily,LAL-406-YS,Credit,466,152
billing,2/3/2023,daily,XIF-658-KX,Credit,335,808
joint,6/5/2023,monthly,TIK-888-AQ,Savings,346,923
billing,3/21/2023,yearly,YMI-910-OI,Savings,780,611
primary,12/28/2022,quarterly,FLU-689-PM,Investment,901,3
secondary,2/17/2023,weekly,TGW-268-KB,Savings,389,284
billing,7/13/2023,quarterly,IAF-630-XY,Investment,285,880
primary,3/24/2023,daily,ULW-320-KN,Checking,771,149
secondary,6/9/2023,daily,MAM-338-JW,Investment,975,134
primary,11/12/2022,quarterly,RBX-242-UJ,Checking,852,554
joint,6/14/2023,weekly,RKP-528-IR,Investment,432,257
billing,12/28/2022,yearly,WLW-060-EH,Investment,259,818
billing,3/19/2023,quarterly,WJC-613-UW,Investment,855,179
joint,5/5/2023,yearly,XLT-314-DF,Investment,84,113
primary,2/6/2023,yearly,GEZ-177-NA,Credit,482,677
secondary,12/30/2022,daily,QEC-127-BO,Investment,20,888
joint,11/18/2022,daily,TKW-007-IJ,Savings,768,27
billing,11/1/2023,yearly,VNC-147-MK,Credit,553,135
joint,3/17/2023,yearly,TXN-980-JY,Checking,54,16
billing,3/27/2023,daily,ZXH-832-LW,Savings,975,367
joint,7/6/2023,yearly,COX-588-CF,Savings,359,809
primary,5/4/2023,weekly,CKD-093-WW,Savings,230,808
