AliasID,AliasName,AliasSource,Address1,Address2,City,State,Zip,CompanyCode,Account_id
1,MTZ-4499,PXO-8702,987 Pine Road,Room 1745,Cabitan,,25242,322,362
2,PSZ-5502,XTZ-2062,123 Main Street,Suite 72,Belo Horizonte,,72041,729,686
3,MID-8983,OSZ-3117,123 Main Street,5th Floor,Namysłów,,73774,755,405
4,RMB-0094,GFN-8605,987 Pine Road,3rd Floor,Charlotte,North Carolina,28849,958,416
5,GQW-0035,VAV-9740,321 Maple Drive,PO Box 62982,Hadžići,,82793,567,601
6,WRJ-2821,KDA-8428,987 Pine Road,Room 580,Milwaukee,Wisconsin,48044,648,206
7,MJH-5878,RBD-0926,789 Oak Lane,Suite 7,Smolenka,,44562,223,531
8,UDK-3293,DOT-8501,456 Elm Avenue,Suite 34,København,Region Hovedstaden,80339,206,16
9,OJX-5741,JSL-1059,456 Elm Avenue,Suite 36,Caromatan,,16862,215,755
10,SGT-2992,BKT-5888,321 Maple Drive,10th Floor,Manalongon,,34997,640,721
11,GXX-4505,WWC-4736,789 Oak Lane,Room 1684,La Labor,,44186,732,71
12,MVJ-2052,TDP-3179,123 Main Street,Suite 1,Muskegon,Michigan,52889,298,942
13,WWA-3430,QGF-7146,987 Pine Road,Suite 14,Yungay,,22920,704,93
14,FPW-7907,ELI-5801,789 Oak Lane,Apt 689,Paris 10,Île-de-France,71936,354,563
15,JJV-8489,TUM-3010,456 Elm Avenue,15th Floor,Ryazan’,,83907,944,292
16,FNN-2986,AET-2667,456 Elm Avenue,19th Floor,Nikol’sk,,68885,689,744
17,BHM-6268,KUU-2378,123 Main Street,Suite 24,Laholm,Halland,28931,136,850
18,TCX-9330,CAT-7087,456 Elm Avenue,Apt 1071,Rojas,,52344,728,573
19,TGN-8475,BXA-3858,321 Maple Drive,Room 78,Heishui,,97084,666,937
20,JSJ-5134,NQQ-9437,321 Maple Drive,Suite 75,Chengjiao,,52789,999,597
21,SZL-2636,BAW-6675,321 Maple Drive,Room 1348,Mehrān,,88801,982,357
22,VPT-0907,WXS-4310,321 Maple Drive,Apt 68,Novo Horizonte,,74921,183,356
23,LMD-1319,PFY-5587,123 Main Street,5th Floor,28 de Noviembre,,94989,516,987
24,SGI-5458,SEG-9164,456 Elm Avenue,19th Floor,Vidual,Coimbra,34233,556,836
25,OPY-6412,RLB-0039,123 Main Street,Suite 92,Nykvarn,Stockholm,97192,711,284
26,CIM-2282,VKS-2559,789 Oak Lane,PO Box 29061,Urrao,,27140,653,232
27,VUP-1031,ICM-1154,456 Elm Avenue,Apt 817,Vale de Rolas,Setúbal,21434,331,621
28,FQY-7974,DPV-2998,123 Main Street,Suite 57,Fuerte,,91727,728,987
29,ARS-3017,ZHP-9628,789 Oak Lane,Suite 84,Jiquilillo,,26761,119,200
30,YIR-2396,QSQ-6261,456 Elm Avenue,Room 843,Bailang,,49427,780,466
31,IDI-2921,TCT-4831,456 Elm Avenue,Suite 41,Karang,,63135,361,953
32,LNM-9925,JQN-6859,123 Main Street,Room 876,Oslob,,41367,576,414
33,DIF-4193,IFH-1424,321 Maple Drive,Suite 25,Brailiv,,40229,492,589
34,WEL-8435,XTN-0358,987 Pine Road,Room 430,Bishan,,41585,597,5
35,OLR-0651,SSM-2920,321 Maple Drive,PO Box 42724,Tomioka,,81054,585,268
36,EAN-1992,BRN-2737,123 Main Street,PO Box 19717,Daliciasao,,15199,966,180
37,LCW-6539,IBI-0674,456 Elm Avenue,PO Box 8314,Wendo,,83100,684,417
38,ZSS-3390,EZT-9702,789 Oak Lane,Apt 1646,Sawahan,,93769,728,519
39,LIO-0454,WDV-2924,321 Maple Drive,PO Box 26871,Marseille,Provence-Alpes-Côte d'Azur,89574,428,110
40,AJK-0044,NIJ-8603,123 Main Street,17th Floor,Kijang,,22985,691,573
41,NLU-0406,NVG-1974,987 Pine Road,Room 1095,Curitibanos,,70655,766,75
42,GWO-1366,LKH-7271,987 Pine Road,Apt 38,Huangzhai,,76601,916,516
43,LHC-7474,LBS-3833,456 Elm Avenue,Room 1999,Mao,,11211,862,302
44,MDL-0573,WCO-6708,456 Elm Avenue,Apt 1775,Tulu Bolo,,75845,547,349
45,LEV-1423,GIT-5756,456 Elm Avenue,17th Floor,Kepoh,,15553,293,970
46,VNO-5425,LPD-5292,321 Maple Drive,14th Floor,Dapdapan,,46538,899,120
47,KFU-8472,EJI-9018,987 Pine Road,Apt 829,Tucdao,,46296,868,823
48,BHI-4172,FJZ-5880,987 Pine Road,Room 342,Kyela,,66825,433,526
49,RGC-4396,WFK-1887,123 Main Street,16th Floor,Kafarati,,53235,828,980
50,WHB-8383,IKW-0217,123 Main Street,PO Box 12790,Panaitólion,,99273,14,264
51,UAR-1065,JZE-2947,987 Pine Road,Room 213,Pasaje,,58776,536,898
52,LTP-7052,IOX-3511,456 Elm Avenue,Room 687,Aldeia,Porto,56405,110,551
53,ZEB-4986,PGY-3870,456 Elm Avenue,20th Floor,Sanqishi,,90292,26,833
54,SUW-5997,QKL-7780,456 Elm Avenue,Apt 1587,Ampelákia,,48970,391,813
55,DLH-4193,TGG-8795,321 Maple Drive,18th Floor,Jianguang,,39841,149,589
56,DZA-5129,UAU-3699,456 Elm Avenue,Room 6,Urcos,,7605,55,257
57,NQK-0211,YZB-9843,789 Oak Lane,Apt 1225,Fyllingsdalen,Hordaland,23371,687,711
58,GCB-4901,ZWY-5312,321 Maple Drive,Room 1983,Tebon,,36380,58,454
59,EPF-5420,QXG-3584,789 Oak Lane,Suite 76,Stockholm,Stockholm,11474,205,990
60,RCU-2334,HWY-0299,123 Main Street,Room 586,Kopen,,66906,274,387
61,YYM-3136,SRE-7125,123 Main Street,Suite 93,Kuty,,92373,769,577
62,COH-6743,RDG-0684,456 Elm Avenue,PO Box 75753,Sarāqib,,82315,805,496
63,YGJ-8888,JEC-4367,456 Elm Avenue,4th Floor,Przeworsk,,70308,165,789
64,MZC-0904,YGS-8878,123 Main Street,Apt 1624,Nouméa,,19618,294,250
65,DAB-0297,FHR-2995,456 Elm Avenue,Apt 2,Waingapu,,67515,700,776
66,DOZ-8523,PHS-2329,321 Maple Drive,Apt 1865,Zinder,,4200,257,348
67,MHI-7846,ODI-7921,123 Main Street,Suite 75,Bibiani,,38633,150,985
68,MBJ-6160,GTO-2079,987 Pine Road,PO Box 23151,Leran Kulon,,17462,860,795
69,QJV-7251,KVV-7793,456 Elm Avenue,Apt 51,Xinbei,,70928,64,470
70,VSO-6208,PZR-0475,789 Oak Lane,2nd Floor,Zall-Dardhë,,55354,708,698
71,ZNF-9757,KTL-5357,987 Pine Road,Apt 406,Chernomorets,,62391,804,472
72,AGJ-7200,PVC-5710,321 Maple Drive,Suite 38,Moju,,3180,303,919
73,TTE-7162,JPQ-1828,987 Pine Road,Apt 742,Poříčí nad Sázavou,,73086,209,601
74,ACX-7332,PCM-4124,456 Elm Avenue,Suite 82,Kariat Arkmane,,35824,772,883
75,TIN-2515,DTM-8540,456 Elm Avenue,Room 1129,Krajan Atas Suger Lor,,39807,555,29
76,ZHE-1838,XOI-2499,321 Maple Drive,Room 247,Longping,,79684,34,494
77,GZQ-1116,YWJ-5206,321 Maple Drive,Room 1769,Pushkino,,38500,368,120
78,MQW-8175,VIT-9074,987 Pine Road,19th Floor,Wuhu,,65473,834,265
79,YDE-1274,YBK-7982,456 Elm Avenue,Apt 1093,Chalon-sur-Saône,Bourgogne,72702,464,70
80,NXB-9880,XNN-5606,789 Oak Lane,PO Box 24579,Xinlin,,23154,105,392
81,KUN-9246,RLB-0179,123 Main Street,Room 957,Botevgrad,,62464,631,649
82,UMA-1750,XKW-8405,123 Main Street,19th Floor,Jiaoxie,,54447,889,808
83,MPI-3102,XIN-4207,789 Oak Lane,PO Box 20325,Tymbark,,97291,692,226
84,YWH-8163,PNH-9743,987 Pine Road,12th Floor,Espinal,,94936,758,694
85,UHE-6058,KJR-0006,789 Oak Lane,Apt 1559,Luleå,Norrbotten,88064,576,719
86,RVO-0137,BNI-5994,456 Elm Avenue,PO Box 92080,Dianzi,,62786,886,236
87,DFH-4652,HEV-5169,123 Main Street,Suite 41,Polovinnoye,,96219,230,820
88,PNY-9282,NJH-8267,789 Oak Lane,11th Floor,Alikalia,,9790,761,324
89,BQH-1820,MZL-4076,789 Oak Lane,Apt 911,Kil’mez’,,78407,663,423
90,OYQ-7242,BVO-2343,456 Elm Avenue,7th Floor,Xinbao,,94440,575,979
91,EOK-0460,UMC-4770,789 Oak Lane,Suite 82,Limenária,,22441,399,362
92,TNM-2968,JDC-5830,789 Oak Lane,19th Floor,Beaung Tengah,,35063,244,529
93,GGS-3500,MPD-1121,456 Elm Avenue,Suite 90,Tegalrejo,,21789,524,549
94,XLE-5284,OUW-9296,456 Elm Avenue,9th Floor,Bylym,,82564,804,10
95,XNU-0915,DSP-0776,321 Maple Drive,9th Floor,Moundou,,45926,816,718
96,ZMM-3952,SGV-4155,987 Pine Road,Suite 82,Shahezi,,39471,818,853
97,ORV-7636,RVS-5541,456 Elm Avenue,PO Box 64759,Büzmeýin,,10123,713,270
98,GPT-1415,GMV-8830,789 Oak Lane,Apt 1535,Torslanda,Västra Götaland,7342,295,255
99,GBJ-0724,AFM-3090,789 Oak Lane,Room 761,Ad Darbāsīyah,,16956,710,295
100,VMY-8739,QUU-2441,456 Elm Avenue,Suite 91,Yeniköy,Manisa,36907,681,96
101,OUF-4899,TPV-6116,789 Oak Lane,Room 1661,Enjitsu,,73498,49,409
102,NKU-1771,LDU-7215,123 Main Street,PO Box 2853,Nagcarlan,,94709,949,690
103,ESN-6836,DYO-0210,321 Maple Drive,16th Floor,Bijeli,,74200,391,767
104,SYZ-9447,HAC-8444,456 Elm Avenue,Room 1999,Doujia,,75397,397,841
105,NWM-8677,BKN-8359,123 Main Street,Room 682,Lluchubamba,,1730,427,351
106,FWY-3878,CHV-7041,321 Maple Drive,PO Box 95911,Paris 02,Île-de-France,94290,980,78
107,UNH-8491,TXU-8701,456 Elm Avenue,PO Box 87010,Coutada,Viana do Castelo,88202,808,568
108,PRC-8633,PHH-9852,987 Pine Road,Apt 1949,Tanzybey,,93302,1000,954
109,AYL-2597,NMS-8666,123 Main Street,19th Floor,Inderka,,4193,702,183
110,LFP-0320,KIH-6460,987 Pine Road,Room 1431,Ibotirama,,94719,321,488
111,ISV-4393,UEV-6764,789 Oak Lane,Apt 816,Mehtar Lām,,52453,990,322
112,DQV-1148,UNO-1276,321 Maple Drive,PO Box 70750,Amieira,Évora,24899,566,363
113,HWF-7526,OIL-0749,789 Oak Lane,PO Box 4011,Xamtay,,93703,56,224
114,OSU-7016,UEN-4590,456 Elm Avenue,PO Box 21926,Gunan,,12143,14,916
115,VFF-2167,LUF-7512,789 Oak Lane,PO Box 83197,Valky,,65188,762,588
116,XHC-5371,JCF-1272,321 Maple Drive,PO Box 2420,Amahusu,,97470,258,276
117,QSY-0372,CDF-6063,987 Pine Road,Room 1422,Chư Prông,,35666,208,188
118,AKY-1425,KBU-8200,456 Elm Avenue,Room 426,Duwakkandung,,27835,636,970
119,XZM-7373,DSM-1102,789 Oak Lane,7th Floor,Dąbrowa,,11288,890,765
120,HZP-1857,LZD-6039,321 Maple Drive,14th Floor,Huangbayi,,32316,800,700
121,ZOF-2703,GDJ-8460,123 Main Street,Room 708,Strömsnäsbruk,Kronoberg,42789,882,953
122,RNH-2353,MYD-4774,321 Maple Drive,Apt 736,Tongjin,,87575,892,932
123,EUA-1870,OOY-0543,456 Elm Avenue,16th Floor,Diffa,,4789,454,195
124,MSJ-1712,UIH-4932,321 Maple Drive,Apt 1409,Goiatuba,,93656,850,511
125,YWC-6874,HWN-1789,456 Elm Avenue,Suite 6,Nueva Helvecia,,56108,231,755
126,BHS-2430,WYZ-2102,321 Maple Drive,Room 782,Senadan,,43279,934,205
127,GAF-8832,RDO-3185,321 Maple Drive,PO Box 17975,Oliveirinha,Aveiro,62383,649,241
128,XSP-1889,JYE-7697,321 Maple Drive,Suite 16,Springfield,Illinois,29482,722,754
129,IRN-1955,GHR-9477,987 Pine Road,Room 461,Sivaki,,72449,727,248
130,VQY-1826,FCD-4699,987 Pine Road,PO Box 33414,Miharu,,75586,664,894
131,URK-7014,QEP-6811,789 Oak Lane,Apt 120,Nanjia,,38428,377,272
132,AMQ-0074,RIP-7492,987 Pine Road,PO Box 43347,Yukuhashi,,8439,774,212
133,RMT-6891,RQB-2657,789 Oak Lane,Room 1773,Bello,,28841,603,235
134,KGS-7473,HOO-1860,456 Elm Avenue,Apt 77,Cihambali,,17435,560,208
135,QGL-8556,VON-7615,456 Elm Avenue,6th Floor,Huangzhou,,24348,757,855
136,DRY-9688,HPN-1128,789 Oak Lane,Apt 447,Trubchevsk,,75526,618,256
137,TXG-6447,ERS-4003,123 Main Street,Apt 866,Mailsi,,69568,202,857
138,UMP-2642,THH-5142,789 Oak Lane,Suite 46,Khong Chai,,43995,795,634
139,TKN-4136,LHH-5861,789 Oak Lane,PO Box 86132,Iradan,,17426,743,365
140,PZK-4238,JMQ-4094,456 Elm Avenue,13th Floor,Santa Cruz das Palmeiras,,60597,988,160
141,UQW-4418,PXA-1639,321 Maple Drive,Room 342,Semarapura,,39982,199,798
142,BMP-2390,EQO-2652,123 Main Street,Suite 72,Washington,District of Columbia,45407,302,110
143,YBS-1096,XJU-8459,987 Pine Road,Suite 46,Ringin Kembar,,58139,460,123
144,CEG-3626,QUZ-1766,123 Main Street,Room 892,Bom Jesus dos Perdões,,7053,182,943
145,ZYM-1534,JPC-8096,789 Oak Lane,PO Box 82914,Jibiya,,710,700,81
146,EQR-5518,GMI-6952,789 Oak Lane,3rd Floor,Dacudao,,71232,77,693
147,VGR-7816,OTI-1057,987 Pine Road,13th Floor,Onzaga,,85638,192,979
148,MVI-7114,CTK-7646,123 Main Street,9th Floor,Águas de Lindóia,,20742,986,680
149,VHR-6347,COP-7463,321 Maple Drive,Room 1816,Colomi,,40600,178,505
150,DCP-3777,QVM-1223,456 Elm Avenue,Apt 64,Chợ Mới,,51867,753,629
151,YDS-1106,NSG-2181,123 Main Street,Suite 54,Daitou,,71380,527,7
152,TNK-7698,GIE-6936,123 Main Street,Suite 48,Port Sudan,,89924,123,783
153,RUO-1370,MEQ-0301,321 Maple Drive,PO Box 71280,Adámas,,34432,387,878
154,MNK-6548,JSC-6507,456 Elm Avenue,10th Floor,Lefkímmi,,79092,42,555
155,ZXL-6379,WEN-0243,321 Maple Drive,PO Box 77987,Tacoma,Washington,36059,439,981
156,UXQ-3343,YGF-1486,123 Main Street,Room 1038,Prado Siongco,,12877,286,44
157,IAC-4610,EDE-9559,321 Maple Drive,Room 1891,Kiili,,30680,570,869
158,JTC-7717,VKE-7422,321 Maple Drive,Suite 19,Tuqiao,,19753,271,494
159,OEW-7261,ORD-8851,789 Oak Lane,Apt 87,Mbanza Congo,,62761,134,381
160,JMJ-0821,DOY-2277,456 Elm Avenue,1st Floor,Butare,,83227,165,636
161,JTE-7461,TDC-2290,456 Elm Avenue,2nd Floor,Ulster Spring,,42334,599,323
162,ESJ-2558,PQB-6998,456 Elm Avenue,PO Box 2279,Sogcho,,94849,867,505
163,TEG-6653,ONE-3530,987 Pine Road,PO Box 92441,Yangsan,,54247,262,920
164,MJA-1460,RXT-1403,123 Main Street,15th Floor,Bezons,Île-de-France,116,6,903
165,LEC-0818,HDL-3431,321 Maple Drive,PO Box 65472,Duyên Hải,,55074,339,919
166,USO-8474,KML-1836,987 Pine Road,Suite 81,Burgos,,61399,478,589
167,DVL-2574,INN-9707,789 Oak Lane,Room 749,Tomingad,,22278,727,890
168,WIW-6512,CLI-7070,321 Maple Drive,Suite 9,Bayangol,,22541,960,282
169,SOO-6109,WWH-6630,789 Oak Lane,Room 258,Rokytnice,,39650,159,503
170,HVJ-2971,LGB-3072,456 Elm Avenue,15th Floor,Taiyang,,31694,41,188
171,YQJ-9286,DYB-2089,321 Maple Drive,Apt 710,Yingjiang,,45343,158,783
172,JRF-5871,IKK-0451,123 Main Street,10th Floor,Hamburg,Hamburg,71184,951,938
173,QEZ-2460,GEI-8076,789 Oak Lane,Suite 91,Badrah,,98525,331,524
174,CTH-1716,ZIO-4191,456 Elm Avenue,18th Floor,Moses,Porto,70761,612,287
175,FVX-0629,DUR-4348,456 Elm Avenue,PO Box 75719,Nong Muang,,73972,53,408
176,KSZ-9593,QDV-6704,456 Elm Avenue,Room 1067,Bassar,,3196,793,228
177,XAQ-8501,BWJ-1115,789 Oak Lane,PO Box 59943,Stockholm,Stockholm,72894,955,769
178,XUV-2084,VRK-3026,456 Elm Avenue,Apt 1115,Ercheng,,54048,641,591
179,HIM-3774,ZYM-4640,789 Oak Lane,Apt 796,Orzech,,48760,631,132
180,WRR-3918,LWR-9455,987 Pine Road,Suite 18,Heshi,,39385,864,56
181,ILJ-0334,SHG-9682,987 Pine Road,Suite 85,Kakhovka,,44338,678,539
182,JLJ-6104,SIV-2042,789 Oak Lane,Room 358,Bassar,,65504,309,819
183,KAN-5481,XHE-0242,789 Oak Lane,Apt 1141,Tirana,,16701,503,434
184,DPI-7902,WVK-2428,321 Maple Drive,15th Floor,Milwaukee,Wisconsin,71286,809,490
185,DRW-0177,UZW-8523,321 Maple Drive,Room 1750,Jiahe,,48638,587,963
186,AHF-7894,UGG-9728,321 Maple Drive,Suite 59,Cipicung,,96614,564,554
187,EVN-6919,OTI-9855,321 Maple Drive,18th Floor,Asnières-sur-Seine,Île-de-France,54898,367,34
188,JNJ-5791,FQD-9743,987 Pine Road,Room 980,Karlivka,,32419,75,515
189,CFG-0745,WSZ-9138,789 Oak Lane,Apt 250,Jingzhu,,97808,803,356
190,HUD-3191,FPF-1997,321 Maple Drive,Apt 679,Targanice,,22346,725,404
191,BOR-3427,FEH-5733,123 Main Street,PO Box 48284,Siding,,60067,326,882
192,RIN-6245,ZJU-9819,123 Main Street,PO Box 22328,Kabul,,94569,539,703
193,OIK-3501,EVZ-3925,321 Maple Drive,PO Box 8149,Wodzisław Śląski,,57223,226,795
194,EYR-1536,EKW-0706,987 Pine Road,Suite 1,San Ignacio de Velasco,,99371,980,179
195,DUX-3754,LNW-0850,123 Main Street,1st Floor,Kompóti,,39877,189,469
196,PHH-2160,KPJ-6790,987 Pine Road,Room 691,Rio das Pedras,,68247,534,1000
197,SAU-8623,RUQ-1304,987 Pine Road,Apt 1220,Yangirabot,,46712,70,124
198,QJF-3139,NPF-7549,456 Elm Avenue,Suite 70,Albany,New York,85811,806,716
199,PZI-1012,IYY-6576,123 Main Street,Suite 70,Zhaojia,,6405,518,531
200,XFD-9336,YCD-6378,789 Oak Lane,15th Floor,Imbang,,4749,164,472
201,BBS-1121,ZFM-5279,987 Pine Road,Room 1274,Kajansi,,6712,426,324
202,NEL-5548,LJB-9794,123 Main Street,Suite 96,Baisha,,39958,557,706
203,JJA-8835,GKN-8642,987 Pine Road,Suite 40,Orekhovo-Borisovo,,79156,550,9
204,NGM-4303,SLI-6616,789 Oak Lane,Room 1041,Karangora,,41563,414,13
205,ANX-3160,YSF-9714,987 Pine Road,PO Box 96117,Rehoboth,,94224,95,691
206,OWO-0307,NNG-4273,789 Oak Lane,Suite 1,Eldoret,,89528,358,216
207,VFB-6301,HWD-6891,321 Maple Drive,Suite 24,Wangchuanchang,,83961,227,389
208,EAM-2924,XZV-6001,789 Oak Lane,Suite 54,Chuanbu,,94703,905,595
209,XFC-0844,NFQ-1913,456 Elm Avenue,Suite 87,Xinghai,,16444,219,104
210,RRT-5326,FLX-3590,321 Maple Drive,Suite 30,Mazār-e Sharīf,,54083,680,334
211,NLY-9013,RXV-6855,123 Main Street,Room 990,Wakefield,,56567,340,371
212,IUB-7630,UBO-8309,456 Elm Avenue,Room 573,Yantai,,23470,340,628
213,SUO-4769,WHT-6887,123 Main Street,7th Floor,Ganyesa,,84529,370,883
214,LBJ-8656,WAO-3514,789 Oak Lane,PO Box 75034,Xiatuanpu,,9996,301,266
215,WFY-3350,DZO-3462,321 Maple Drive,Room 122,Bazzāryah,,22829,224,192
216,NSI-1940,KVC-0160,321 Maple Drive,Apt 1280,Bebedouro,,11783,974,562
217,XKP-1447,UQX-1362,789 Oak Lane,Apt 529,Zhanxu,,72617,771,270
218,BXR-4754,DDJ-4224,123 Main Street,2nd Floor,Dalupirip,,34953,634,243
219,KYA-6255,JDZ-0101,456 Elm Avenue,Apt 1976,Santiago do Cacém,Setúbal,53516,544,276
220,YCO-9238,TYI-8917,789 Oak Lane,Suite 45,Ruma,,43983,487,483
221,ZXE-3201,HMW-4574,987 Pine Road,Suite 84,San Basilio,,26422,575,982
222,RRF-5829,CDU-6753,789 Oak Lane,1st Floor,Qianguo,,50895,844,628
223,BRY-7994,JYY-3480,789 Oak Lane,Suite 84,Rathnew,,63629,771,352
224,ONS-1759,KYP-1242,321 Maple Drive,Apt 468,Sobotín,,2073,665,375
225,JWT-6279,KUN-5355,789 Oak Lane,12th Floor,Idrija,,24537,10,189
226,YEK-4323,TCU-2475,987 Pine Road,PO Box 95000,Lieyu,,1366,118,511
227,PMK-6098,YMY-2041,321 Maple Drive,Apt 1518,Zhulin,,85322,685,435
228,KNV-1589,MIW-7162,789 Oak Lane,8th Floor,Vila Velha de Ródão,Castelo Branco,17412,355,216
229,ECJ-1229,XRL-1541,987 Pine Road,Room 70,Jiacun,,38162,457,430
230,UYI-2373,TTR-1722,123 Main Street,PO Box 11526,Dhī Nā‘im,,726,247,718
231,UCZ-8334,MEH-9460,123 Main Street,Apt 1886,Sandymount,,21214,927,771
232,KXJ-0354,GZE-3472,789 Oak Lane,18th Floor,Manning,Alberta,65173,658,382
233,FPI-9425,ETN-7911,123 Main Street,Room 1269,Quivilla,,25466,629,374
234,YOE-6764,ZMQ-9199,987 Pine Road,Apt 1729,Sundbyberg,Stockholm,73147,941,875
235,VWC-2842,JSV-2637,456 Elm Avenue,1st Floor,Notre-Dame-de-l'Île-Perrot,Québec,63932,637,411
236,XAG-8791,VVI-7070,987 Pine Road,Apt 1500,Kabasalan,,45350,250,287
237,EJE-6290,DIA-8116,321 Maple Drive,Apt 393,Krzanowice,,23400,982,462
238,UFH-8204,ZPQ-7632,987 Pine Road,12th Floor,Leifeng,,25622,41,185
239,CUQ-4201,HZT-5416,789 Oak Lane,Room 803,Sukmoilang,,25195,699,586
240,SML-7922,DMY-5687,321 Maple Drive,Room 1173,Jandaia do Sul,,24200,907,135
241,MXX-1473,JIJ-2980,456 Elm Avenue,PO Box 79539,Cambas,Castelo Branco,42237,329,590
242,IKV-9399,NXW-8906,123 Main Street,PO Box 77000,Pindushi,,66786,391,703
243,EJO-5030,UJS-1037,987 Pine Road,Room 283,Duoxiang,,54998,938,235
244,HGG-3509,RPJ-3436,789 Oak Lane,Apt 1740,Papágou,,90180,816,834
245,YMQ-2244,GTQ-0295,987 Pine Road,Room 1491,Nieuw Nickerie,,22725,968,103
246,DTY-9121,DCV-9110,321 Maple Drive,11th Floor,Camrose,Alberta,80004,117,739
247,COE-5754,JGE-8013,789 Oak Lane,PO Box 9857,Tunal,,94594,396,277
248,YGX-1867,FDE-7344,123 Main Street,Suite 88,Jianxincun,,7419,263,824
249,VKT-9433,LLQ-5185,123 Main Street,18th Floor,Wailiang,,13634,554,242
250,GIC-0112,IXV-9561,987 Pine Road,17th Floor,Rostokino,,22137,742,569
251,LSY-4778,IUQ-3625,456 Elm Avenue,13th Floor,Sijiqing,,37164,290,443
252,VCY-3471,WAE-1713,987 Pine Road,Suite 39,Saltsjöbaden,Stockholm,12141,26,877
253,RNP-9479,FQB-2106,987 Pine Road,Suite 74,Rezé,Pays de la Loire,18754,934,391
254,WLQ-3933,IDR-3265,123 Main Street,Suite 74,Dolgoprudnyy,,46256,530,201
255,YYW-3322,NDN-8912,321 Maple Drive,PO Box 43982,Campo Alegre,,76014,842,150
256,DVZ-6942,UVZ-6705,987 Pine Road,PO Box 29090,Tulsa,Oklahoma,7845,789,820
257,WRE-7955,ZLG-2831,321 Maple Drive,PO Box 17284,Zhongba,,41131,384,983
258,ZHL-8832,QKU-0838,123 Main Street,PO Box 8568,Shejiang,,8623,527,757
259,BFC-3107,VCK-1739,123 Main Street,PO Box 17623,Muaralembu,,17932,823,154
260,UYY-3090,HNA-9170,123 Main Street,PO Box 16438,Srbica,,85869,521,485
261,UNC-3421,CTM-4120,321 Maple Drive,Suite 23,Kax,,62019,457,826
262,EQJ-2090,VUW-9411,321 Maple Drive,PO Box 36434,Rusip,,80699,499,10
263,MZM-2382,JWF-9861,789 Oak Lane,PO Box 39250,Vientiane,,29777,45,181
264,XHS-0437,IOO-4596,789 Oak Lane,Room 1046,Delok,,55234,304,432
265,KIR-2236,QZJ-8709,456 Elm Avenue,4th Floor,Novodmitriyevskaya,,93131,920,512
266,AJV-0091,NOG-9037,987 Pine Road,Apt 1371,Liyang,,24907,668,138
267,NLX-9303,TEC-7543,456 Elm Avenue,PO Box 11500,Špišić-Bukovica,,70515,198,915
268,EZJ-8661,JZA-2261,987 Pine Road,PO Box 18716,Fushi,,47941,329,870
269,YEY-8362,YVA-7264,456 Elm Avenue,Apt 548,Jerada,,64558,527,646
270,NDF-9702,WDI-0272,789 Oak Lane,Suite 2,Paldiski,,80261,85,530
271,FCN-6838,TGM-5141,321 Maple Drive,Room 1387,Matinha,,24674,971,547
272,IMO-0178,WZM-4024,456 Elm Avenue,4th Floor,Buganda,,85823,99,738
273,XRC-8607,JAU-7510,123 Main Street,PO Box 42457,Mel’nikovo,,21116,172,324
274,HGM-4412,HTD-8665,789 Oak Lane,Suite 99,Iberia,,97221,995,805
275,SVB-6107,IZJ-2583,321 Maple Drive,Apt 346,Zhaojia,,23196,980,499
276,CKY-7903,ITH-9926,789 Oak Lane,14th Floor,Gândara,Viseu,8636,792,308
277,FMH-9054,FKJ-6129,987 Pine Road,Apt 1873,Siquirres,,60291,551,257
278,LSD-6415,TLU-8860,456 Elm Avenue,Room 1727,Tshikapa,,56398,547,576
279,AWS-1095,VFW-0569,789 Oak Lane,Apt 1943,Gaxung,,97217,8,880
280,JSL-7169,XAJ-8384,321 Maple Drive,PO Box 22172,Szczecin,,70493,642,582
281,LPE-8096,XFN-9136,789 Oak Lane,Room 383,Marcabal,,50190,68,49
282,IFA-7853,VLD-5003,321 Maple Drive,Suite 14,Sieradza,,38312,216,408
283,ITO-1154,LHV-6161,123 Main Street,PO Box 84355,Las Americas,Tamaulipas,83232,687,102
284,OUD-2681,XXB-6317,321 Maple Drive,Suite 70,Zahedan,,86057,645,708
285,BEF-1897,JPN-1952,123 Main Street,Suite 21,Umeå,Västerbotten,7454,793,168
286,VBD-2906,YCG-1734,456 Elm Avenue,PO Box 29221,Catamayo,,85691,219,62
287,EOM-6066,WSZ-2452,789 Oak Lane,10th Floor,Nikolayevsk,,10982,886,221
288,XTM-9012,SIX-9998,321 Maple Drive,14th Floor,Dawuhan,,37721,702,834
289,HUT-7710,PNI-3332,321 Maple Drive,2nd Floor,Hefu,,15368,435,261
290,ZKO-9193,MXG-8834,456 Elm Avenue,Room 446,Yangdun,,63684,856,488
291,QEC-6834,XEM-3143,987 Pine Road,PO Box 8413,Wanghu,,39209,107,860
292,GLK-1921,WBS-2416,321 Maple Drive,PO Box 50855,Pallasca,,46448,211,645
293,UME-4447,GTX-2086,123 Main Street,PO Box 21810,Neskaupstaður,,57637,551,99
294,IEW-3052,LKR-1162,987 Pine Road,15th Floor,Kalāt-e Nāderī,,95914,849,461
295,CNO-6896,UJH-8124,789 Oak Lane,PO Box 80484,Frederiksberg,Region Hovedstaden,49348,720,763
296,MXK-7986,WJA-3530,456 Elm Avenue,5th Floor,Xinchengpu,,71549,900,343
297,NBS-7583,BHI-3879,456 Elm Avenue,Suite 98,Motala,Östergötland,27089,1000,267
298,ARV-9901,ZLE-4599,987 Pine Road,Suite 46,Gōdo,,34200,760,370
299,YZS-7628,HVC-4603,123 Main Street,PO Box 13691,Colcabamba,,54587,794,369
300,KXM-6032,ZYB-5746,789 Oak Lane,20th Floor,Danghara,,1046,446,574
301,BGH-2391,QEA-5447,987 Pine Road,Room 736,Mobile,Alabama,30869,663,571
302,WVL-1264,WBD-2552,789 Oak Lane,PO Box 74282,Vide,Guarda,15875,837,955
303,MLE-4918,EGK-0248,456 Elm Avenue,PO Box 18550,Massy,Île-de-France,26459,963,830
304,EQB-2969,BGJ-0515,456 Elm Avenue,Apt 431,Sang-e Chārak,,25638,74,264
305,JFC-7242,DXZ-5301,321 Maple Drive,15th Floor,Zheshan,,21344,765,353
306,SIL-8001,VCX-8527,321 Maple Drive,Room 918,Huangsha,,22460,703,21
307,YVH-1625,FSN-7772,456 Elm Avenue,PO Box 84989,Dalai,,13562,158,422
308,CKN-5553,LQJ-3470,321 Maple Drive,Room 472,Buyant,,24721,25,125
309,DSF-7933,LUP-8071,321 Maple Drive,Room 815,Chapadinha,,83662,471,360
310,IYW-2739,VKV-4739,987 Pine Road,Apt 1436,Legionowo,,63709,735,889
311,JIW-5369,TYO-5614,123 Main Street,17th Floor,Lat Lum Kaeo,,13020,340,696
312,PSD-3029,XHJ-2204,321 Maple Drive,18th Floor,Greensboro,North Carolina,9409,39,987
313,GPX-5783,KCA-8981,123 Main Street,PO Box 61967,Balyqshy,,94502,90,621
314,DLG-5071,ZLZ-7394,123 Main Street,Suite 29,Namikupa,,19226,76,204
315,JLG-1819,XTI-8448,123 Main Street,Suite 52,Dabbūrīya,,27945,56,591
316,FEG-6948,GYJ-2527,456 Elm Avenue,PO Box 11387,Cabagan,,31781,183,590
317,RIL-3490,RCO-8166,123 Main Street,Apt 372,Ouani,,56259,814,666
318,THZ-2397,UNY-4919,321 Maple Drive,PO Box 13410,Tongqiao,,14767,258,665
319,OFG-1965,GCO-1698,789 Oak Lane,Room 553,Vila Pouca da Beira,Coimbra,84198,572,552
320,DVA-4607,AGN-9819,456 Elm Avenue,7th Floor,Birsa,,98650,73,179
321,LRQ-2275,KTK-3457,789 Oak Lane,Suite 28,Timoulilt,,20036,589,800
322,BKJ-3736,HIW-0964,321 Maple Drive,Suite 85,Ciklapa,,80778,842,292
323,MGO-8331,CGZ-0810,987 Pine Road,Room 459,Saint Petersburg,,70419,234,364
324,JHI-2555,BMV-5717,987 Pine Road,2nd Floor,Pueblo Nuevo,,2927,933,333
325,YQT-6163,MAH-7258,789 Oak Lane,Suite 39,Sevlievo,,64666,265,690
326,XRF-0731,IKO-2196,456 Elm Avenue,3rd Floor,Tiyuguan,,4384,418,523
327,VKV-8236,OFK-0729,987 Pine Road,2nd Floor,Xilin Hot,,7833,398,500
328,FYU-1988,FJH-5855,789 Oak Lane,Room 1657,Gyodong,,64120,462,794
329,XBZ-2771,AVU-0175,321 Maple Drive,Suite 53,Rumboci,,71687,646,755
330,VGP-3674,UHI-8307,987 Pine Road,PO Box 51424,Xuri,,69155,415,458
331,FZB-4167,QZI-1720,456 Elm Avenue,Room 316,Söderhamn,Gävleborg,95812,444,911
332,ICZ-7483,YLC-0509,321 Maple Drive,Apt 693,Karanggintung,,29728,324,81
333,TBH-8445,EAV-1719,789 Oak Lane,Room 1002,Sapol,,77856,18,391
334,UMX-4488,XXL-2603,123 Main Street,10th Floor,Shenkou,,24253,399,629
335,TVC-7099,WRP-9016,987 Pine Road,Suite 56,Kristinehamn,Värmland,33280,690,294
336,RAN-6442,GXO-2988,789 Oak Lane,PO Box 38942,Haarlem,Provincie Noord-Holland,91273,122,475
337,QRI-9826,HVO-3718,789 Oak Lane,PO Box 83811,Camp Diable,,70909,548,647
338,BJQ-7300,RYM-8900,987 Pine Road,PO Box 65135,Kapakabisa,,10844,7,980
339,EPG-1445,XXO-8626,789 Oak Lane,Suite 86,Suwatu,,79624,657,149
340,WWN-6861,NDI-0248,987 Pine Road,16th Floor,San Luis,Coahuila De Zaragoza,63679,738,890
341,SUL-0630,QLW-6098,789 Oak Lane,15th Floor,Khong Chai,,84973,634,172
342,XOD-0590,JQK-0426,123 Main Street,Apt 876,Kushtia,,36887,65,656
343,TFO-1508,RVN-9545,789 Oak Lane,12th Floor,Soufrière,,64129,775,828
344,FPI-9269,BTC-4833,987 Pine Road,2nd Floor,Cerinza,,98207,764,951
345,IMV-1515,AJO-6908,123 Main Street,PO Box 34930,Uścimów Stary,,73391,600,346
346,IDQ-4147,UPR-5652,789 Oak Lane,Apt 1986,Karangampel,,83165,47,432
347,KTT-3571,LNA-9858,789 Oak Lane,PO Box 50777,Dongba,,15706,718,647
348,XKE-3863,GOD-2309,321 Maple Drive,Room 102,Lambayong,,81554,869,628
349,HWQ-3637,RWZ-8107,456 Elm Avenue,Room 601,Sungairaya,,69698,75,586
350,XDX-8010,XLQ-8932,789 Oak Lane,Apt 1696,Karangpaningal,,88809,367,415
351,YPI-2322,JCL-4485,987 Pine Road,3rd Floor,Quốc Oai,,11248,951,870
352,POG-4550,ALG-1524,456 Elm Avenue,Room 525,Västanfjärd,,2256,515,929
353,TSB-5848,TAZ-7858,123 Main Street,PO Box 75976,Borovskiy,,35477,109,74
354,LZE-3136,KXK-6213,123 Main Street,PO Box 98166,Gniezno,,81794,297,82
355,LJU-5509,NCF-5213,321 Maple Drive,Room 494,Lisboa,Lisboa,32461,806,166
356,CJD-0847,EOR-2662,987 Pine Road,PO Box 35197,Pasirdalem,,55282,703,352
357,HJK-1022,UJD-6572,456 Elm Avenue,Suite 71,Cubatão,,52490,309,234
358,RFM-2118,AYR-3442,987 Pine Road,PO Box 22697,Bukomansimbi,,8043,622,322
359,NSI-6680,LEP-4502,789 Oak Lane,PO Box 40486,Donggaocun,,44459,89,325
360,NRZ-0592,WOS-9293,456 Elm Avenue,Room 101,Palmira,,49900,289,669
361,HSP-4899,ICN-0248,123 Main Street,Room 698,Gongdao,,74708,784,299
362,MVR-8214,VZP-6566,789 Oak Lane,Suite 14,Vohipaho,,95318,949,728
363,MWR-2143,IQO-1385,321 Maple Drive,14th Floor,Urus-Martan,,39421,449,274
364,SVH-2950,SYS-3983,321 Maple Drive,PO Box 3147,Haikou,,89195,391,620
365,KFD-4049,ZWT-5625,987 Pine Road,Suite 89,Bulakbanjar,,3795,405,661
366,AHT-5256,ZCR-9953,789 Oak Lane,2nd Floor,Chilecito,,90706,842,405
367,IFA-5340,OIS-5856,123 Main Street,Room 1393,Banjar Taro Kelod,,23735,677,278
368,YOO-9831,ONP-2186,987 Pine Road,9th Floor,Kruševica,,96702,32,909
369,GAS-2577,MPQ-5101,123 Main Street,Suite 34,Nanbao,,36216,486,456
370,CIA-1372,RRJ-2883,987 Pine Road,8th Floor,Matou,,79555,161,800
371,UOS-2566,ERJ-4558,789 Oak Lane,10th Floor,Pereira,Porto,96870,547,884
372,PLL-0542,OBE-5873,321 Maple Drive,Room 1108,Mina de São Domingos,Beja,37519,226,962
373,HCF-6469,WZP-2188,123 Main Street,2nd Floor,Juzhen,,96333,140,372
374,APC-3657,QAA-8081,321 Maple Drive,9th Floor,Venezuela,,48824,765,766
375,XKJ-7748,GIR-6773,321 Maple Drive,Apt 621,Phu Loc,,84382,401,602
376,LCD-9421,ZNJ-0837,123 Main Street,Apt 400,Lahan Sai,,75331,816,534
377,RIN-7792,IBO-3104,789 Oak Lane,Suite 37,Cerro Corá,,47727,817,989
378,KRJ-6112,UBG-1842,987 Pine Road,Apt 1088,Shymkent,,36363,870,462
379,VYH-0728,CUL-6377,987 Pine Road,PO Box 39901,Jilin,,70357,559,424
380,KET-3944,XTR-7572,123 Main Street,1st Floor,Vitina,,71053,303,172
381,NRB-1010,XKB-2318,456 Elm Avenue,10th Floor,Pereiras,Porto,22731,984,189
382,THU-0056,KUC-6906,123 Main Street,Apt 1962,Karbunara e Vogël,,54326,650,875
383,GAP-3273,SQL-6272,456 Elm Avenue,Apt 333,Nigel,,68125,148,24
384,VGX-0638,JOX-3654,456 Elm Avenue,Room 1333,San Marcos,,25646,306,129
385,CWA-6348,LAA-0823,789 Oak Lane,PO Box 67895,Verba,Aveiro,71,694,746
386,WJP-6792,MCA-8427,789 Oak Lane,Room 1333,Yasothon,,91196,909,241
387,NIB-8039,VLZ-8514,456 Elm Avenue,4th Floor,Tari,,13054,937,678
388,CCZ-1619,QAA-4687,321 Maple Drive,Apt 39,Amarillo,Texas,27518,989,258
389,FGA-7310,RLG-8308,789 Oak Lane,PO Box 18550,Zengtian,,11765,815,964
390,IJP-9697,CGU-8576,321 Maple Drive,PO Box 56989,Seremban,Negeri Sembilan,29507,888,762
391,IFG-1465,XEP-0825,987 Pine Road,PO Box 96149,Ferreiros,Braga,91039,747,718
392,EQF-1126,MQS-8349,789 Oak Lane,PO Box 95968,Xinquan,,99492,664,768
393,DVB-4360,UNJ-0822,789 Oak Lane,PO Box 59378,Ilovka,,38472,383,82
394,DRO-4022,LAY-4418,789 Oak Lane,5th Floor,Muurame,,12653,981,216
395,CFF-7569,MGT-1893,456 Elm Avenue,Room 1452,Gedaliang,,88022,973,171
396,HEU-2620,GWX-4800,987 Pine Road,Suite 86,Shūkat aş Şūfī,,82806,12,407
397,VVO-1562,XLR-9781,987 Pine Road,11th Floor,Taozhuang,,56113,567,106
398,IYD-5586,NFG-8962,321 Maple Drive,20th Floor,Bystřice nad Pernštejnem,,47118,896,98
399,GCY-0968,TXV-4962,987 Pine Road,Suite 18,Jakartovice,,36589,569,66
400,PFP-5134,DGI-9597,987 Pine Road,Room 238,Jiyang,,34566,145,960
401,SLT-6940,PZS-2014,987 Pine Road,PO Box 19415,Krotoszyn,,56579,127,900
402,GZM-8114,BLX-7902,123 Main Street,18th Floor,Stavropol’,,27239,43,485
403,NHT-1366,HQH-2356,987 Pine Road,PO Box 39625,Budapest,Budapest,12288,6,562
404,LHO-8189,XCC-9620,456 Elm Avenue,Room 435,Mechrá Belqsiri,,71916,587,56
405,UIB-0724,URF-4356,789 Oak Lane,Apt 443,Santa Helena de Goiás,,91183,611,27
406,QUX-1166,TZC-4029,123 Main Street,Suite 69,São Pedro do Estoril,Lisboa,40737,404,790
407,HWR-6536,LSR-6253,321 Maple Drive,PO Box 85013,Szeged,Csongrád,47075,551,407
408,IXF-6362,TYC-5167,987 Pine Road,PO Box 47167,Daohe,,85909,561,537
409,KHF-4929,CDK-4216,321 Maple Drive,Room 348,Połomia,,66957,970,784
410,NXZ-4250,MUY-8340,123 Main Street,Suite 6,Granja,Vila Real,91612,88,86
411,IAE-9934,ZCM-4567,987 Pine Road,Room 1756,Tagbacan Ibaba,,3054,313,107
412,ZQG-9093,JUG-1043,987 Pine Road,2nd Floor,Los Angeles,California,57512,216,269
413,UNO-2391,EHM-9011,987 Pine Road,Room 1329,Načeradec,,40488,767,633
414,BIH-0898,JEI-9337,987 Pine Road,Suite 34,Huilong,,7934,760,160
415,MLD-8385,XOG-5282,321 Maple Drive,16th Floor,Jiangtou,,72387,926,87
416,MZV-6966,SBJ-9495,987 Pine Road,Room 431,Surin,,77003,744,671
417,CPG-4354,MKN-7852,321 Maple Drive,5th Floor,Rawa,,1418,353,954
418,MTA-0193,TJK-8213,123 Main Street,Room 588,Bodzechów,,53987,217,907
419,TEP-1995,XAW-8664,456 Elm Avenue,Apt 1808,Jabranti,,75206,423,400
420,ZMQ-8863,NRT-3926,789 Oak Lane,Suite 25,Nāḩiyat Alī ash Sharqī,,37317,928,317
421,VHP-3964,XQV-3370,123 Main Street,Suite 80,Solnechnyy,,58373,662,235
422,UJQ-2967,FRE-7509,321 Maple Drive,Suite 28,Beaumont,,75340,872,254
423,COC-4638,ZZC-4543,456 Elm Avenue,PO Box 43047,Dingtao,,44666,525,756
424,UHU-3737,OZN-5526,456 Elm Avenue,Suite 1,Melun,Île-de-France,63617,146,291
425,CND-0510,FMN-9562,789 Oak Lane,Room 73,Zhoupi,,10437,165,454
426,DGL-5377,LIY-8074,987 Pine Road,16th Floor,Qixia,,20672,189,642
427,BYO-0277,UWG-8618,987 Pine Road,PO Box 31155,Nal’chik,,24928,227,130
428,HME-2170,UXA-3710,456 Elm Avenue,20th Floor,Tembongraja,,19531,632,135
429,CCH-3561,VXP-4006,123 Main Street,PO Box 54826,Марино,,97089,855,540
430,ISY-2329,IGY-3240,123 Main Street,Room 1325,Renhe,,14374,259,859
431,KNI-3539,BSH-8492,987 Pine Road,Suite 57,Sufang,,36336,199,175
432,GRT-8305,TMW-4204,123 Main Street,9th Floor,Miyako,,3607,118,30
433,TTS-6919,GGZ-7212,987 Pine Road,Suite 16,May Pen,,3119,186,36
434,TBG-6127,WTS-0978,321 Maple Drive,15th Floor,Klyuchi,,78361,688,680
435,BVU-8946,KJG-1182,789 Oak Lane,PO Box 48384,Kalisabuk,,15940,819,366
436,OGC-8768,GXH-5657,321 Maple Drive,Suite 48,Parchowo,,24662,581,882
437,ZEC-2066,ZXG-3682,321 Maple Drive,Apt 755,Rozivka,,94503,873,938
438,RWJ-4905,RGY-1286,321 Maple Drive,11th Floor,Val-de-Reuil,Haute-Normandie,83855,56,334
439,FIN-8930,JAK-2581,456 Elm Avenue,20th Floor,Beijie,,2857,872,885
440,XHM-7716,NUN-8428,987 Pine Road,PO Box 63272,Itaperuna,,48857,770,488
441,GUF-0563,ISP-8561,456 Elm Avenue,Room 1016,Dankama,,23997,955,479
442,BLV-5159,INR-3323,987 Pine Road,PO Box 88173,Longfeng,,50153,563,999
443,DVU-6984,TBA-9179,456 Elm Avenue,3rd Floor,Murtajih,,46881,473,892
444,KWK-2629,WPQ-5679,321 Maple Drive,Apt 1880,Gengma,,83961,661,554
445,VRH-7504,SAB-5017,456 Elm Avenue,PO Box 6789,Shanhaiguan,,62377,563,958
446,QWT-8793,WKK-3423,321 Maple Drive,Suite 91,Niigata-shi,,47204,75,279
447,PXV-1390,XBG-9634,123 Main Street,Apt 908,Yanghe,,91092,298,562
448,CYD-3643,SIL-1337,987 Pine Road,9th Floor,Metchosin,British Columbia,26023,688,456
449,ESA-7188,SVK-3672,987 Pine Road,Apt 421,Akonolinga,,91762,69,139
450,SCB-0026,UOP-5874,456 Elm Avenue,10th Floor,Amorim,Porto,70782,257,993
451,RDT-6854,MYH-7583,123 Main Street,PO Box 28939,Żarów,,92966,101,972
452,MPV-0100,MDU-7600,789 Oak Lane,Apt 1014,Garupá,,5151,203,715
453,FYQ-5017,LYI-2232,456 Elm Avenue,3rd Floor,San Luis,,76252,744,553
454,UKM-1090,XQG-6827,123 Main Street,Room 1647,Nabīnagar,,75393,595,182
455,UTX-4602,IFT-7818,789 Oak Lane,Room 228,Jaba‘,,89646,499,606
456,HTL-8995,EUG-0836,321 Maple Drive,Room 1220,Novobeysugskaya,,50768,975,612
457,ALJ-3376,LHW-9787,789 Oak Lane,PO Box 91622,Louisville,Kentucky,59388,339,468
458,KUJ-8884,JZO-3160,456 Elm Avenue,PO Box 90349,Nan,,54232,366,647
459,ALP-3320,PZB-3101,123 Main Street,Suite 6,Xinzhuang,,95377,132,767
460,PUN-8299,TEG-7148,321 Maple Drive,Apt 1434,Foz do Iguaçu,,23592,688,652
461,JUA-7020,SFT-6544,987 Pine Road,Apt 277,Saint-Malo,Bretagne,60686,672,899
462,LQA-1379,RLQ-1485,321 Maple Drive,Apt 881,Stanowice,,22141,241,578
463,WJV-3175,HJN-0353,123 Main Street,Apt 622,Znojmo,,62007,103,446
464,KHQ-0827,LJK-3284,789 Oak Lane,19th Floor,Medina Estates,,32887,292,537
465,MZB-7640,SQS-3090,987 Pine Road,PO Box 47044,Lianghe,,3699,635,656
466,UBG-0041,GSI-1652,123 Main Street,Apt 1675,Terra Chã,Ilha Terceira,74144,72,655
467,FMC-6272,HUB-7918,456 Elm Avenue,Suite 96,Tariji,,59623,922,547
468,PAB-9326,AZH-6018,123 Main Street,PO Box 96573,Serikbuya,,24563,199,318
469,FXG-1145,WCH-7989,789 Oak Lane,Suite 87,Tangga,,94521,326,931
470,CQN-1229,IUV-1190,321 Maple Drive,1st Floor,Serzedelo,Braga,49642,498,356
471,YKX-6028,IVM-7508,321 Maple Drive,Apt 681,San Pablo,,18276,462,494
472,XSL-7578,BKB-3721,123 Main Street,Room 820,Panimbang,,37023,337,553
473,QEO-4147,AGO-7144,789 Oak Lane,Suite 36,Las Cruces,New Mexico,1799,632,233
474,SWG-7646,MGM-6309,789 Oak Lane,Suite 2,Moquegua,,84724,676,825
475,MPP-8431,ROO-0998,321 Maple Drive,Room 1311,Cabay,,20086,314,92
476,JGF-1437,BAY-9098,123 Main Street,Room 684,Voznesen’ye,,1999,711,453
477,MQE-4305,XVJ-0102,456 Elm Avenue,Apt 1380,Qingban,,93101,599,316
478,CCC-4117,MNA-1580,456 Elm Avenue,7th Floor,Pingdi,,59294,157,375
479,QPF-1928,AHJ-6357,987 Pine Road,PO Box 90715,Marseille,Provence-Alpes-Côte d'Azur,77363,580,423
480,KEI-2910,MQX-9720,789 Oak Lane,PO Box 62737,La Virginia,,69322,581,267
481,FSK-8229,QBA-6845,123 Main Street,Room 702,Södertälje,Stockholm,92421,374,160
482,ICG-1985,YZA-3513,321 Maple Drive,2nd Floor,Liangzeng,,51117,828,311
483,NLR-6564,IHW-3954,456 Elm Avenue,Suite 27,Psary,,97219,324,11
484,KDG-3503,QOS-1302,123 Main Street,Suite 6,Chervyen’,,71455,982,1
485,YDF-5942,CZX-7100,789 Oak Lane,4th Floor,Oleszyce,,36757,439,536
486,NIR-6833,WPW-0652,987 Pine Road,Room 1638,Utrecht (stad),Provincie Utrecht,89249,173,835
487,BGT-5360,OGK-9860,321 Maple Drive,Apt 731,Coihaique,,85889,5,777
488,SPQ-7632,WYU-2023,456 Elm Avenue,Suite 60,Villa del Carmen,,50214,321,869
489,NIK-9301,BQU-0911,123 Main Street,PO Box 25352,Bantarsari Kulon,,95947,253,140
490,ZES-3963,HZD-8330,789 Oak Lane,Room 1114,Newton,England,71865,805,353
491,XBI-6448,BCO-8673,123 Main Street,Apt 1333,Puteran Kidul,,93117,227,294
492,OXG-5831,SQM-2390,321 Maple Drive,10th Floor,Vanadjou,,91916,730,481
493,TZO-3914,AUL-3673,123 Main Street,Apt 1510,Yongping,,96868,758,548
494,CQI-7390,EPA-9005,789 Oak Lane,Room 31,Krebetkrajan,,82799,657,9
495,BPW-7370,PJK-4402,456 Elm Avenue,PO Box 55253,Panawuan,,44651,447,705
496,JXI-1507,YJU-2804,987 Pine Road,PO Box 57080,Guadalupe,Oaxaca,48114,284,945
497,WVD-0275,UJE-5917,789 Oak Lane,PO Box 58717,Bydgoszcz,,67622,861,504
498,WNR-9234,KWM-1969,987 Pine Road,Apt 393,Lanús,,42374,369,970
499,YCS-7348,NFP-3678,789 Oak Lane,Room 927,Sokolnice,,94776,138,774
500,FTM-1700,EFF-0413,123 Main Street,3rd Floor,Qeshm,,20039,696,489
501,WJE-5999,OYQ-0341,456 Elm Avenue,Apt 1585,Przybyszówka,,95566,751,307
502,XSX-6415,NXD-7616,321 Maple Drive,Suite 88,Putrajaya,Putrajaya,83366,340,10
503,PWV-4838,OOF-1696,456 Elm Avenue,Room 1221,Sovetsk,,90095,899,785
504,PVE-1789,ENI-7068,123 Main Street,Suite 98,Fundación,,22507,492,441
505,MMZ-7698,HWB-3957,987 Pine Road,19th Floor,Jiazhuang,,92674,474,818
506,DIG-1941,DJR-3010,123 Main Street,Room 352,Vavatenina,,12052,457,300
507,JEJ-5598,UUX-9466,321 Maple Drive,Suite 62,Shenavan,,43928,368,612
508,DRV-0215,DFD-7226,789 Oak Lane,PO Box 5730,Sekampung,,47234,794,237
509,XBQ-3111,ENB-1561,456 Elm Avenue,Apt 1006,Phitsanulok,,17307,313,816
510,SBM-3662,BVB-3644,789 Oak Lane,18th Floor,Balabag,,99845,499,8
511,EGO-2485,RDN-5486,321 Maple Drive,Apt 257,Jiushe,,77434,565,562
512,PFP-4332,DOD-7725,789 Oak Lane,Room 1235,Kalaxilike,,46357,112,383
513,CTF-4926,BZE-2437,123 Main Street,Apt 492,Trzebinia,,85117,180,194
514,JID-0970,OGB-7780,987 Pine Road,Room 807,Deqing,,71410,662,422
515,IRN-8708,MPY-0450,321 Maple Drive,Suite 70,Barkly East,,80189,622,904
516,SAN-1663,GYM-2019,789 Oak Lane,Suite 89,‘Anīn,,9769,84,575
517,ABT-4166,FZI-4262,321 Maple Drive,17th Floor,Allkaj,,23373,862,448
518,VOH-4058,CCY-1927,987 Pine Road,Room 1049,Changuinola,,15738,288,405
519,ZPS-5576,VDB-9561,123 Main Street,19th Floor,Sangoleng,,29078,880,256
520,DLF-8102,LFQ-4281,789 Oak Lane,Apt 958,Waingapu,,29227,847,168
521,OBV-1559,VVS-6718,321 Maple Drive,18th Floor,Ughelli,,76917,144,733
522,MVY-0648,QGC-5757,321 Maple Drive,17th Floor,Arnhem,Provincie Gelderland,96745,913,755
523,UBL-3125,TUV-9783,456 Elm Avenue,Suite 56,Trakai,,48089,552,662
524,NRR-7772,HOK-0063,456 Elm Avenue,PO Box 19754,Frankfurt am Main,Hessen,84643,202,400
525,XJY-3918,IBZ-9524,456 Elm Avenue,Apt 1490,Orhon,,5778,270,849
526,PAB-2986,QGJ-8744,321 Maple Drive,PO Box 39418,Atlanta,Georgia,68530,752,388
527,YTW-7437,LXT-1742,789 Oak Lane,PO Box 84003,Stockholm,Stockholm,11619,908,226
528,XYR-5175,SDR-0510,321 Maple Drive,Apt 286,Calhetas,Ilha de São Miguel,95982,642,270
529,BOT-0183,XDA-5331,987 Pine Road,8th Floor,Cerrillos,,51086,79,82
530,ZHM-0063,JFG-3370,123 Main Street,Suite 4,Saint-Jouan-des-Guérets,Bretagne,47310,745,433
531,VUU-9692,MWA-5822,789 Oak Lane,2nd Floor,Cangkeuteuk Sabrang,,79927,78,641
532,ZNZ-0198,CJX-5623,987 Pine Road,19th Floor,Erbil,,15323,914,246
533,DUL-0327,VZG-2186,456 Elm Avenue,Suite 40,Portsmouth,,78019,20,530
534,ROX-4656,ZLW-3190,987 Pine Road,PO Box 27146,Laiyang,,52576,870,783
535,MQN-4218,BQW-7295,789 Oak Lane,PO Box 35112,Bolian,,99928,520,820
536,EDX-1466,FYU-6781,123 Main Street,Apt 1218,Xushan,,77900,647,932
537,FUA-8886,IZN-4641,123 Main Street,Apt 830,Haicheng,,15087,32,628
538,WFZ-8450,WVA-3141,321 Maple Drive,Apt 1040,Ribafria,Leiria,63667,833,827
539,FPX-5584,BDE-4009,321 Maple Drive,PO Box 88924,Singaraja,,3290,596,711
540,IDN-2986,YLC-4147,321 Maple Drive,20th Floor,Genting,,99123,593,702
541,RZK-7034,BGO-8815,321 Maple Drive,Room 534,Shangchewan,,19679,415,279
542,DKB-5514,RBV-0843,987 Pine Road,Apt 409,Cisadap,,6838,788,292
543,JOR-6904,VDE-0398,789 Oak Lane,17th Floor,Foxrock,,40201,605,665
544,SRJ-4095,TKL-5712,456 Elm Avenue,Suite 15,Yunzhong,,8826,218,761
545,SYY-2022,RAM-8283,321 Maple Drive,PO Box 94182,Xuyong,,22221,929,545
546,SIL-8472,QQC-7566,123 Main Street,Suite 65,Assis,,68672,38,829
547,KOH-5461,JNA-7745,321 Maple Drive,6th Floor,Pecka,,34091,565,276
548,GFM-5455,PVI-8975,987 Pine Road,Room 845,Khallat Ḩamāmah,,57789,267,423
549,GCZ-6798,ERI-9521,987 Pine Road,5th Floor,K’ulashi,,22620,557,193
550,OVP-4874,ZQF-1200,987 Pine Road,Suite 80,Cikajang,,83176,916,874
551,IQX-8188,SKS-8459,123 Main Street,Room 152,Inyati,,59001,553,71
552,WGV-9724,CLH-3025,321 Maple Drive,Suite 24,Rathnew,,50162,484,187
553,XDC-6616,QGD-6738,987 Pine Road,Room 1548,Quebradas,Lisboa,1026,670,140
554,FHU-1318,KYF-4297,456 Elm Avenue,PO Box 38910,Rio Negrinho,,71855,794,297
555,AFE-3793,BWH-4176,123 Main Street,PO Box 4558,Sidem,,6534,153,114
556,OWR-8494,DGJ-3538,456 Elm Avenue,PO Box 72605,Shigu,,98649,375,653
557,QUK-0044,HNX-1632,123 Main Street,12th Floor,Seixal,Lisboa,16961,402,467
558,WCF-4393,RMS-7730,456 Elm Avenue,PO Box 29377,Peroguarda,Beja,54117,229,633
559,FHJ-0655,ZLC-3328,321 Maple Drive,Apt 18,Nakamura,,26588,913,464
560,NBB-0333,LUV-9338,321 Maple Drive,PO Box 1916,Bełsznica,,90401,791,279
561,KJJ-3009,NGR-5604,123 Main Street,Suite 86,Njeru,,68886,604,718
562,GCH-5656,WOR-9721,987 Pine Road,Apt 278,Balgatay,,60394,751,638
563,UVO-8638,WMC-4300,789 Oak Lane,Suite 88,Korkino,,11405,878,504
564,SGA-5709,GMJ-6594,987 Pine Road,PO Box 91445,Guangyubao,,22669,298,193
565,ACZ-6559,CUS-3822,321 Maple Drive,PO Box 97753,Cipari,,20641,138,329
566,GOK-6964,NTW-1439,789 Oak Lane,Room 1676,Shāhīn Shahr,,97368,476,20
567,DPH-4874,FQL-8525,321 Maple Drive,Room 469,Nong Khai,,14652,514,156
568,AFW-5491,OHR-8538,123 Main Street,Room 1530,Tianqian,,46415,523,51
569,SHX-7296,PZN-5899,321 Maple Drive,PO Box 15946,Jiangbei,,89777,93,993
570,VUQ-9996,TJR-2943,987 Pine Road,Apt 1246,Batuidu,,32043,407,548
571,PMV-0221,SBA-3990,321 Maple Drive,Room 1980,Shāhzādpur,,6452,373,23
572,HVI-7640,ILC-4187,789 Oak Lane,15th Floor,Abuyog,,39247,515,191
573,WHT-7738,QJW-6224,321 Maple Drive,Suite 99,Grimshaw,Alberta,11844,11,996
574,FQK-6908,POC-3540,321 Maple Drive,Suite 19,Văn Giang,,17670,679,105
575,KUJ-5532,BXS-1255,789 Oak Lane,14th Floor,Yangzhuang,,77756,245,289
576,MPU-7216,SCN-0360,987 Pine Road,PO Box 41622,Karangbayat,,5459,869,276
577,HBP-3596,QKO-2219,123 Main Street,PO Box 94821,Tagoloan,,102,988,129
578,DPZ-1394,CGC-1988,123 Main Street,Room 656,Panay,,43207,826,733
579,XDL-9995,LOO-2022,123 Main Street,Suite 13,Bungo-Takada-shi,,6836,629,449
580,MDQ-3433,YFV-6224,456 Elm Avenue,Suite 20,Pelaya,,13245,701,745
581,HPO-7708,ZRG-3073,789 Oak Lane,Suite 49,Mandeman Daya,,71931,170,9
582,UER-2411,FYL-7650,123 Main Street,PO Box 91734,Huangzhawan,,36667,776,239
583,KXB-5338,MNW-2192,456 Elm Avenue,Apt 1473,Mpumalanga,,46319,527,93
584,LIR-1734,LOG-3939,123 Main Street,PO Box 80332,Taozhou,,65588,144,155
585,TOO-9713,MVR-8288,456 Elm Avenue,Apt 1539,Kuafeu,,88151,457,16
586,NYQ-6627,UAT-4117,123 Main Street,Apt 1092,Tchoban Bey,,19290,164,506
587,NID-5901,ODB-9507,123 Main Street,Apt 395,Vilcún,,92902,184,223
588,JBS-3904,LAX-3744,789 Oak Lane,Room 1876,San Jose,,70917,580,351
589,TON-1994,ZSK-4171,456 Elm Avenue,Room 90,Néa Palátia,,30255,972,431
590,LGK-2763,GWI-6526,321 Maple Drive,2nd Floor,Érd,Pest,29085,580,320
591,ZKF-9347,BQM-8950,321 Maple Drive,PO Box 57532,Malá Strana,,39110,676,805
592,LLQ-7379,ZHR-3665,321 Maple Drive,Apt 1591,Dapdap,,13451,894,819
593,DZW-6507,SUF-5951,321 Maple Drive,4th Floor,Rosh Ha‘Ayin,,85717,991,511
594,ICG-1215,LAE-5350,123 Main Street,Suite 52,Anzi,,48342,150,381
595,WHA-2969,CGH-3782,123 Main Street,PO Box 59992,Znojmo,,59197,754,475
596,NPY-6073,ZXF-4350,321 Maple Drive,16th Floor,Tangxian,,8233,750,714
597,AFW-0190,ZFP-7515,321 Maple Drive,Room 286,Bang Yai,,4134,496,811
598,PWE-6674,TOT-9229,789 Oak Lane,Apt 968,Pura,,70110,962,33
599,SXE-9025,VKY-8779,987 Pine Road,11th Floor,Duyure,,54301,368,339
600,WSA-7509,XAJ-8343,456 Elm Avenue,PO Box 6314,Quanzhou,,26745,42,83
601,BFW-3103,ROL-0139,123 Main Street,Room 1683,Wucun,,65265,225,864
602,MNI-4259,UJU-4469,123 Main Street,Apt 565,Zubří,,90960,780,769
603,HQH-4501,VTH-3948,987 Pine Road,17th Floor,Pira,,98782,500,975
604,AAU-9190,TUI-8367,123 Main Street,19th Floor,Aragarças,,38787,238,150
605,BBO-4804,MMN-1816,789 Oak Lane,18th Floor,Tokombere,,31768,65,58
606,KNX-4761,YWI-0960,456 Elm Avenue,Apt 583,Bafilo,,50164,271,273
607,TAL-9580,HVU-4546,456 Elm Avenue,4th Floor,Changxingbao,,75862,379,795
608,TGK-8374,NGS-9088,789 Oak Lane,Apt 1965,Paris 17,Île-de-France,37738,240,402
609,HQF-3447,YDK-7370,987 Pine Road,PO Box 81423,Kuncen,,39389,44,74
610,PQD-6535,XPU-8334,789 Oak Lane,PO Box 96001,Helsingborg,Skåne,77843,685,557
611,HPV-9190,XSU-6436,789 Oak Lane,Apt 593,Trunovskoye,,75471,212,482
612,HWF-2872,WND-6313,321 Maple Drive,PO Box 68312,Paico,,68183,531,186
613,NMT-6496,IKD-9531,123 Main Street,19th Floor,Cikalong,,90345,930,197
614,KHE-0230,DVS-9739,123 Main Street,17th Floor,Bantiran,,96714,811,918
615,VLU-3953,LHP-7237,987 Pine Road,Apt 1441,Jinhui,,44670,370,862
616,LYX-7586,CQV-6375,321 Maple Drive,Apt 1430,Aquidauana,,78383,398,257
617,TNO-2660,DLE-6505,456 Elm Avenue,Room 955,Maicao,,30970,481,837
618,QAY-0339,MRI-0415,456 Elm Avenue,Suite 18,Pregradnaya,,56907,940,391
619,IOS-0726,BXW-6119,987 Pine Road,Suite 21,Monte Novo,Beja,34316,466,849
620,XAZ-3626,WDT-4071,789 Oak Lane,Room 120,Yacheng,,85911,903,13
621,IBJ-7606,KNA-2487,456 Elm Avenue,17th Floor,Kaabong,,88034,48,125
622,BRL-2939,QVX-5688,456 Elm Avenue,Apt 713,Muquiyauyo,,91892,41,998
623,MGH-7599,RSO-4218,321 Maple Drive,Suite 66,Wuguishan,,52528,665,787
624,AXO-4736,GHQ-2970,321 Maple Drive,Apt 763,Alberton,Prince Edward Island,40201,332,732
625,IKL-8596,SDD-1856,789 Oak Lane,Apt 1929,Sacapulas,,5156,106,255
626,MYO-6180,WTQ-4015,321 Maple Drive,PO Box 25965,Kumagaya,,31132,721,395
627,IWV-8104,WBP-5111,789 Oak Lane,Apt 43,Longnawang,,77195,992,790
628,KVX-9530,BXP-0267,456 Elm Avenue,3rd Floor,Kotabaru,,73167,534,999
629,YDT-0356,XSG-8662,321 Maple Drive,Apt 213,Nipawin,Saskatchewan,50157,649,454
630,ETP-9109,AHS-4436,456 Elm Avenue,Suite 48,Ogaminan,,12284,850,254
631,PTM-0553,BYQ-6899,321 Maple Drive,Room 1884,Lairoka,,53485,281,756
632,OAG-3390,BYA-7539,789 Oak Lane,Apt 720,Nyrkiv,,20735,855,35
633,SOA-8447,AFK-0854,789 Oak Lane,Apt 983,Soisy-sous-Montmorency,Île-de-France,76845,760,204
634,NFC-4087,UJD-9992,789 Oak Lane,Apt 1111,Gandu,,62020,270,472
635,NVL-1024,RMM-1568,987 Pine Road,PO Box 12667,Lyuban’,,64569,593,753
636,XBY-0306,UMO-2405,789 Oak Lane,Apt 1415,Khemisset,,85171,558,790
637,JSM-2743,GFQ-5665,123 Main Street,11th Floor,Vetluzhskiy,,20841,584,97
638,GUJ-8583,WDI-2729,321 Maple Drive,PO Box 22918,Sobreda,Setúbal,4242,179,534
639,REP-4902,YOQ-1966,321 Maple Drive,Room 1301,Serov,,20671,386,682
640,BDT-7806,MFJ-8630,321 Maple Drive,PO Box 29966,Rrasa e Sipërme,,33994,670,214
641,YSW-3065,ZHU-7188,987 Pine Road,4th Floor,Kendung Timur,,22547,388,485
642,WOK-1510,PJE-4578,321 Maple Drive,Room 1121,San Antonio,,86505,375,399
643,XMA-2688,XMS-4913,321 Maple Drive,PO Box 43383,Phra Nakhon Si Ayutthaya,,96053,602,698
644,KAV-6118,PVU-3507,321 Maple Drive,Suite 26,Iwata,,75471,670,985
645,ZWA-6987,QET-9922,987 Pine Road,Apt 758,Koíla,,86460,920,320
646,SDN-5707,NNO-0625,456 Elm Avenue,Apt 1438,Henglishan,,90645,856,959
647,WSL-6813,EFA-4442,456 Elm Avenue,PO Box 94207,Valdemārpils,,52454,80,331
648,PQV-7859,AES-0852,987 Pine Road,Room 442,Onueke,,37775,530,163
649,YRP-4628,OGF-5418,789 Oak Lane,Apt 335,Nanguzhuang,,50054,258,645
650,GIU-2660,CXL-4918,123 Main Street,Suite 40,Pyongyang,,97687,386,746
651,IDL-1836,LPC-5954,789 Oak Lane,PO Box 56013,Jiangdulu,,93780,997,44
652,WPI-2689,IZH-1263,789 Oak Lane,Room 1614,Siepraw,,90799,930,763
653,SFK-7611,PHB-4586,789 Oak Lane,Room 1529,Xiangshi,,36245,229,960
654,VCN-8515,SEH-7665,789 Oak Lane,4th Floor,Rumburk,,47174,529,563
655,KAW-5055,AOS-9031,123 Main Street,PO Box 82950,Bacalan,,14466,416,534
656,PSG-8667,CFU-8268,789 Oak Lane,Apt 604,San José de las Lajas,,48114,362,126
657,XRD-8600,ZKE-1188,123 Main Street,6th Floor,Balitai,,76130,837,260
658,BGA-9182,PSN-8235,987 Pine Road,Room 1374,Luqa,,28400,889,493
659,LRY-1453,ABE-5029,123 Main Street,PO Box 11146,Düsseldorf,Nordrhein-Westfalen,85591,354,654
660,LXV-2806,FGV-2690,789 Oak Lane,6th Floor,Mahendranagar,,91402,499,306
661,IHA-1859,TDX-6139,987 Pine Road,Apt 1643,Täby,Stockholm,61430,812,204
662,VAW-0747,OKT-7564,987 Pine Road,17th Floor,Narew,,69351,494,370
663,NGS-1660,ZIT-6967,789 Oak Lane,Room 1263,Pashkovskiy,,6679,909,909
664,OTC-9488,YOL-3216,123 Main Street,PO Box 32103,Sukogunungkrajan,,25694,619,54
665,ORB-2825,FTV-2184,456 Elm Avenue,PO Box 31302,Illintsi,,97732,7,885
666,OCD-1472,NMT-0260,123 Main Street,Room 690,Kstovo,,34347,514,683
667,INP-5819,OPZ-5306,321 Maple Drive,Suite 51,Chaiyaphum,,20126,904,224
668,YCA-9318,MNX-8324,456 Elm Avenue,Suite 44,Łubowo,,78047,143,997
669,CTL-4245,TTY-1651,123 Main Street,Suite 59,Al Khārijah,,70563,451,116
670,WHB-7629,TRJ-1908,321 Maple Drive,Suite 26,Lianpeng,,26356,170,242
671,YJX-9841,FHN-6456,987 Pine Road,PO Box 21032,Maroa,,32573,236,649
672,HVR-7987,XMB-0594,123 Main Street,Room 131,Mineiros,,9244,79,445
673,RAZ-0312,MQY-8162,987 Pine Road,Apt 727,Ivanivka,,77008,527,333
674,SED-7016,XFO-3429,321 Maple Drive,9th Floor,Petaluma,California,27304,659,16
675,GXM-7166,OBP-1209,789 Oak Lane,Suite 70,Pital,,41243,288,172
676,OJN-4311,OLX-8906,123 Main Street,Apt 1225,Mapusagafou,,87095,217,814
677,ENQ-6446,EFW-9319,123 Main Street,Room 80,Patarrá,,16582,154,283
678,NAH-8430,BLY-9596,321 Maple Drive,PO Box 62221,Veternik,,80675,192,599
679,KOB-5141,CCH-0416,987 Pine Road,Room 378,Gamut,,9135,162,123
680,QYN-0398,RXX-0098,789 Oak Lane,Apt 1446,Plumbangan,,78998,371,406
681,TGE-4418,WUO-6561,789 Oak Lane,Room 1904,Kruengraya,,20148,617,809
682,RPL-3602,PDY-5663,789 Oak Lane,Suite 34,Puerto La Cruz,,40356,735,249
683,MNL-9981,LNQ-8112,987 Pine Road,PO Box 94173,Ukata,,68622,837,10
684,VQG-0292,KOE-2051,123 Main Street,PO Box 2896,Klyetsk,,30456,122,993
685,HUV-3526,HXY-0036,456 Elm Avenue,PO Box 69901,Chahe,,49062,677,44
686,PQP-3934,ZHU-3597,321 Maple Drive,Apt 325,Karanganyar,,64609,236,596
687,AIJ-5920,IFA-2831,987 Pine Road,PO Box 32071,Štitar,,60069,425,803
688,NIP-4473,VZS-2383,789 Oak Lane,18th Floor,Pirassununga,,77463,831,708
689,MST-5238,MPP-3398,123 Main Street,Suite 41,Nowe Miasto,,32703,339,487
690,ZZL-3118,ZYV-7262,123 Main Street,Apt 1286,Otorohanga,,69064,738,705
691,OLW-0358,CDY-9469,789 Oak Lane,Room 449,Livramento,Lisboa,3281,117,611
692,FVI-5664,TAU-8127,456 Elm Avenue,Suite 21,Oleszyce,,67663,494,159
693,PIF-0776,NUX-7620,987 Pine Road,12th Floor,Dukuhpicung,,995,692,381
694,UUG-5922,ADS-7596,789 Oak Lane,Apt 500,Guanzhou,,69196,491,790
695,NTD-7648,ABX-0504,456 Elm Avenue,Suite 3,Vukovije Donje,,95054,491,92
696,FZY-6784,PJT-7791,456 Elm Avenue,Apt 1933,Gouqi,,39910,216,255
697,EQR-8785,REP-0036,789 Oak Lane,Suite 74,Cantoria,,90022,605,162
698,DNC-3586,MQX-5778,321 Maple Drive,Room 878,Moyamba,,32519,166,512
699,QUQ-7267,TJD-4868,789 Oak Lane,4th Floor,Kushnytsya,,52985,663,94
700,HRO-5079,SVA-2468,456 Elm Avenue,PO Box 60702,Azacualpa,,55695,854,703
701,OFL-8511,QOY-1129,123 Main Street,Apt 1182,Har-Us,,74557,421,634
702,JWU-7710,AHI-9860,123 Main Street,Suite 27,Primorsko,,33477,23,347
703,STO-7093,EBX-8169,987 Pine Road,Suite 75,Taoyuan,,55444,250,954
704,PEB-1738,CLX-6871,987 Pine Road,3rd Floor,Ta`ū,,94364,45,993
705,ZXI-7906,EFZ-1949,123 Main Street,PO Box 35095,Quanjiang,,6232,131,778
706,FDQ-3581,KAU-4429,321 Maple Drive,Apt 930,Independencia,Tamaulipas,90820,588,641
707,QID-5265,XBU-4799,789 Oak Lane,16th Floor,Itararé,,29786,607,62
708,VJG-4761,API-7897,123 Main Street,5th Floor,L’vovskiy,,80957,165,62
709,FNZ-3042,WEX-6617,321 Maple Drive,PO Box 70771,Casais Brancos,Leiria,43709,138,365
710,YTH-0495,LYY-9551,789 Oak Lane,5th Floor,Chaem Luang,,75746,645,661
711,IBN-5014,QXE-4722,987 Pine Road,Apt 1209,Kanchanaburi,,71714,525,158
712,BFY-5720,LIP-7886,987 Pine Road,Room 72,Maia,Porto,29605,41,719
713,MDA-3320,CJC-6866,123 Main Street,PO Box 48630,Damaishan,,94161,913,550
714,JLO-8048,WOR-5457,456 Elm Avenue,PO Box 97924,Si Wilai,,97275,587,811
715,KSA-7660,IVP-0974,123 Main Street,Room 1093,Jalal-Abad,,16887,151,110
716,OHF-6238,KJS-5247,987 Pine Road,Suite 67,Mallawī,,97926,58,129
717,NGK-0179,DRF-3714,456 Elm Avenue,16th Floor,Kiikala,,34289,171,500
718,UBG-3626,HPH-7620,789 Oak Lane,Suite 71,Santiago de Subrrifana,Porto,12451,265,239
719,BEM-7578,OAF-8681,456 Elm Avenue,PO Box 14050,Wurigelebur,,90446,945,325
720,TBM-4273,YSQ-3018,456 Elm Avenue,Apt 1882,Al Mazra‘ah ash Sharqīyah,,51053,185,572
721,AAG-2188,XPF-4292,321 Maple Drive,Apt 1678,Castelo,Viana do Castelo,51686,530,808
722,JRL-1539,KEI-0213,123 Main Street,PO Box 85945,Shishi,,6732,982,661
723,OQB-3409,HUG-6523,123 Main Street,Apt 535,Datong,,19430,416,775
724,LDW-0195,XAU-8940,321 Maple Drive,Apt 1588,Farah,,16250,614,356
725,XCJ-3380,XNP-6218,321 Maple Drive,PO Box 31094,Cibunar,,77358,993,825
726,ISU-2115,TDP-7397,123 Main Street,9th Floor,Masantol,,83079,578,914
727,TBH-0733,TCF-1741,789 Oak Lane,Suite 8,Vetluga,,63975,653,450
728,SPP-4874,WPY-1492,987 Pine Road,Room 1567,Hallstahammar,Västmanland,34183,20,751
729,AZA-6431,KXH-5340,789 Oak Lane,PO Box 38470,Azul,,18927,900,198
730,HKD-4690,JNS-2704,987 Pine Road,Apt 1469,Orocuina,,18637,737,22
731,JRV-0150,ODS-8462,123 Main Street,18th Floor,Pervoavgustovskiy,,57825,746,706
732,GSR-0803,DBO-7004,456 Elm Avenue,Suite 4,Daxing,,51364,678,387
733,IBL-7444,EKE-9832,456 Elm Avenue,Apt 994,Stryków,,99469,842,367
734,ZUP-4100,VDM-6881,789 Oak Lane,Room 351,Setono,,60879,291,742
735,EHX-5114,XAP-4997,987 Pine Road,PO Box 51992,Lityn,,16992,970,138
736,JAM-2088,ZXP-7441,123 Main Street,Suite 10,Tiadiaye,,78241,88,257
737,IOW-5486,VTU-6825,123 Main Street,PO Box 88524,Brampton,Ontario,30285,222,921
738,DDA-7664,OQS-0160,987 Pine Road,10th Floor,Norfolk,Virginia,69068,460,41
739,RPS-8484,XBH-4843,123 Main Street,Apt 1658,Yubileynyy,,20348,622,497
740,CXM-0822,SLI-2191,987 Pine Road,Apt 1779,Nikopol’,,87487,483,724
741,KMS-7367,BNE-9502,456 Elm Avenue,PO Box 2342,Cikole,,25671,889,449
742,SNC-4625,VSQ-0909,123 Main Street,Suite 47,Töreboda,Västra Götaland,40193,494,573
743,XGX-0597,JHL-9332,789 Oak Lane,Suite 12,Wuluo,,74409,175,302
744,HKO-1789,OCH-5613,987 Pine Road,Room 1967,Fuwayriţ,,33073,225,556
745,TYZ-3374,UZR-7845,987 Pine Road,Suite 38,Mizusawa,,27155,851,714
746,KBB-1986,QBR-1029,123 Main Street,11th Floor,Ryazan’,,79070,421,502
747,YSF-3967,XPC-0017,123 Main Street,Suite 8,Nowa Sarzyna,,88573,616,195
748,ERM-0488,FYL-4809,456 Elm Avenue,3rd Floor,Cheyenne,Wyoming,78708,147,581
749,AFM-2809,WLR-1909,987 Pine Road,Apt 459,Kozloduy,,70354,814,192
750,GMC-3738,MFC-4110,987 Pine Road,Room 1902,Dauphin,Manitoba,13359,597,557
751,AOR-8018,ZNJ-1585,987 Pine Road,Apt 291,Torino,Piemonte,74276,841,357
752,MTZ-3299,LYC-4715,789 Oak Lane,Suite 72,Toyama-shi,,69837,786,332
753,ANM-6854,CRR-3161,789 Oak Lane,Room 565,Garajati,,75494,187,750
754,YXP-2574,YNC-5447,987 Pine Road,Apt 1068,Huohua,,78250,639,480
755,CHO-3892,RFT-5080,987 Pine Road,PO Box 31557,Arroyito,,73847,676,282
756,CKR-0236,PUS-6292,789 Oak Lane,PO Box 5404,Sanpai,,17879,524,889
757,JLN-5916,AJF-9648,789 Oak Lane,Suite 28,Évodoula,,28596,271,852
758,VAH-0075,AKG-9131,987 Pine Road,Apt 1715,Aglalana,,46557,172,614
759,YGF-7425,BIQ-6074,321 Maple Drive,Room 1950,Taiping,,90333,742,937
760,SFL-8493,WZT-0474,987 Pine Road,Apt 856,Néa Péramos,,76825,703,882
761,LBQ-9276,EGR-1186,321 Maple Drive,Apt 966,Varybóbi,,23230,351,568
762,AOT-2355,LVR-6111,789 Oak Lane,Apt 587,Tobilolong,,83912,945,165
763,CTZ-4086,REM-8373,321 Maple Drive,PO Box 74717,Suzdal’,,22471,465,71
764,RYD-0323,BTL-1268,123 Main Street,Apt 1095,Bichena,,7002,611,544
765,KDU-1692,DQB-6715,987 Pine Road,Room 638,Ivanovo-Alekseyevka,,63772,605,159
766,TSR-2909,ZVW-7929,456 Elm Avenue,PO Box 50550,Duwakbuter,,89973,71,461
767,ENR-2521,URP-9658,456 Elm Avenue,PO Box 64292,Kulonkali,,45452,236,303
768,WRK-5077,UHM-5862,456 Elm Avenue,Apt 315,Yamazakichō-nakabirose,,13732,388,840
769,MLJ-3064,ZQL-2068,123 Main Street,Suite 73,Dagang,,28019,395,270
770,SFZ-3301,AUR-5817,789 Oak Lane,PO Box 77915,Jacobina,,6156,136,555
771,CBT-8427,HBK-7667,456 Elm Avenue,Room 55,Sake,,99424,112,376
772,RVC-8068,HKZ-0559,789 Oak Lane,Room 1457,Yuanping,,43415,17,465
773,QKY-3392,TET-8381,456 Elm Avenue,Apt 1693,Tarbes,Midi-Pyrénées,47428,208,1
774,KAF-9854,ETL-4837,789 Oak Lane,Apt 1304,Lamawan,,11254,536,795
775,HWG-5069,VZO-8371,456 Elm Avenue,PO Box 6233,Qā’en,,57643,881,654
776,UFI-2773,PBJ-4738,987 Pine Road,14th Floor,Atescatempa,,30976,932,519
777,TRM-9176,GBT-6261,456 Elm Avenue,Room 934,Saipan,,27236,517,389
778,PNC-3588,CWT-2197,987 Pine Road,19th Floor,Shalamzār,,96574,701,752
779,DID-4548,KWJ-3322,321 Maple Drive,PO Box 69641,Telsen,,66816,430,190
780,RVA-5741,NEN-9495,321 Maple Drive,5th Floor,Koundara,,40320,847,905
781,PMO-2111,DHX-9456,789 Oak Lane,Room 1390,Ximapo,,38038,154,20
782,XRY-7771,NSU-5847,123 Main Street,7th Floor,Dykan’ka,,44824,621,635
783,DRX-2821,XMT-1353,456 Elm Avenue,PO Box 39383,Hutou,,15599,99,878
784,EMS-0394,GBG-2729,789 Oak Lane,PO Box 89925,Chantilly,Picardie,86599,182,373
785,ARM-3584,HSB-8040,456 Elm Avenue,PO Box 81605,San Agustin,Guanajuato,71339,488,795
786,KHK-1274,VYM-7309,456 Elm Avenue,8th Floor,Verkhniy Lomov,,7599,924,636
787,NEW-2698,WDM-2035,123 Main Street,Suite 66,Damāvand,,7782,630,245
788,BOC-7735,EKZ-5684,321 Maple Drive,Room 252,Myronivka,,1057,615,329
789,PZL-2206,CUZ-5455,987 Pine Road,18th Floor,Olhos de Água,Setúbal,12455,40,739
790,KXT-0754,JFQ-5658,789 Oak Lane,Apt 715,Chaoshui,,98732,899,65
791,VVE-6258,NZL-5465,789 Oak Lane,Apt 644,Guangshan,,56776,803,675
792,AWL-5047,QYV-0425,987 Pine Road,Room 697,Wubao,,36581,545,991
793,MLZ-0790,NPQ-5085,987 Pine Road,Apt 783,Caen,Basse-Normandie,44645,516,552
794,TJR-8281,NRO-4438,789 Oak Lane,Suite 6,Priyutovo,,8776,771,839
795,ZRH-2071,RAZ-6543,321 Maple Drive,Apt 1464,Ticrapo,,5696,121,397
796,XMZ-5234,SIJ-3863,789 Oak Lane,Room 1147,Sérvia,,80827,96,195
797,KOQ-2479,KAD-4326,987 Pine Road,13th Floor,Simpang,,5212,494,537
798,RIB-8704,XME-1355,321 Maple Drive,PO Box 33466,Kimhae,,19332,676,700
799,PCH-8740,BPD-4709,987 Pine Road,Apt 1940,Tungdor,,8983,134,510
800,KLP-2715,OOX-4184,123 Main Street,Apt 1797,Évreux,Haute-Normandie,79926,924,785
801,PEZ-5040,FHQ-5445,321 Maple Drive,Room 1128,Santo Ângelo,,58720,618,565
802,SRR-9498,YQA-2118,456 Elm Avenue,Apt 980,Caibarién,,77212,553,158
803,KNF-8394,JWF-0597,456 Elm Avenue,PO Box 99432,Caicedonia,,59288,848,628
804,LLF-1299,VBU-9039,987 Pine Road,13th Floor,Winangun,,46249,2,290
805,GIL-5560,OHM-2634,987 Pine Road,Room 1300,Zaytā,,86365,919,331
806,FNA-2892,KTU-7195,456 Elm Avenue,Apt 1186,Cibebek,,13983,961,420
807,CJR-7742,SKJ-6234,789 Oak Lane,16th Floor,Libochovice,,68975,794,657
808,DDF-4505,MMG-3068,789 Oak Lane,Room 1758,Castleblayney,,92076,695,330
809,YXS-5754,PZR-8193,789 Oak Lane,16th Floor,Augustów,,94318,665,114
810,NMS-2026,NPL-7069,789 Oak Lane,PO Box 346,Novo Selo,,92056,442,99
811,XXO-5530,MTF-6969,987 Pine Road,Suite 80,Shangyong,,65175,535,536
812,HGB-2375,PGZ-7089,321 Maple Drive,Suite 56,Celje,,18190,431,675
813,TPF-1097,RWB-6297,123 Main Street,PO Box 89170,Grigoropolisskaya,,70515,380,69
814,BPV-9117,VLW-2801,321 Maple Drive,Room 456,Formosa,,684,896,45
815,KKJ-1868,LJI-3538,321 Maple Drive,Room 1522,Soraya,,16070,45,856
816,PEK-7921,RYH-7600,789 Oak Lane,13th Floor,Karangsonojabon,,63400,715,961
817,BCB-1512,PON-7339,123 Main Street,PO Box 96495,Philadelphia,Pennsylvania,39613,543,133
818,JCX-4662,ZUR-7299,123 Main Street,Suite 100,Sukamulya,,89916,440,183
819,JYM-3011,CEH-9351,789 Oak Lane,8th Floor,San Antonio Oeste,,48916,235,895
820,VVO-3115,APD-9720,321 Maple Drive,4th Floor,Timahankrajan,,71240,961,33
821,YTB-5076,IZI-0027,456 Elm Avenue,4th Floor,Dushi,,13361,822,207
822,ZNS-4828,BUK-5296,321 Maple Drive,Suite 8,Zea,,85207,494,110
823,YKK-3787,BDC-4247,456 Elm Avenue,PO Box 24165,Baiyan,,12253,809,498
824,SAS-1847,CMB-2569,987 Pine Road,Apt 1147,Předměřice nad Labem,,38868,788,197
825,OSV-9715,DAP-4424,321 Maple Drive,Apt 1537,Bytkiv,,90095,391,102
826,ZKQ-3499,MEU-2245,987 Pine Road,12th Floor,Caofang,,1805,359,33
827,NPC-9068,VLX-7977,456 Elm Avenue,17th Floor,Newport,England,46938,604,585
828,AAD-3305,WVP-9476,123 Main Street,Apt 1904,Ulan Hua,,94802,824,658
829,UJJ-6348,HFU-0735,123 Main Street,Apt 1635,Sobral,Lisboa,95203,760,857
830,GMR-8752,FMR-2930,123 Main Street,Suite 33,Wenquan,,85967,930,398
831,ECP-2164,IHH-4204,456 Elm Avenue,16th Floor,Kalembutillu,,7452,780,674
832,MNV-1094,OOC-3469,123 Main Street,Apt 332,城郊,,75564,858,502
833,AMP-7272,MTL-9027,123 Main Street,18th Floor,Montego Bay,,96469,714,539
834,PDE-1579,BKA-8500,789 Oak Lane,Apt 1827,Tromsø,Troms,25551,590,639
835,YDG-4734,BMP-1236,789 Oak Lane,Room 1771,Biyong,,29164,101,719
836,BQX-1862,CHJ-2583,987 Pine Road,Apt 1084,Karolinka,,44783,436,605
837,CZI-7022,SRC-9518,987 Pine Road,Suite 89,Vaitape,,37994,138,263
838,API-0486,YTD-9658,321 Maple Drive,1st Floor,Tuymazy,,95081,261,51
839,JXH-6293,GAE-2344,123 Main Street,14th Floor,Madīnat Sittah Uktūbar,,21808,489,376
840,NTQ-7711,AJU-9531,456 Elm Avenue,Suite 54,Jabranti,,2753,785,227
841,IRK-8896,HDV-6485,987 Pine Road,Room 1421,Grijó,Porto,54212,239,621
842,IMR-2793,MMF-6366,456 Elm Avenue,Apt 536,Chamouny,,87878,932,736
843,LGM-1598,BDF-9147,789 Oak Lane,PO Box 24146,Vera Cruz,Évora,40856,880,73
844,FLD-7517,YTO-4397,123 Main Street,Suite 62,Xixiang,,31896,86,14
845,TBG-9740,HFU-3220,123 Main Street,PO Box 62969,Mbocayaty,,90139,291,953
846,FFQ-1174,DXR-0781,123 Main Street,Apt 1608,Novoishimskiy,,67634,613,944
847,VJD-3482,QCP-8007,321 Maple Drive,PO Box 51023,Gayle,,9861,898,214
848,SQS-9742,WAF-7258,789 Oak Lane,Room 954,San Francisco de Macorís,,9899,557,672
849,BED-6300,YRB-1494,789 Oak Lane,Apt 1074,Besisahar,,20967,419,504
850,URF-8441,ZRV-5469,321 Maple Drive,20th Floor,Oakland,California,30809,264,951
851,TJY-0731,EXA-6877,456 Elm Avenue,12th Floor,Hufang,,25081,194,912
852,FUH-9194,DLW-0291,123 Main Street,Room 1628,Polepy,,790,6,853
853,HML-2641,AVR-8290,123 Main Street,Suite 81,Potęgowo,,57576,727,82
854,XET-5775,PGI-4698,123 Main Street,Apt 1676,Hostěradice,,32492,762,480
855,XMQ-8322,FKH-8937,789 Oak Lane,Room 751,Florencio Sánchez,,88767,809,821
856,ZEF-3073,KWF-7382,789 Oak Lane,Suite 53,Bodiosa a Velha,Viseu,96925,8,655
857,SDF-9335,URC-3831,321 Maple Drive,Room 1412,Daixi,,86188,592,63
858,DUA-7483,ZVC-2188,456 Elm Avenue,8th Floor,Mombok,,31036,536,370
859,KWO-3121,NAD-2894,123 Main Street,Apt 1450,Drawsko Pomorskie,,77455,121,572
860,AXK-3673,HOT-6757,456 Elm Avenue,PO Box 57412,Selajambe Satu,,44327,533,762
861,NWS-7820,WEJ-1619,987 Pine Road,Room 148,Tougan,,19902,8,961
862,JRM-3964,TUM-4943,321 Maple Drive,Room 1631,Vila Chã de Ourique,Santarém,5062,385,912
863,EYH-9282,UHJ-9959,789 Oak Lane,2nd Floor,São Brás de Alportel,Faro,76873,671,426
864,ICW-5440,PSE-2808,321 Maple Drive,Room 1205,Lixu,,90653,211,842
865,ZIU-7360,ZYB-7565,123 Main Street,Apt 830,Lynn,Massachusetts,97533,705,378
866,UVC-6139,IMP-1782,456 Elm Avenue,Suite 47,Tocoa,,46748,824,814
867,LQE-9027,CGQ-4119,456 Elm Avenue,Apt 159,Yongding,,35507,324,726
868,EDM-3827,IRB-5680,456 Elm Avenue,Room 956,Zselickislak,Somogy,97512,419,60
869,ISX-5804,DXP-0927,123 Main Street,18th Floor,Sokol,,39765,371,844
870,EPQ-8335,AYL-3043,456 Elm Avenue,Apt 1295,Guayabal,,13406,110,632
871,YUV-0861,XVK-0676,321 Maple Drive,Apt 1584,Yushan,,77122,159,273
872,MQC-5879,QIJ-7773,456 Elm Avenue,PO Box 2326,Songzhuang,,54468,437,542
873,CQJ-5184,FSZ-1742,456 Elm Avenue,Apt 51,Pinillos,,21238,668,42
874,NAF-4340,HMW-3307,321 Maple Drive,Suite 72,Sovetskaya,,88795,600,752
875,ZOC-0759,RQY-9965,123 Main Street,16th Floor,Geputan,,85577,260,73
876,JOM-7399,BCZ-5922,123 Main Street,Apt 1079,Vizal San Pablo,,87436,268,855
877,UHT-6704,YSH-7447,321 Maple Drive,Apt 1903,Manika,,900,876,312
878,CQP-6642,NFG-3109,321 Maple Drive,11th Floor,Bình Minh,,20302,549,80
879,ONL-6567,VZG-9889,321 Maple Drive,6th Floor,Hendījān,,23685,434,968
880,LWE-1896,CCK-1234,123 Main Street,9th Floor,Tataouine,,15814,579,222
881,QXY-4001,HBO-9236,321 Maple Drive,PO Box 61280,Corralillo,,45044,375,984
882,SZY-4243,OZI-4121,456 Elm Avenue,Suite 36,White River,,57833,627,532
883,STP-2383,NXJ-6280,987 Pine Road,8th Floor,Torsås,Kalmar,1834,283,100
884,ZYV-2245,GBL-2237,321 Maple Drive,Apt 1123,Horodyshche,,76920,697,104
885,CBM-7092,YCV-7697,321 Maple Drive,Apt 204,Zhezqazghan,,97668,407,743
886,BRG-4689,FMV-7453,987 Pine Road,Room 297,Fengmu,,12521,774,237
887,HSL-3306,FEI-0154,456 Elm Avenue,PO Box 83365,Cali,,64926,209,545
888,ZYB-3463,JSP-5932,123 Main Street,8th Floor,Pindangan Centro,,40336,424,395
889,HVN-5785,LAQ-7170,123 Main Street,PO Box 953,Moravská Nová Ves,,41932,566,195
890,ZPT-3424,QMV-6287,789 Oak Lane,PO Box 98348,Olbramovice,,80000,803,198
891,RQO-7899,HWJ-1014,123 Main Street,Room 1019,Srinagarindra,,42134,571,539
892,WAM-9668,JBK-7815,987 Pine Road,Apt 1252,Basicao Coastal,,65332,495,673
893,NGM-7768,FTI-7979,987 Pine Road,9th Floor,Xiaomei,,85117,184,255
894,ZON-2064,OBU-8484,789 Oak Lane,Suite 72,Gondang,,62582,380,584
895,VRW-3089,OBI-5059,321 Maple Drive,8th Floor,Wiązownica,,13639,573,641
896,DIN-8397,YXK-9980,987 Pine Road,Room 140,Veisiejai,,68897,569,971
897,YIJ-2786,KUG-8327,456 Elm Avenue,Apt 315,Turirejo,,62777,496,184
898,IUD-9507,ZNM-6894,987 Pine Road,4th Floor,Jishigang,,50266,260,572
899,HOZ-8225,EHH-4729,789 Oak Lane,4th Floor,Marseille,Provence-Alpes-Côte d'Azur,86368,315,768
900,JPM-4190,TIH-7083,123 Main Street,6th Floor,Kīevka,,18606,592,572
901,MCP-3890,TNP-7019,987 Pine Road,13th Floor,Kriel,,30498,353,426
902,WOD-6867,LUG-7408,123 Main Street,Room 379,Karbinci,,32957,793,765
903,PUM-2516,JIL-6427,789 Oak Lane,4th Floor,Yenangyaung,,57056,723,109
904,TDC-2179,QJP-0149,321 Maple Drive,2nd Floor,Guantouzui,,79611,408,785
905,FPZ-0859,RGO-0728,123 Main Street,Room 584,Środa Wielkopolska,,96083,754,654
906,LQL-5470,KDY-8554,456 Elm Avenue,PO Box 22087,Klichaw,,54714,142,591
907,GFI-2514,HDF-4948,987 Pine Road,Suite 89,Porto Velho,,1180,876,367
908,UNJ-2096,JDT-8770,456 Elm Avenue,Room 1516,Cijeungjing Kaler,,82680,885,691
909,AVX-3576,DBI-2354,123 Main Street,Suite 30,Mueang Nonthaburi,,43284,676,470
910,XJK-8106,HHJ-5883,987 Pine Road,Suite 33,Ar Ruways,,31040,122,720
911,NTX-1546,SPJ-6242,123 Main Street,Apt 45,Borgholm,Kalmar,20850,766,682
912,ZII-2514,MLJ-2715,456 Elm Avenue,PO Box 44185,Tammela,,23722,236,438
913,ITO-2053,WNW-5413,321 Maple Drive,Suite 2,Faleula,,52957,458,905
914,HBT-5218,MYB-9991,123 Main Street,10th Floor,Dongjian,,65974,802,107
915,CLW-8122,DCU-2968,456 Elm Avenue,PO Box 9556,Paratunka,,99383,717,171
916,TEG-5558,FRE-7104,987 Pine Road,16th Floor,Fort-de-France,Martinique,29395,973,812
917,QBR-6607,DLM-3808,123 Main Street,Suite 51,Salgueiro,,12132,166,185
918,UMO-3308,QJH-2731,456 Elm Avenue,Suite 83,Aykhal,,90439,103,564
919,EOZ-0624,YKJ-3015,987 Pine Road,PO Box 32155,Jiangqiao,,65985,220,412
920,HXU-2077,QGM-2277,456 Elm Avenue,Suite 11,Jixi,,70135,521,517
921,RXJ-6524,HIP-9953,123 Main Street,Room 512,Stratónion,,93239,411,346
922,ZEM-3924,YDY-5916,456 Elm Avenue,15th Floor,Kawęczyn,,46232,805,674
923,RNV-6546,NPG-6791,321 Maple Drive,PO Box 9298,Gävle,Gävleborg,66174,347,162
924,RCP-0954,TPN-6147,456 Elm Avenue,Apt 1122,Skrzyszów,,40057,821,547
925,KPW-9916,JIC-9443,456 Elm Avenue,PO Box 9104,Krasiczyn,,64122,564,615
926,KZK-8557,AZD-1892,987 Pine Road,10th Floor,Tifni,,98553,629,454
927,RXU-3100,WLW-3048,456 Elm Avenue,Apt 1027,Sangoleng,,803,714,956
928,HXY-7275,FNA-0263,123 Main Street,PO Box 76152,Igarassu,,15460,701,361
929,BSH-6594,UEP-8908,789 Oak Lane,8th Floor,Hajoho,,51144,724,925
930,WUI-1811,NLF-3421,789 Oak Lane,Suite 73,Lengkongjaya,,38065,54,323
931,SIG-0992,PIL-3481,123 Main Street,6th Floor,Plavy,,42098,165,564
932,GQN-2560,FPP-0586,321 Maple Drive,Room 996,Calamba,,8572,399,333
933,LOQ-3792,WWB-7365,987 Pine Road,19th Floor,Uacon,,21461,988,866
934,VSY-8438,DTV-7404,321 Maple Drive,Apt 1550,Changgucheng,,83661,652,381
935,MUH-9224,FVD-2623,123 Main Street,Apt 1098,Charopó,,80403,6,423
936,XCW-8001,CRU-3163,987 Pine Road,Room 1647,Ostuncalco,,9282,824,783
937,HQT-8306,KKD-4682,987 Pine Road,15th Floor,Banamba,,68402,94,649
938,HWQ-4175,IQD-0970,987 Pine Road,19th Floor,Santa Catalina,,20871,844,441
939,JJW-9761,ZUG-8691,789 Oak Lane,Apt 1691,Montague,Prince Edward Island,66935,149,846
940,DVE-9954,NFK-6233,987 Pine Road,Suite 14,Jiangqiao,,38076,483,744
941,GHI-0827,SNK-8209,456 Elm Avenue,Room 295,Jiangpan,,1543,949,332
942,SQS-0395,IMD-0671,456 Elm Avenue,14th Floor,Moju,,3708,615,624
943,KPY-2210,AJV-9814,123 Main Street,Room 478,Chok Chai,,33875,446,247
944,JXL-5183,OQA-8004,123 Main Street,Suite 85,Níkiti,,30473,91,577
945,MWY-7652,WEG-5301,456 Elm Avenue,Suite 7,Irving,Texas,27858,66,559
946,DTL-7455,WLU-0921,321 Maple Drive,Apt 1363,Nezlobnaya,,51000,270,220
947,JLL-8290,IVV-8074,123 Main Street,Suite 22,Caçapava,,82132,228,385
948,SSR-8411,TTD-1069,987 Pine Road,PO Box 53216,Rungkam,,94446,380,785
949,HMM-8899,UQR-2679,987 Pine Road,Suite 92,Hetoudian,,28241,82,564
950,GQA-0564,WBY-8641,123 Main Street,19th Floor,Aranos,,18649,624,949
951,MNN-0385,TCD-9900,123 Main Street,6th Floor,Purral,,14560,39,763
952,ATQ-6346,KSK-1129,456 Elm Avenue,Apt 1537,Eséka,,5219,742,261
953,AXW-3797,QUP-0844,321 Maple Drive,Apt 463,Krzemieniewo,,25824,394,369
954,HUN-9805,TKO-3832,321 Maple Drive,Apt 844,San Lucas Tolimán,,87104,954,985
955,NVE-1689,HKO-3372,789 Oak Lane,Suite 94,Santiago Puringla,,29034,411,464
956,MTL-7843,IXP-6622,321 Maple Drive,PO Box 11352,Františkovy Lázně,,39461,629,459
957,RHD-7046,ZEV-9056,987 Pine Road,PO Box 36981,Urayasu,,42577,672,983
958,WWE-5257,AHR-7526,789 Oak Lane,Suite 35,Huaguo,,17761,534,407
959,CPM-2009,CBU-5044,789 Oak Lane,12th Floor,Jubaoshan,,14481,294,1
960,SFC-8936,SST-7660,123 Main Street,PO Box 56367,Shazhenxi,,56612,729,744
961,OIM-0185,ENO-3423,987 Pine Road,Suite 93,Suwa,,21398,987,36
962,LVP-4267,RDK-0796,789 Oak Lane,Apt 59,Mount Frere,,64286,612,292
963,FDC-0059,KMN-1157,789 Oak Lane,Suite 100,Daojiang,,95702,59,611
964,DBW-1288,IZN-2823,987 Pine Road,Room 851,Paris La Défense,Île-de-France,128,969,17
965,QCV-7657,HWK-1439,321 Maple Drive,Room 248,Huangtian,,64251,793,531
966,FZH-3498,OXM-8035,987 Pine Road,Suite 39,Pensacola,Florida,72504,840,139
967,AZM-3118,UOS-7947,123 Main Street,Apt 395,Červená Voda,,12688,180,912
968,JZD-2963,PZD-1209,321 Maple Drive,6th Floor,Pangawaren,,92516,656,310
969,QVZ-9718,FUE-0301,987 Pine Road,Apt 870,Perístasi,,286,507,7
970,QPS-7280,POE-6468,321 Maple Drive,Room 1798,Lagoa Seca,,48129,450,308
971,UKO-6305,XFO-5443,987 Pine Road,PO Box 14854,Shangping,,92925,11,228
972,NUI-0803,VED-0679,987 Pine Road,PO Box 99123,Dunhou,,74698,207,220
973,PAC-3831,BWM-2966,456 Elm Avenue,Suite 61,Melfi,,55676,871,877
974,NJE-4545,VBU-8053,123 Main Street,Suite 82,Guangchen,,69314,673,323
975,WFG-7756,ABD-1065,321 Maple Drive,1st Floor,Al Qiţena,,37991,954,23
976,BZX-9644,SKP-8174,456 Elm Avenue,Apt 641,Leipzig,Sachsen,22210,824,791
977,SFH-8300,DEU-8427,789 Oak Lane,Suite 5,Sakule,,39701,531,842
978,GTR-0391,KNG-1032,123 Main Street,1st Floor,Rauco,,86976,293,966
979,KNY-9587,PPV-9429,456 Elm Avenue,11th Floor,Longbei,,92557,200,707
980,MAT-9582,QML-7087,456 Elm Avenue,Apt 595,"Villa Presidente Frei, Ñuñoa, Santiago, Chile",,7568,35,843
981,EFL-7952,FHL-2830,789 Oak Lane,Apt 992,Tianchang,,11712,803,283
982,NYK-8616,PKO-2814,456 Elm Avenue,Room 2,Nadrupe,Lisboa,45907,614,942
983,XGU-5848,LKD-5127,123 Main Street,19th Floor,Luangwa,,84725,523,567
984,SKL-1600,CLM-1512,123 Main Street,Room 824,Wuma,,40377,529,524
985,MGY-5450,NYG-1346,987 Pine Road,15th Floor,Pulau Pinang,Pulau Pinang,51937,716,570
986,NXW-9689,PVY-6378,789 Oak Lane,Room 646,Sasayama,,11816,238,585
987,ZOG-7997,DIX-9341,789 Oak Lane,Apt 1550,Miyata,,18793,630,949
988,VTS-2630,FGP-0146,123 Main Street,19th Floor,Duozhu,,23150,174,586
989,EZS-5821,UTK-9819,456 Elm Avenue,Suite 20,Rožďalovice,,76137,691,159
990,RYN-2612,WGQ-2170,987 Pine Road,Suite 54,Lumbardhi,,18957,37,97
991,UBW-6054,POB-9669,987 Pine Road,PO Box 84250,Catanauan,,11342,369,39
992,LPM-5667,IRJ-4621,321 Maple Drive,PO Box 56326,Franco da Rocha,,17254,245,472
993,FDM-2852,VOQ-4004,789 Oak Lane,PO Box 46603,San Pedro,,58566,671,365
994,NLL-8388,PQR-7627,987 Pine Road,PO Box 81095,Serov,,79452,1,160
995,GRQ-5400,FBB-0325,987 Pine Road,Suite 41,Paatan,,72360,1000,142
996,MZS-3083,ZAP-7948,789 Oak Lane,Apt 531,La Troncal,,62489,162,272
997,DAO-4235,ZIL-2704,123 Main Street,Apt 1112,Majagual,,97894,89,376
998,CFA-8781,LBM-1432,789 Oak Lane,19th Floor,Xichangmen,,37854,283,911
999,OFJ-8021,PDZ-1317,789 Oak Lane,Suite 1,Sipocot,,95531,799,597
1000,LPY-2687,NAR-8711,987 Pine Road,Apt 1748,Columbia,Missouri,79587,410,256
