AcctAdmin_id,AdminFirstName,AdminLastName,AdminMiddleInitial,AdminSuffix,Address1,Address2,City,State,Zip
1,Ruby,Landrieu,C,Sr,789 Oak Rd,Suite 31,Khovd,,51203
2,Meier,Mewett,O,Jr,123 Main St,Suite 80,Xingou,,66272
3,Opaline,Patchett,G,IV,321 Pine Ln,Room 1507,Madison,Wisconsin,07920
4,Leif,Tremontana,N,II,789 Oak Rd,Apt 1854,Kashira,,55392
5,Ammamaria,Raeside,R,Jr,321 Pine Ln,Room 890,Sidi Slimane,,31313
6,Lin,Zamboniari,D,IV,789 Oak Rd,Suite 49,Stockholm,Stockholm,76684
7,Ulla,Skillitt,V,III,456 Elm Ave,Suite 7,Smoky Lake,Alberta,89802
8,Kimble,Dominey,L,IV,456 Elm Ave,Room 306,Zhaxirabdain,,74056
9,Avrit,Cullen,P,Jr,123 Main St,Room 1786,Vallentuna,Stockholm,40634
10,Annalee,Bambridge,X,II,987 Maple Dr,Suite 1,Yongchang,,62913
11,Merrilee,Haysom,N,III,987 Maple Dr,Apt 1524,Penha Longa,Porto,72876
12,Erna,Gino,B,III,123 Main St,PO Box 97761,Las Palmas,Guerrero,09197
13,Latashia,Goodright,M,Sr,789 Oak Rd,PO Box 92020,Pabuaran,,79933
14,Davy,Carncross,E,Sr,123 Main St,Apt 434,Lakkha Nëvre,,40155
15,Willow,Tegeller,R,Sr,321 Pine Ln,Apt 824,Ivanovo,,46929
16,Davidson,Tsarovic,G,Jr,321 Pine Ln,Suite 93,Łysomice,,06968
17,Alberto,Fishwick,O,Jr,321 Pine Ln,Apt 647,Kipushi,,26778
18,Calla,Kabsch,J,III,123 Main St,Suite 14,Las Vegas,Nevada,20255
19,Gamaliel,Kirkbright,X,II,987 Maple Dr,Suite 15,Zhifang,,19389
20,Mohandas,Fryers,G,IV,789 Oak Rd,PO Box 21716,Ringinrejo,,30740
21,Germaine,Isbell,I,IV,321 Pine Ln,Apt 1681,Piteå,Norrbotten,69290
22,Nan,Swires,S,Jr,987 Maple Dr,6th Floor,Odintsovo,,88930
23,Kerry,Strickett,Q,IV,456 Elm Ave,Suite 21,Crossmolina,,19940
24,Nikolaos,Linskey,J,Jr,123 Main St,16th Floor,Castelo,Santarém,56399
25,Cleopatra,Lindborg,M,Sr,123 Main St,Room 1444,Kaminoyama,,68393
26,Issie,Swyer,O,III,456 Elm Ave,Room 141,Hovtashen,,98522
27,Olvan,Pickhaver,G,Jr,789 Oak Rd,Suite 84,Semibratovo,,37696
28,Barnaby,O'Dyvoie,I,IV,321 Pine Ln,Room 866,Kolomanu,,37219
29,Holli,McQuade,E,Jr,456 Elm Ave,PO Box 32634,Raemude,,44395
30,Hettie,Mussalli,G,Sr,321 Pine Ln,Apt 297,Zhetang,,89025
31,Koral,Balshaw,Z,Jr,456 Elm Ave,5th Floor,Colquemarca,,66137
32,Shaine,Dunsford,P,II,987 Maple Dr,Room 1016,Enskede,Stockholm,24061
33,Elfrieda,Pattlel,E,II,321 Pine Ln,PO Box 42647,Uvarovo,,65168
34,Gherardo,McGillecole,E,Sr,789 Oak Rd,Suite 69,Dapdap,,65860
35,Deborah,Baddiley,H,Jr,789 Oak Rd,Suite 82,Paterson,New Jersey,78902
36,Charmion,Shubotham,O,III,321 Pine Ln,Room 1179,Sukamulya,,29836
37,Briney,Crandon,G,IV,789 Oak Rd,19th Floor,Coroico,,74188
38,Issiah,Soonhouse,T,Sr,456 Elm Ave,Suite 61,Haibeitou,,04110
39,Trev,Lyddon,S,III,123 Main St,PO Box 45926,Tangping,,25295
40,Allissa,Bruineman,K,IV,321 Pine Ln,PO Box 85600,Rongdoi,,84733
41,Joletta,Petel,U,II,123 Main St,Apt 1380,Dollard-Des Ormeaux,Québec,39665
42,Callida,Calan,C,II,456 Elm Ave,15th Floor,São Luiz Gonzaga,,64715
43,Della,Eckels,U,Jr,456 Elm Ave,PO Box 46602,Poncokusumo,,73853
44,Reginald,Gotling,X,II,456 Elm Ave,PO Box 29895,Bystré,,70037
45,Camella,Coughlan,L,Jr,321 Pine Ln,Suite 59,Gangbei,,70760
46,Troy,Backler,E,Jr,789 Oak Rd,Apt 1242,Turgun,,60573
47,Waldo,Gasparro,N,Jr,987 Maple Dr,PO Box 58502,Caen,Basse-Normandie,02861
48,Katti,Brandassi,P,Jr,456 Elm Ave,Room 426,Stalís,,77849
49,Ros,Kollatsch,J,Sr,321 Pine Ln,Apt 310,Yelabuga,,29004
50,Reynolds,Canham,O,II,321 Pine Ln,Room 1328,Tanbu,,29996
51,Dar,Claus,G,III,321 Pine Ln,PO Box 57619,Roxas,,81357
52,Marylee,Youngman,E,Sr,321 Pine Ln,PO Box 64495,Karibib,,98070
53,Saidee,O' Donohoe,U,II,321 Pine Ln,Room 1791,Rochester,New York,07264
54,Warren,Crosscombe,F,Jr,987 Maple Dr,PO Box 72202,Cemplang,,83900
55,Trumann,Utton,R,IV,789 Oak Rd,Suite 57,Monaghan,,99746
56,Horton,Hugett,M,Sr,987 Maple Dr,17th Floor,Ingeniero Guillermo N. Juárez,,13472
57,Tammie,Middle,W,III,987 Maple Dr,Room 1575,Guder Lao,,30134
58,Noe,Ielden,Y,Jr,456 Elm Ave,Suite 35,Aydūn,,09762
59,Shepard,Margetts,P,IV,123 Main St,14th Floor,Marintoc,,73713
60,Steve,Farlow,M,Jr,456 Elm Ave,Suite 68,Melaka,Melaka,82176
61,Philippe,Rookes,K,III,456 Elm Ave,Room 778,Nusajaya,Johor,12522
62,Werner,Foote,D,Jr,456 Elm Ave,Apt 57,Mayisad,,60743
63,Trevor,Cawsy,X,III,321 Pine Ln,Suite 4,Hougang,,54518
64,Sargent,Guppey,M,II,987 Maple Dr,Suite 29,Pasadena,Newfoundland and Labrador,83991
65,Brynna,Sorsby,N,Jr,123 Main St,Room 391,Anna Regina,,59812
66,Yankee,Lashford,I,IV,987 Maple Dr,18th Floor,Pag-asa,,26465
67,Ninnetta,Allden,B,IV,456 Elm Ave,Apt 391,Port-de-Bouc,Provence-Alpes-Côte d'Azur,98149
68,Zelda,Cutajar,O,III,321 Pine Ln,Suite 2,Wanmingang,,48437
69,Tiff,Benninck,X,Sr,456 Elm Ave,Apt 992,Örgön,,36024
70,Veronike,Fisbey,H,Jr,987 Maple Dr,PO Box 45440,Maszewo Duże,,69430
71,Georgeanne,Gundrey,E,Sr,789 Oak Rd,Suite 57,Camindangan,,14468
72,Jacquette,Millership,N,Sr,789 Oak Rd,7th Floor,Hengxi,,79522
73,Jake,O'Mailey,M,III,789 Oak Rd,PO Box 54885,Kuchinarai,,64273
74,Luciano,Conklin,N,II,456 Elm Ave,Apt 1879,Czyżowice,,72469
75,Wren,Rusted,J,II,987 Maple Dr,Room 1892,Knoxville,Tennessee,44698
76,Delaney,Barhems,W,IV,789 Oak Rd,Room 1946,Shenwan,,86771
77,Nancey,Kinchley,N,IV,456 Elm Ave,PO Box 78903,Łobżenica,,09448
78,Natalina,MacVaugh,P,Sr,987 Maple Dr,3rd Floor,Paris 19,Île-de-France,63453
79,James,Kester,B,Jr,123 Main St,Apt 711,Qiting,,32792
80,Ediva,Jobbins,D,III,789 Oak Rd,PO Box 13403,Aydūn,,19040
81,Jaclyn,Shallcroff,M,II,987 Maple Dr,18th Floor,Sutton,,65089
82,Otho,Hebborn,N,Jr,123 Main St,PO Box 41342,Salaya,,69957
83,Land,Pilfold,T,III,123 Main St,2nd Floor,Qiulu,,64079
84,Melany,Marc,M,III,456 Elm Ave,5th Floor,San Miguel,Michoacan De Ocampo,00594
85,Illa,Twist,N,II,321 Pine Ln,PO Box 61306,Sizhou,,64991
86,Jessa,Tomasian,E,Jr,321 Pine Ln,9th Floor,Huayuan,,90790
87,Benedicta,Rosel,K,IV,321 Pine Ln,Apt 1241,Wulan,,34748
88,Babbette,Rosborough,X,Jr,321 Pine Ln,Apt 526,Wewit,,38992
89,Kristian,Southcomb,E,II,321 Pine Ln,Apt 1333,Gąbin,,03328
90,Carny,Rosier,A,II,987 Maple Dr,Suite 69,Jumpangdua,,94988
91,Grazia,Croley,Y,II,123 Main St,3rd Floor,Itéa,,87795
92,Jeralee,Godlee,Z,Jr,987 Maple Dr,PO Box 71974,Kawayan,,31641
93,Brenden,Rameaux,Z,Jr,321 Pine Ln,13th Floor,Dongzaogang,,68726
94,Ashleigh,Stroobant,O,II,123 Main St,Apt 140,Itaberaí,,21103
95,Sander,Borgne,R,II,456 Elm Ave,Room 1447,Plandirejo,,40500
96,Marcelo,Zannelli,Q,III,789 Oak Rd,PO Box 82964,Castries,,78128
97,Jennette,Lideard,J,III,123 Main St,Room 1934,Suruhan,,94479
98,Sibbie,Munro,P,III,456 Elm Ave,Apt 22,Armavir,,65712
99,Shelbi,Jaye,S,III,456 Elm Ave,PO Box 67549,Żyrardów,,89191
100,Rudd,Cayton,V,II,789 Oak Rd,Apt 321,Niafunké,,56778
101,Caitlin,MacCarrane,L,Sr,987 Maple Dr,Suite 51,Taiyuan,,81300
102,Maisey,Oventon,L,III,987 Maple Dr,Room 1108,Czerwieńsk,,34125
103,Ambrose,Genicke,E,II,789 Oak Rd,Apt 441,Ujar,,39373
104,Ara,Dingwall,Y,Jr,123 Main St,PO Box 68298,Vigo,Galicia,87991
105,Neala,Noads,A,III,987 Maple Dr,Suite 11,Calinog,,71110
106,Bendicty,Macon,R,II,456 Elm Ave,Suite 95,Mahekou,,85897
107,Evvie,Dawdry,G,III,789 Oak Rd,19th Floor,Kalvola,,90346
108,Happy,Faulconbridge,K,Sr,123 Main St,Room 1151,Balneário Camboriú,,05440
109,Cyb,Petley,V,IV,987 Maple Dr,16th Floor,Cabusao,,23565
110,Sanders,Rosenfield,I,Sr,123 Main St,16th Floor,Tazhuang,,71330
111,Adelheid,Wickens,O,IV,987 Maple Dr,19th Floor,Youhua,,78140
112,Marty,Cayette,I,II,456 Elm Ave,Room 1469,Dongmaku,,47816
113,Clair,Testo,Y,II,123 Main St,Room 1876,Gorodets,,12573
114,Arleyne,Scollan,M,III,987 Maple Dr,Room 548,Binguang,,34698
115,Addison,Shone,U,Sr,789 Oak Rd,Suite 69,Sa Kaeo,,90668
116,Saree,Ghelardoni,R,Sr,987 Maple Dr,Room 136,Bahay Pare,,28715
117,Aguistin,Beltzner,K,II,789 Oak Rd,Apt 185,Czernice Borowe,,68198
118,Court,Brokenbrow,H,Jr,321 Pine Ln,PO Box 87183,Baguinge,,11714
119,Domini,Hansed,H,Sr,123 Main St,Room 1572,Haninge,Stockholm,88236
120,Kingsly,Johnsson,S,II,123 Main St,Room 1940,Jugezhuang,,92027
121,Alexis,Mulberry,G,II,456 Elm Ave,Room 1279,Glasnevin,,27674
122,Terence,Eltun,J,Sr,123 Main St,PO Box 80623,Gnojnica,,51285
123,Esta,Richie,B,IV,456 Elm Ave,Room 1488,Warri,,36894
124,Latrina,Raraty,U,Jr,789 Oak Rd,2nd Floor,Blang Dalam,,13954
125,Korry,Itzkov,P,II,789 Oak Rd,Apt 64,Quintães,Braga,32219
126,Winnifred,Nijs,K,Sr,456 Elm Ave,Suite 55,Barapas,,26538
127,Alverta,Milmith,G,II,321 Pine Ln,10th Floor,Glasgow,Scotland,99170
128,Daisey,Larkings,L,III,789 Oak Rd,PO Box 83623,Xiushi,,56587
129,Dallas,Batterbee,Z,II,789 Oak Rd,Room 99,Yamen,,59261
130,Stanislaus,Patkin,D,IV,987 Maple Dr,Suite 57,Komoro,,65490
131,Sande,Shewery,Q,II,123 Main St,Suite 61,Kobylanka,,28489
132,Minnaminnie,Tooher,J,IV,321 Pine Ln,Apt 1448,Sukamaju Kidul,,37675
133,Karita,Iacopini,G,Jr,456 Elm Ave,Suite 47,New Washington,,56468
134,Lucilia,Hare,Z,II,456 Elm Ave,Room 1535,Kawengan,,65241
135,Urson,Hartman,A,Sr,456 Elm Ave,3rd Floor,Sokol,,45981
136,Baxter,Snowden,F,IV,123 Main St,Apt 1698,Tabālah,,22948
137,Katina,Enocksson,Y,III,789 Oak Rd,Apt 336,Inčukalns,,69058
138,Tedda,Antley,I,Sr,987 Maple Dr,Suite 48,Kamiichi,,02331
139,Florinda,Eagleston,U,Sr,456 Elm Ave,PO Box 93778,Zhaolingpu,,38803
140,Crissie,Fillery,C,II,456 Elm Ave,Suite 39,Bayanbaogede,,22354
141,Jaclin,Smalman,J,IV,456 Elm Ave,Suite 61,Lac-Brome,Québec,30921
142,Giselbert,Myton,A,Sr,123 Main St,Suite 78,Tala,,52856
143,Susie,Fleming,B,II,123 Main St,Room 1694,Néa Tríglia,,99624
144,Luce,Davson,B,III,789 Oak Rd,Suite 24,Kafr Zībād,,84707
145,Ronda,Ramage,A,IV,456 Elm Ave,11th Floor,Kujang,,30165
146,Viki,De Witt,N,III,789 Oak Rd,PO Box 8030,Maumere,,84130
147,Kip,Mardlin,K,Sr,123 Main St,Room 1865,Narvacan,,81188
148,Hanson,Tiernan,Y,III,987 Maple Dr,Apt 1185,Atalhada,Ilha de São Miguel,22142
149,Austin,Harty,I,IV,789 Oak Rd,PO Box 72366,Pingtang,,37983
150,Kermit,Bakhrushkin,K,Sr,123 Main St,19th Floor,Growong Kidul,,35190
151,Ora,Thorold,P,Sr,123 Main St,Suite 51,Sidaohezi,,98233
152,Reuben,Elintune,G,III,321 Pine Ln,Suite 83,Guia,Faro,80867
153,Bevvy,Braund,D,Sr,789 Oak Rd,PO Box 61914,Lemende,Porto,23380
154,Melodee,Chiverstone,Z,Sr,987 Maple Dr,Apt 1063,Amphawa,,71424
155,Sybila,Ellison,H,IV,456 Elm Ave,Apt 1401,Horton,England,43797
156,Melinda,Ormistone,Z,IV,456 Elm Ave,Apt 1747,Nacka,Stockholm,59555
157,Lorelei,Madison,F,IV,123 Main St,PO Box 10169,Quevedo,,32646
158,Phineas,Van Der Weedenburg,I,II,789 Oak Rd,Room 713,Tebluru,,87543
159,Vernen,Thuillier,S,IV,321 Pine Ln,Apt 400,Banjar Timbrah,,13005
160,Darrelle,Thurbon,K,Jr,789 Oak Rd,16th Floor,Candating,,96895
161,Ev,Perett,N,Sr,789 Oak Rd,15th Floor,Indramayu,,60027
162,Zora,Kaindl,Y,III,789 Oak Rd,Apt 1050,Cuenca,,84009
163,Bibbye,Bartolozzi,D,Sr,789 Oak Rd,Room 1224,Dingbao,,12070
164,Cherin,Arp,T,Jr,123 Main St,PO Box 56544,Lukunor,,64773
165,Joya,Muir,Y,IV,987 Maple Dr,Apt 775,Qiangtou,,65036
166,Gabie,Sebrook,E,IV,321 Pine Ln,Apt 1065,Laka,,45136
167,Alane,Atton,G,Sr,123 Main St,16th Floor,Keboncau,,85867
168,Nanice,Broadwood,L,III,789 Oak Rd,Suite 63,Svenljunga,Västra Götaland,39082
169,Dael,Gilling,B,Jr,789 Oak Rd,Apt 773,Guanyinsi,,97857
170,Tore,Romand,N,Jr,456 Elm Ave,Room 848,Mników,,74560
171,Audrye,Lauder,W,II,987 Maple Dr,PO Box 33901,Arapongas,,53086
172,Mose,McCluin,G,IV,321 Pine Ln,Apt 129,Lazarat,,26604
173,Maddi,Kenningley,I,II,789 Oak Rd,Apt 510,Jivia,,11486
174,Allin,Getty,B,II,456 Elm Ave,PO Box 21161,Kushchëvskaya,,59754
175,Justis,McPhelimy,F,II,123 Main St,Room 1377,Jelah,,50124
176,Doll,Beynkn,W,Sr,321 Pine Ln,Suite 48,Mirebalais,,82925
177,Rafael,Philips,R,III,789 Oak Rd,10th Floor,Konëvo,,12810
178,Nerissa,Tivolier,C,III,123 Main St,Suite 61,Morong,,66311
179,Carolina,Iskowicz,S,II,789 Oak Rd,4th Floor,Yangmaogong,,06645
180,Natassia,Bagshawe,O,Jr,123 Main St,PO Box 98815,Jinshan,,23347
181,Norrie,Stiebler,Z,II,789 Oak Rd,Room 1908,Cibeureum Satu,,76363
182,Pascal,Saunper,S,II,123 Main St,PO Box 94097,Kalodu,,83361
183,Angel,Andrusyak,T,Jr,321 Pine Ln,Suite 11,Vichy,Auvergne,36470
184,Marty,Cauley,J,Sr,321 Pine Ln,PO Box 96529,Sidirókastro,,00349
185,Bartholomeo,Kalkofen,U,Jr,123 Main St,PO Box 15390,Mamoudzou,,70364
186,Cece,Kunc,W,III,321 Pine Ln,Apt 158,Caçador,,60549
187,Patrizius,Phillps,A,IV,321 Pine Ln,Suite 82,Huangcun,,02330
188,Keely,Farfalameev,Z,Jr,123 Main St,PO Box 2657,Las Flores,Oaxaca,88423
189,Peg,Buchett,M,II,987 Maple Dr,Suite 13,La Rioja,,28414
190,Kendre,Henighan,N,Jr,789 Oak Rd,Room 254,Albacete,Castilla - La Mancha,47038
191,Toiboid,Davidovics,A,IV,321 Pine Ln,15th Floor,Punolu,,76427
192,Brynn,Hexham,W,II,789 Oak Rd,Apt 1172,Buldon,,80882
193,Alphonse,Pietesch,N,II,123 Main St,Apt 1572,Xilong,,95351
194,Melosa,Tustin,L,III,321 Pine Ln,Room 1988,Chinhoyi,,55573
195,Rudolph,Count,B,IV,123 Main St,Suite 98,Weston,England,72571
196,Marin,Willacot,V,IV,321 Pine Ln,Room 980,Laohugang,,12467
197,Reade,Brotherhed,E,Jr,987 Maple Dr,12th Floor,Chingas,,60506
198,Cosimo,Carmichael,N,IV,456 Elm Ave,11th Floor,Nguluhan,,17198
199,Gard,Cleyburn,B,Sr,987 Maple Dr,Room 475,Pereiras,Porto,32413
200,Jeth,Simkins,S,Sr,987 Maple Dr,Apt 1411,Chumphon,,07558
201,Elita,Portress,X,Sr,789 Oak Rd,PO Box 23559,Cikajang,,33502
202,Kiley,Cockerham,Q,III,321 Pine Ln,9th Floor,Moret-sur-Loing,Île-de-France,81760
203,Ximenes,Abriani,D,II,789 Oak Rd,PO Box 39869,Madrid,,72687
204,Dael,Burdis,V,Jr,321 Pine Ln,Room 789,Gumawang,,08585
205,Dorian,Bedlington,L,III,321 Pine Ln,Room 931,Hachiōji,,73935
206,Leesa,Sackett,C,Jr,321 Pine Ln,5th Floor,Cambé,,44158
207,Adamo,Proud,Q,II,789 Oak Rd,Apt 1136,Wakapuken,,21849
208,Roma,Waistall,L,Jr,987 Maple Dr,Suite 95,Pu’er,,82451
209,Yorke,Gapper,Z,IV,789 Oak Rd,Suite 27,Bezons,Île-de-France,66742
210,Alec,Peirone,A,II,789 Oak Rd,Apt 604,Bogovarovo,,09527
211,Alexia,Geri,A,Sr,123 Main St,Room 2,Balgarevo,,50929
212,Letty,Stoney,X,III,456 Elm Ave,Apt 561,Menara,,00242
213,Webster,Hanfrey,V,Sr,789 Oak Rd,Apt 7,Złotniki Kujawskie,,83224
214,Wilmer,Ruthen,Q,II,123 Main St,Room 1674,Châtillon,Île-de-France,41318
215,Lenora,Demer,T,III,321 Pine Ln,PO Box 39628,Banatsko Veliko Selo,,86133
216,Rivalee,Isoldi,N,II,123 Main St,18th Floor,Zainsk,,85051
217,Hilliard,Gilfether,C,Sr,456 Elm Ave,Room 9,Salinas,California,65711
218,Elvira,Robarts,B,Sr,789 Oak Rd,Apt 1779,Fajões,Aveiro,43190
219,Eugen,Schirak,P,II,987 Maple Dr,PO Box 43426,Cayenne,Guyane,36552
220,Murdoch,Naylor,V,Jr,123 Main St,8th Floor,Guashe,,06047
221,Milty,Cubbon,Y,III,123 Main St,PO Box 19642,Villa Serrano,,13886
222,Evered,Clotworthy,O,III,987 Maple Dr,Apt 1335,Podstepki,,53145
223,Carlyle,Border,S,Sr,987 Maple Dr,8th Floor,Rongxing,,19555
224,Sebastiano,Doche,L,Jr,456 Elm Ave,10th Floor,Songgai,,81643
225,Giffy,Sansom,Y,Jr,123 Main St,Apt 1493,Buerarema,,87851
226,Wanda,Paolicchi,W,Sr,123 Main St,Apt 250,Nanpiao,,48124
227,Sherill,Challin,E,IV,123 Main St,Apt 1728,Yanglinqiao,,09141
228,Rance,Allenby,P,Sr,321 Pine Ln,Suite 3,Chaloem Phra Kiat,,55250
229,Dene,Welberry,Q,Jr,987 Maple Dr,PO Box 96802,Jingxi,,40134
230,Cynthia,Baudesson,H,Sr,456 Elm Ave,5th Floor,Yangba,,91363
231,Donovan,Sinott,V,Jr,456 Elm Ave,Room 1028,Qingshui,,70924
232,Cicely,Pimblott,D,IV,987 Maple Dr,Apt 935,Campo Formoso,,44525
233,Casar,Hext,V,III,123 Main St,Suite 60,Bailu,,54234
234,Louise,Oxbrough,A,IV,321 Pine Ln,5th Floor,Bedinje,,22558
235,Gard,Trazzi,I,II,789 Oak Rd,Room 1701,San Bernardino,,78824
236,Harmony,Realy,S,IV,123 Main St,Room 1562,Pukou,,94816
237,Stefania,Ragless,K,IV,321 Pine Ln,8th Floor,Ishikari,,58846
238,Romola,Vella,A,Jr,789 Oak Rd,Room 719,Chiţcani,,55005
239,Travus,Beernt,D,Jr,456 Elm Ave,PO Box 67990,Gustavia,,86686
240,Madelena,Lazenby,Y,IV,123 Main St,PO Box 26349,Cikayas,,36287
241,Berkeley,Strand,V,IV,123 Main St,PO Box 24162,Tushi,,12100
242,Daisy,Rubroe,P,Jr,321 Pine Ln,6th Floor,El Bagre,,47566
243,Hyacinthia,Bottell,B,IV,987 Maple Dr,PO Box 30851,Cigenca,,77447
244,Niki,Lezemore,F,IV,123 Main St,Room 1810,Chetian,,83154
245,Corbie,Carnson,J,Sr,321 Pine Ln,20th Floor,Turku,,97997
246,Sapphire,Exton,S,Jr,789 Oak Rd,Suite 80,Yelizavetinskaya,,16854
247,Elsworth,Plait,W,Jr,321 Pine Ln,Suite 99,Junín,,36628
248,Deonne,Skirvane,N,IV,456 Elm Ave,12th Floor,Huangling,,37782
249,Aurore,Bonar,K,Jr,987 Maple Dr,1st Floor,Tim,,20729
250,Emylee,Gibbens,X,IV,456 Elm Ave,Apt 1697,Jiehu,,16109
251,Tallie,Shevels,M,Jr,123 Main St,PO Box 26326,San Juan Nepomuceno,,65158
252,Beverley,Connochie,E,IV,321 Pine Ln,Apt 792,Fonte da Vaca,Setúbal,54520
253,Tris,Boarer,O,Sr,123 Main St,Apt 1215,Usol’ye,,32383
254,Demeter,Drummond,U,IV,456 Elm Ave,Apt 1022,Karoya,,31757
255,Hershel,Ramstead,W,III,789 Oak Rd,PO Box 70203,Sonlit,,83323
256,Jonie,Beacham,B,IV,987 Maple Dr,PO Box 42856,Huainan,,60617
257,Flem,Causton,N,III,321 Pine Ln,Room 1397,Sumuragung,,87699
258,Sandy,Spellar,Y,Jr,123 Main St,Suite 16,Nedakonice,,21300
259,Philly,Bynert,M,Jr,321 Pine Ln,7th Floor,Kuala Pilah,Negeri Sembilan,72419
260,Niels,Ducker,I,III,123 Main St,Suite 43,Pereiro,Viana do Castelo,74338
261,Haley,Acom,S,II,321 Pine Ln,Room 94,Tongzi,,14045
262,Perri,Batterton,P,III,789 Oak Rd,Apt 55,Lanipao,,26640
263,Abbe,Brookbank,M,IV,987 Maple Dr,12th Floor,Ýdra,,57051
264,Hastings,Synder,L,Sr,123 Main St,Room 878,Dos Quebradas,,62884
265,Lewiss,Horsey,Y,Jr,456 Elm Ave,Suite 97,Kallar Kahār,,61757
266,Gottfried,Kenwood,N,II,321 Pine Ln,Suite 8,Ko Pha Ngan,,02967
267,Lotta,Forkan,B,Sr,987 Maple Dr,PO Box 25908,Cigaluh,,43877
268,Ben,Rotlauf,S,III,987 Maple Dr,Room 1414,Tietê,,56906
269,Blayne,Tidy,H,II,456 Elm Ave,14th Floor,Pérez,,06707
270,Noellyn,Arro,P,II,123 Main St,Apt 1289,Candoni,,48626
271,Merola,Borg-Bartolo,P,III,123 Main St,PO Box 61863,Yoichi,,37101
272,Timmie,Koschke,S,II,987 Maple Dr,PO Box 41007,Tanay,,94708
273,Farrell,Hallitt,G,III,321 Pine Ln,PO Box 91150,Mandalgovi,,95402
274,Corney,Filon,O,IV,456 Elm Ave,Suite 91,Jiangwang,,73596
275,Krista,Croasdale,T,IV,789 Oak Rd,Suite 30,Al Bāriqīyah,,79070
276,Lynn,Thomke,S,Sr,123 Main St,PO Box 59555,Thị Trấn Mường Lát,,10918
277,Didi,Cocklin,I,Jr,321 Pine Ln,PO Box 14125,Tawaran,,63369
278,Fransisco,Baggally,N,Sr,123 Main St,Suite 9,Qingqu,,24353
279,Fabian,Braysher,L,II,456 Elm Ave,Suite 53,Notre Dame,,04821
280,Orran,Ellerker,O,Sr,321 Pine Ln,Room 830,Anchau,,63004
281,Jonathon,Bendon,R,II,456 Elm Ave,Suite 91,Ialibu,,80651
282,Charlotte,Fewless,S,Sr,789 Oak Rd,PO Box 12019,Dadian,,96506
283,Asher,Lebond,X,Jr,789 Oak Rd,Apt 1886,Rzozów,,85786
284,Clio,O'Leary,H,IV,123 Main St,Room 1560,Siumate,,75215
285,Queenie,Hessing,A,Sr,987 Maple Dr,Apt 430,Burgos,,53597
286,Carlie,Pauncefoot,O,III,789 Oak Rd,Room 1889,Yuhang,,63011
287,Tybi,Marmion,N,Sr,456 Elm Ave,3rd Floor,Xiaofayi,,27372
288,Keary,Coulthard,F,Jr,456 Elm Ave,6th Floor,Yeri,,00570
289,Berta,Atwel,N,IV,789 Oak Rd,Room 175,Nizhniy Bestyakh,,49516
290,Nadiya,Lardner,I,II,321 Pine Ln,Suite 79,Ccatca,,23284
291,Berenice,Petrashov,R,Jr,321 Pine Ln,Room 1081,Biñan,,99916
292,Reynard,Carnalan,L,Jr,321 Pine Ln,Suite 96,Yulong,,16767
293,Tan,Duncanson,S,Jr,123 Main St,Apt 1463,Mizi,,74948
294,Renato,Popland,H,Jr,987 Maple Dr,19th Floor,Kitakata,,73428
295,Joell,Bambrugh,S,III,789 Oak Rd,Room 976,El Bagre,,08958
296,Brody,Drought,V,IV,456 Elm Ave,Apt 1523,Songjiang,,07449
297,Doralia,Biles,T,Sr,456 Elm Ave,PO Box 72159,Rancamaya,,16913
298,Jobey,Frede,D,IV,987 Maple Dr,PO Box 20455,Padre Burgos,,12257
299,Corbett,Coch,X,II,789 Oak Rd,Apt 1196,Dobrica,,22561
300,Cobb,Athridge,X,Sr,789 Oak Rd,Suite 50,Gaphatshwe,,31213
301,Courtney,Hacun,S,IV,789 Oak Rd,Apt 753,Pôrto Barra do Ivinheima,,04187
302,Elsa,Renol,P,Jr,789 Oak Rd,PO Box 22921,Itambé,,84879
303,Karola,Poleye,Q,Jr,789 Oak Rd,Suite 41,Bissau,,69917
304,Curt,Barker,K,IV,321 Pine Ln,Room 420,Eskilstuna,Södermanland,04130
305,Eleanora,Dunnaway,K,IV,987 Maple Dr,Apt 321,Paranaíba,,61055
306,Any,Mitrovic,E,Jr,789 Oak Rd,13th Floor,Sugito,,55791
307,Christi,Perfitt,Z,III,987 Maple Dr,2nd Floor,Funchalinho,Setúbal,99157
308,Pearline,Vasyukhichev,A,II,987 Maple Dr,Room 388,Sinjil,,27906
309,Imogene,Klimowski,J,II,789 Oak Rd,Apt 1621,Shatalovo,,56985
310,Thorndike,Makepeace,J,Jr,321 Pine Ln,Room 1429,Osoyoos,British Columbia,98624
311,Edna,Parysowna,Q,II,321 Pine Ln,20th Floor,Xaçmaz,,27375
312,Devina,Winscum,L,Sr,321 Pine Ln,Suite 59,Beichan,,53957
313,Faythe,Pfaffe,M,Jr,321 Pine Ln,Apt 1845,Jiukou,,58980
314,Ermin,Roke,G,IV,321 Pine Ln,Apt 695,Canggang,,94338
315,Kippie,McGinny,V,IV,987 Maple Dr,Room 1638,Maple Ridge,British Columbia,62691
316,Bo,Semor,K,II,456 Elm Ave,3rd Floor,Beisijiazi,,76196
317,Doll,Petren,P,Sr,321 Pine Ln,Suite 89,Cibolang,,51095
318,Aristotle,Musker,O,IV,987 Maple Dr,Suite 45,Fuming,,39480
319,Madella,Brunsden,B,II,456 Elm Ave,PO Box 52518,Dazi,,75746
320,Marlon,Leonard,Y,Sr,123 Main St,8th Floor,Rizómilos,,34389
321,Simonne,Giscken,L,IV,987 Maple Dr,Apt 1827,Baixiang,,84905
322,Drew,Ixor,Z,III,987 Maple Dr,PO Box 84863,Sumberan,,62471
323,Arline,Rhymer,H,Jr,321 Pine Ln,2nd Floor,Sinŭiju,,46039
324,Nicolle,Hindge,N,Jr,321 Pine Ln,14th Floor,Eldoret,,12820
325,Roselle,Tschiersch,G,II,789 Oak Rd,PO Box 96537,Pulau Pinang,Pulau Pinang,70053
326,Cathie,Arnefield,T,III,789 Oak Rd,PO Box 88136,Strabychovo,,88675
327,Mikol,Ahmad,O,Jr,321 Pine Ln,Room 635,Lobito,,33068
328,Dael,Pollock,Z,Jr,456 Elm Ave,Apt 636,Wenquan,,57202
329,Fanchon,Godrich,F,Jr,321 Pine Ln,2nd Floor,Kon Tum,,99148
330,Camile,Michurin,G,IV,987 Maple Dr,PO Box 82137,Gasri,,73414
331,Guido,Ponnsett,V,Sr,321 Pine Ln,10th Floor,Gongpo,,23677
332,Marlane,Eddison,N,IV,789 Oak Rd,Apt 698,La Plata,,08767
333,Timmy,Cuerdall,N,III,321 Pine Ln,Apt 1694,Ma’an,,33851
334,Petrina,Lomax,U,Sr,123 Main St,17th Floor,Sukpak,,44479
335,Deirdre,Peyton,I,Sr,123 Main St,14th Floor,Lagawe,,78451
336,Kacy,McKain,E,IV,123 Main St,Apt 361,Dortmund,Nordrhein-Westfalen,33415
337,Eydie,Mingauld,N,Sr,789 Oak Rd,Apt 857,Várzea Alegre,,89899
338,Ailyn,Costelow,P,IV,789 Oak Rd,4th Floor,Menzel Abderhaman,,98756
339,Gabbey,Grimmert,F,IV,456 Elm Ave,9th Floor,Báguanos,,16578
340,Duane,Hayhoe,B,Jr,789 Oak Rd,7th Floor,Futian,,94186
341,Emerson,Olrenshaw,Q,IV,123 Main St,8th Floor,Jaša Tomić,,84254
342,Fayre,Cleft,U,II,123 Main St,Suite 4,Taposan,,15917
343,Amalia,Gandrich,J,II,123 Main St,Suite 100,Smederevska Palanka,,07786
344,Brunhilde,Aharoni,P,II,456 Elm Ave,4th Floor,Tanshan,,84484
345,Aguistin,Draude,G,Sr,789 Oak Rd,PO Box 68834,Kristinehamn,Värmland,16615
346,Arte,Swyer,Y,Sr,789 Oak Rd,Apt 606,Ambelókipoi,,70214
347,Casandra,Kimmings,C,II,789 Oak Rd,Suite 7,Capela,,88750
348,Nevile,Tumasian,K,Sr,123 Main St,20th Floor,Kushiro,,71106
349,Artemis,Meacher,G,II,987 Maple Dr,PO Box 98526,Mayantoc,,55285
350,Wynnie,Avramov,T,II,987 Maple Dr,Room 1503,Heilongkou,,71858
351,Lorenzo,Fosserd,D,Sr,789 Oak Rd,Suite 65,Bačka Topola,,68942
352,Dominga,Erskine,L,IV,789 Oak Rd,9th Floor,Okazaki,,40392
353,Silvan,Fayer,D,II,456 Elm Ave,PO Box 94092,Slovenske Konjice,,43525
354,Bert,Martindale,M,Jr,123 Main St,3rd Floor,Zhongxing,,68250
355,Rici,Lansdale,R,IV,789 Oak Rd,Apt 1114,Pacucha,,08911
356,Brander,Aylmer,S,II,789 Oak Rd,Suite 100,Ostankinskiy,,43981
357,Tania,Dodle,Y,Jr,456 Elm Ave,Room 95,Jinshanwei,,48863
358,Humberto,Chasteau,U,Jr,789 Oak Rd,Apt 1618,Amouguer,,49583
359,Willetta,Bucktrout,K,IV,123 Main St,4th Floor,Kokopo,,86272
360,Rudiger,Dally,D,II,123 Main St,Apt 576,Mar’ina Roshcha,,23837
361,Ferdinande,Malling,Q,II,987 Maple Dr,Suite 77,Hengshui,,68136
362,Udall,Folomin,X,III,321 Pine Ln,Apt 1459,Rabat,,02978
363,Stanley,Kehir,T,IV,789 Oak Rd,PO Box 60187,Kauit,,18445
364,Niven,Oury,Z,IV,456 Elm Ave,3rd Floor,Río,,55581
365,Vonnie,Pyecroft,N,II,456 Elm Ave,Suite 71,Colombia,,20166
366,Alanna,Sunley,B,III,789 Oak Rd,11th Floor,Voskop,,69719
367,Rene,Mander,F,Jr,456 Elm Ave,Room 1660,Kopychyntsi,,91570
368,Kalindi,Pomroy,P,III,987 Maple Dr,Apt 1565,Mikhnëvo,,81310
369,Hyatt,Shwenn,K,Sr,789 Oak Rd,5th Floor,Zblewo,,50975
370,Christabel,Skillett,H,II,789 Oak Rd,PO Box 53301,Miao’ergou,,33321
371,Jarvis,Selvester,B,Sr,987 Maple Dr,Suite 6,Zouiat ech Cheïkh,,83658
372,Oralia,Petracci,X,II,123 Main St,12th Floor,Jieznas,,26126
373,Cass,Churn,R,Jr,987 Maple Dr,9th Floor,Koropí,,88620
374,Joel,Bigley,S,IV,789 Oak Rd,4th Floor,Chuandao,,59866
375,Audre,Mullis,K,II,123 Main St,Suite 36,Dzorastan,,70033
376,Davine,Kirrens,Q,Sr,456 Elm Ave,PO Box 81764,Wiyayu Barat,,92409
377,Janos,Di Carlo,J,III,123 Main St,Room 1506,Daoxian,,96923
378,Dara,Le febre,D,Sr,456 Elm Ave,Suite 90,Villeneuve-la-Garenne,Île-de-France,07048
379,Maddi,Geraldi,L,Sr,123 Main St,11th Floor,Phong Điền,,39622
380,Enrica,Rowden,L,IV,987 Maple Dr,Apt 1169,Safotulafai,,90937
381,Elvis,Finey,L,III,456 Elm Ave,Room 1578,Krasnapollye,,87308
382,Ciel,Blandford,N,Jr,321 Pine Ln,Room 828,Västerås,Västmanland,16965
383,Josy,Lesser,S,II,456 Elm Ave,Apt 59,Pershotravneve,,38322
384,Eadmund,Knock,A,III,456 Elm Ave,Apt 1194,Plyussa,,60760
385,Constantina,Ephson,K,IV,789 Oak Rd,15th Floor,Montpellier,Languedoc-Roussillon,06922
386,Merilee,Steabler,E,Sr,456 Elm Ave,Apt 384,Mattawa,Ontario,70794
387,Eda,Noorwood,T,IV,789 Oak Rd,Room 1847,Pakham,,31721
388,Jeremy,Palliser,C,II,123 Main St,Apt 1620,Karamat,,20572
389,Gris,Longhirst,I,IV,321 Pine Ln,Room 1799,Yefremov,,96471
390,Glenn,Dod,W,IV,987 Maple Dr,Suite 80,North Perth,Ontario,92315
391,Bonnibelle,Duham,Z,II,321 Pine Ln,Room 1089,Andrijevica,,11472
392,Ewan,Towle,J,Sr,987 Maple Dr,Apt 944,Nongba,,76622
393,Amery,Quenell,X,III,987 Maple Dr,Room 178,Quintã,Porto,99807
394,Jacintha,Van der Kruis,P,Jr,789 Oak Rd,Room 464,San Pedro de Ycuamandiyú,,75961
395,Valentijn,Frickey,T,Sr,456 Elm Ave,Apt 1190,La Soledad,Oaxaca,50898
396,Anna-maria,Popelay,F,Sr,321 Pine Ln,Apt 1161,Bordeaux,Aquitaine,65655
397,Mary,Florentine,S,III,987 Maple Dr,Apt 1603,Krasnyy Lyman,,54277
398,Rhys,McFie,N,Jr,987 Maple Dr,Apt 1329,Anchorage,Alaska,10860
399,Merissa,Loving,I,IV,456 Elm Ave,Room 1272,Paris 09,Île-de-France,46561
400,Lindy,Carnduff,A,III,987 Maple Dr,Room 415,Khānewāl,,12116
401,Saundra,Mallall,R,III,123 Main St,PO Box 66968,Colomiers,Midi-Pyrénées,67268
402,Tiffi,Phelips,P,Sr,456 Elm Ave,17th Floor,Andkhōy,,84634
403,Jane,Tidcomb,H,Sr,456 Elm Ave,PO Box 37051,Xingshou,,79708
404,Halette,Addeycott,W,II,789 Oak Rd,Apt 989,Krasnopillya,,00966
405,Tammie,Sandys,F,Jr,321 Pine Ln,Suite 12,Podu,,30945
406,Jacquette,Yerlett,W,II,987 Maple Dr,Suite 70,Boyeros,,86129
407,Yule,Harradence,S,Jr,123 Main St,Suite 2,Kayakent,,81465
408,Isis,Devoy,P,Sr,987 Maple Dr,PO Box 21960,Ibrā’,,75375
409,Cori,Negal,G,IV,456 Elm Ave,19th Floor,Karlshamn,Blekinge,37126
410,Darbie,Yakunkin,E,III,123 Main St,7th Floor,Mulan,,71393
411,Beaufort,Baribal,H,Jr,456 Elm Ave,Apt 1248,Chengmen,,89029
412,Lucas,Sleightholme,R,III,123 Main St,Apt 203,Kuala Lumpur,Kuala Lumpur,77602
413,Kim,Llewellyn,V,Jr,987 Maple Dr,Room 1436,Ábrego,,86712
414,Mendel,Colnett,Q,III,456 Elm Ave,PO Box 47605,Akarakar,,05015
415,Elana,De Benedictis,X,Sr,789 Oak Rd,13th Floor,Lucban,,54721
416,Atalanta,Marval,Y,Sr,456 Elm Ave,20th Floor,Zarya,,66365
417,Carlie,Hanley,Q,II,123 Main St,14th Floor,Pizarrete,,46780
418,Nevsa,Cayette,W,Sr,987 Maple Dr,PO Box 70967,Santa Rita Aplaya,,78301
419,Giselbert,Buglar,M,IV,123 Main St,PO Box 74059,Balrothery,,47904
420,Betteanne,Predohl,K,IV,321 Pine Ln,Suite 38,Hamada,,60794
421,Nev,Royds,U,Sr,987 Maple Dr,Suite 43,Töreboda,Västra Götaland,67539
422,Bel,McQuilliam,V,III,789 Oak Rd,Room 1334,Mandangoa,,03521
423,Queenie,Blanchet,X,II,321 Pine Ln,PO Box 32871,Tonggoh,,34706
424,Sabrina,Dennistoun,A,Sr,456 Elm Ave,Room 1235,Krasnoye,,69557
425,Guss,Bonds,B,Sr,789 Oak Rd,Room 1572,Bahay Pare,,72009
426,Terry,Vicioso,K,Jr,789 Oak Rd,Suite 77,Karangbenda,,61862
427,Marguerite,O'Geaney,G,II,456 Elm Ave,Apt 1487,Lyuban’,,37389
428,Tatiania,Stetlye,F,III,456 Elm Ave,PO Box 65202,Kamenskiy,,94888
429,Ottilie,Christal,W,Jr,789 Oak Rd,Room 745,Qinggou,,46614
430,Mata,Snugg,M,III,321 Pine Ln,Apt 1058,Maslog,,60270
431,Salvador,Jikylls,D,Jr,321 Pine Ln,PO Box 39480,Shuyuan,,17834
432,Kipp,Portigall,X,Jr,456 Elm Ave,Apt 629,Pananaw,,18296
433,Babs,Cloughton,A,Sr,123 Main St,Apt 829,Mississauga,Ontario,27196
434,Seka,Bortolini,W,IV,321 Pine Ln,Suite 84,Itaguaí,,94349
435,Forbes,Dalston,U,II,321 Pine Ln,Room 437,Nuits-Saint-Georges,Bourgogne,10718
436,Winona,Hazeman,R,III,123 Main St,13th Floor,Knoxville,Tennessee,33139
437,Vannie,Caze,T,IV,321 Pine Ln,8th Floor,Tanuma,,73484
438,Kahaleel,Petherick,Z,II,321 Pine Ln,PO Box 74048,"Brgy. Nalook, kalibo",,47823
439,Gil,Rivers,W,II,456 Elm Ave,Apt 605,Wołczyn,,92807
440,Jaye,Rahill,N,Jr,321 Pine Ln,13th Floor,Winangun,,42017
441,Debbie,Ellingsworth,N,Sr,321 Pine Ln,18th Floor,Qianhong,,88797
442,Karim,Petrakov,T,III,123 Main St,Suite 44,Rennes,Bretagne,08871
443,Pat,Ackred,Y,Sr,789 Oak Rd,Room 1105,Koramlik,,10312
444,Ashlee,Tite,I,III,321 Pine Ln,Suite 22,Alikalia,,67539
445,Mitchell,Artharg,S,II,321 Pine Ln,Apt 307,Paris 03,Île-de-France,62187
446,Kelley,Hawley,B,Jr,321 Pine Ln,10th Floor,Camilaca,,63751
447,Ofelia,Vicioso,Y,IV,456 Elm Ave,Apt 1797,Gierałtowice,,71923
448,Dean,Orth,B,II,987 Maple Dr,Room 1531,Kutasari,,67597
449,Brier,Stiger,R,Sr,789 Oak Rd,Suite 72,Tianjiaba,,71886
450,Karalynn,Yes,I,IV,987 Maple Dr,PO Box 78694,Avignon,Provence-Alpes-Côte d'Azur,29901
451,Amby,Barthelme,J,III,123 Main St,Room 1945,Riofrío,,54916
452,Padraic,Penwright,G,Sr,456 Elm Ave,13th Floor,Guitang,,31572
453,Roda,Alten,S,Sr,789 Oak Rd,Room 1970,Tyarlevo,,83523
454,Rollie,Gilding,X,II,321 Pine Ln,2nd Floor,Balfour,,84520
455,Whitman,Vannikov,L,III,789 Oak Rd,Apt 1285,Kavajë,,97142
456,Whitney,Danilowicz,Z,III,321 Pine Ln,11th Floor,San Juan,Pr,13002
457,Angel,Blueman,W,IV,987 Maple Dr,Apt 1638,Talitsy,,09610
458,Shaina,Elsy,J,IV,321 Pine Ln,Apt 1760,Arcossó,Vila Real,28203
459,Cortie,Barkley,Z,III,456 Elm Ave,Apt 280,Banjar Tegal Belodan,,01817
460,Sabina,Lea,Q,II,789 Oak Rd,Suite 3,Quebrada Canoa,,89912
461,Starlene,Dudhill,U,II,123 Main St,Apt 432,Golina,,74381
462,Laurette,Gooddie,G,Jr,123 Main St,2nd Floor,Tangjiakou,,15831
463,Byran,Gypps,Q,IV,789 Oak Rd,11th Floor,Bergen,Hordaland,87694
464,Dell,Kemet,W,III,789 Oak Rd,Apt 800,Stepnica,,09242
465,Melisenda,Janata,G,II,987 Maple Dr,Suite 45,Bašaid,,12028
466,Husein,Pittwood,L,III,123 Main St,PO Box 72069,Paquera,,54882
467,Tammie,Pigford,X,III,456 Elm Ave,20th Floor,Novoishimskiy,,41888
468,Nadia,Reaveley,F,II,789 Oak Rd,PO Box 96527,Sukatani,,42342
469,Maude,Paolini,X,Jr,789 Oak Rd,Room 1504,Tukuyu,,92604
470,Penny,Gude,B,IV,789 Oak Rd,Suite 64,Orahovica,,47891
471,Marie,McClurg,D,Jr,456 Elm Ave,PO Box 72925,Goiânia,,56456
472,Rey,Pate,V,IV,123 Main St,Apt 230,Ternopil’,,06274
473,Kelsy,Hargroves,J,Sr,987 Maple Dr,Suite 13,Ljubno ob Savinji,,93055
474,Truda,Waple,K,Sr,321 Pine Ln,Room 1071,Baiquesi,,90065
475,Arte,Costley,M,II,123 Main St,Room 1767,Le Tampon,Réunion,31760
476,Geno,Junes,A,III,456 Elm Ave,PO Box 39352,Tāngāil,,74282
477,Kean,Butting,G,Jr,789 Oak Rd,Apt 1901,Tsant,,54625
478,Arlena,Mounce,T,Sr,321 Pine Ln,Apt 1794,Turets-Bayary,,23532
479,Hurlee,Hazael,I,Sr,456 Elm Ave,2nd Floor,Fukura,,59444
480,Shena,Francesco,L,III,123 Main St,PO Box 55781,Baghdad,,64352
481,Melany,Davidavidovics,B,III,456 Elm Ave,Suite 56,Wulin,,61768
482,Fawne,Steer,H,Jr,456 Elm Ave,PO Box 36962,Huangbu,,88794
483,Milicent,Jandera,S,IV,789 Oak Rd,PO Box 57847,La Cruz de Taratara,,42541
484,Aluin,Bruckenthal,M,III,123 Main St,4th Floor,Xingxi,,82947
485,Rhody,Issard,F,II,456 Elm Ave,Suite 31,Jiangbu,,01255
486,Doy,Skull,U,II,321 Pine Ln,PO Box 41130,Dalinhe,,45106
487,Rebekah,Chartres,G,Jr,321 Pine Ln,10th Floor,San Pablo,,73821
488,Pegeen,Archibould,A,Sr,321 Pine Ln,14th Floor,Nan’an,,05650
489,Lem,Birtchnell,X,IV,321 Pine Ln,PO Box 67015,Elista,,40947
490,Tabina,Ovendon,U,Sr,456 Elm Ave,16th Floor,Poja Nae,,25252
491,Kaylyn,Dorant,F,II,789 Oak Rd,3rd Floor,Zapolyarnyy,,47525
492,Joachim,Phizackarley,G,Sr,123 Main St,Room 1049,Xinmin,,78494
493,Martin,Conkling,L,III,123 Main St,PO Box 74942,Gowa,,36553
494,Bryn,Pendrich,L,IV,123 Main St,Room 203,San Juan Sacatepéquez,,25159
495,Rutger,Lownsbrough,E,Sr,123 Main St,18th Floor,Pakham,,70244
496,Adolph,Marcham,I,Sr,987 Maple Dr,Room 1706,Ziyuan,,53854
497,Carson,Stubbley,Y,IV,123 Main St,Apt 1332,Xuancheng,,45803
498,Ursula,McRorie,M,Sr,321 Pine Ln,PO Box 77434,Cimanggu Wetan,,21228
499,Krystalle,Josselsohn,B,Sr,321 Pine Ln,PO Box 3117,Padangcermin,,97966
500,Appolonia,Foch,M,II,321 Pine Ln,Suite 8,Ankola,,76654
501,Stacy,Brisard,X,III,789 Oak Rd,17th Floor,Hrob,,66674
502,John,Saines,R,Sr,456 Elm Ave,Suite 37,Gostilitsy,,49076
503,Delphine,Tapscott,Z,Sr,987 Maple Dr,PO Box 85994,Gällivare,Norrbotten,97792
504,Clevey,Klimentov,F,III,321 Pine Ln,PO Box 29746,Salima,,28786
505,Shari,Cutchee,A,Sr,987 Maple Dr,Suite 4,Muslyumovo,,27116
506,Silvio,Pilger,A,Sr,123 Main St,Suite 81,Lisičani,,78259
507,Kristoffer,Heustice,X,II,789 Oak Rd,PO Box 43695,Tsagaan-Olom,,12198
508,Carolina,Blackmore,D,IV,456 Elm Ave,Apt 867,Wissous,Île-de-France,25995
509,Imojean,Wedmore,M,III,987 Maple Dr,4th Floor,Mogotes,,31365
510,Pincus,Herculson,E,Jr,987 Maple Dr,Apt 1295,Martinópolis,,14965
511,Preston,Romei,Z,IV,987 Maple Dr,PO Box 98789,Pliska,,09548
512,Rani,Bilbie,X,IV,123 Main St,13th Floor,Guaraciaba do Norte,,76886
513,Christos,Feighry,R,Sr,789 Oak Rd,Suite 10,Cértegui,,31510
514,Henrie,Oakes,N,IV,321 Pine Ln,PO Box 24934,Trondheim,Sor-Trondelag,54389
515,Cyb,Heinl,N,III,321 Pine Ln,Apt 1780,Dĩ An,,39552
516,Bea,Adair,P,Jr,321 Pine Ln,Room 710,Boston,Massachusetts,17233
517,Gabrielle,Dumbreck,C,III,321 Pine Ln,Suite 27,Jingzhou,,22494
518,Rafi,Spick,S,Jr,456 Elm Ave,Apt 1597,Guanting,,57090
519,Marta,Breton,P,Sr,456 Elm Ave,15th Floor,Rāiwind,,57130
520,Constantin,Jepson,P,IV,123 Main St,Room 1849,Kutacane,,94567
521,Rhodia,Dibbert,Q,IV,123 Main St,1st Floor,Bayanhoshuu,,10027
522,Ellissa,Starrs,L,Jr,987 Maple Dr,6th Floor,Sanhe,,05426
523,Hilarius,Beardwell,R,II,789 Oak Rd,Room 1143,Toužim,,50025
524,Consolata,Cumesky,M,III,123 Main St,Suite 40,Zhoujiadian,,01407
525,Aymer,McCory,N,III,789 Oak Rd,Suite 92,Sivers’k,,09175
526,Jaclyn,Bonallack,C,II,789 Oak Rd,Room 1959,Vallauris,Provence-Alpes-Côte d'Azur,52511
527,Jenda,Layton,Z,Jr,123 Main St,2nd Floor,Carrascal,Santarém,52494
528,Xenia,Smalridge,X,Jr,987 Maple Dr,5th Floor,Tanjung Pandan,,73579
529,Danila,Vondra,M,Jr,123 Main St,Suite 46,Santo Domingo,,16874
530,Kaitlynn,Hubberstey,A,Jr,123 Main St,Apt 1408,Aguiar da Beira,Guarda,77645
531,Phyllis,Davenhill,R,Jr,321 Pine Ln,PO Box 82126,Yuanshanzi,,23026
532,Zorana,Rathbourne,P,Jr,987 Maple Dr,17th Floor,Yugawara,,16285
533,Hartwell,Chaves,Z,IV,987 Maple Dr,15th Floor,Upton,England,95595
534,Isa,Lant,X,II,987 Maple Dr,Suite 13,Kokagax,,57214
535,Ranique,Jumonet,G,III,456 Elm Ave,Apt 782,Krutaya Gorka,,68152
536,Chuck,Pettwood,P,III,456 Elm Ave,Suite 14,Zhangguanying,,97989
537,Bellina,Entwisle,X,Sr,987 Maple Dr,PO Box 94793,Ilyich,,74944
538,Norby,Brandoni,R,III,321 Pine Ln,8th Floor,Cigenca,,32927
539,Rickie,Wringe,S,Jr,321 Pine Ln,1st Floor,Cinangka,,83008
540,Andrei,Payley,J,IV,123 Main St,Suite 54,Rio Bonito,,72500
541,Arlee,Demare,V,IV,789 Oak Rd,Room 1382,Nashtā Rūd,,81957
542,Gilberta,Sima,V,II,123 Main St,Suite 58,Suwałki,,36433
543,Glori,Mac Geaney,N,IV,456 Elm Ave,6th Floor,Sørvágur,,71488
544,Rosemaria,Redhole,V,III,987 Maple Dr,Room 1615,Gogosuket,,39239
545,Felipe,Rosetti,F,Jr,456 Elm Ave,Room 1930,Jiale,,27937
546,Karim,Rizzelli,C,IV,123 Main St,Room 297,Tierp,Uppsala,71345
547,Normand,Kinglake,Y,Sr,321 Pine Ln,PO Box 21061,Pochep,,62574
548,Otes,Brammer,J,III,789 Oak Rd,PO Box 40096,Jiaxian Chengguanzhen,,46661
549,Kris,Karppi,B,IV,321 Pine Ln,Apt 1319,San Miguel,,98177
550,Tobiah,Larner,Q,Jr,987 Maple Dr,PO Box 85864,Urukh,,94720
551,Dorey,Nodin,L,Sr,789 Oak Rd,10th Floor,Sundsvall,Västernorrland,98512
552,Aldin,Ambrosini,V,IV,123 Main St,Apt 640,Santa,,94665
553,Hashim,Fortun,G,Jr,456 Elm Ave,Apt 1933,Saint-Dizier,Champagne-Ardenne,28296
554,Ailyn,Bessell,A,II,321 Pine Ln,Room 1614,Lingbei,,54784
555,Ingamar,Ivushkin,B,Sr,789 Oak Rd,14th Floor,Kahnūj,,24117
556,Alan,Taw,C,IV,987 Maple Dr,Room 964,Skutskär,Uppsala,89682
557,Wainwright,Blackater,O,III,987 Maple Dr,Apt 452,Huitán,,35374
558,Pieter,Yakolev,K,IV,789 Oak Rd,PO Box 64052,Non Sung,,09834
559,Genna,Ucchino,M,II,456 Elm Ave,PO Box 20872,Sukaharja,,89442
560,Cicily,Loadman,A,Sr,987 Maple Dr,Apt 683,Nakhon Phanom,,46016
561,Thane,Dikelin,Z,IV,789 Oak Rd,Room 1053,Lixin,,22034
562,Dulcine,Featherstonhaugh,Q,II,123 Main St,Suite 18,Suzaka,,94364
563,Rosa,Bedder,Y,II,987 Maple Dr,12th Floor,Łanięta,,35264
564,Dino,Ollarenshaw,T,III,789 Oak Rd,18th Floor,Aguas del Padre,,12135
565,Mercedes,Younger,L,IV,789 Oak Rd,PO Box 72262,Xinxu,,00256
566,Ashien,Finey,E,Sr,789 Oak Rd,2nd Floor,Tashang,,59296
567,Shelley,Deaves,A,Sr,456 Elm Ave,18th Floor,Watodei,,44217
568,Jody,Olufsen,L,II,123 Main St,Suite 3,Xinhuang,,15817
569,Babbie,Saltsberg,P,IV,789 Oak Rd,14th Floor,Beiyang,,28526
570,Shir,Ramelot,T,Jr,789 Oak Rd,PO Box 92771,Nioro du Rip,,52884
571,Ermengarde,Hentze,J,Jr,456 Elm Ave,Suite 29,Afántou,,91766
572,Averill,Pettit,U,IV,987 Maple Dr,Apt 739,Hirakata,,03104
573,Tomasina,Shenley,D,IV,123 Main St,Apt 1752,Venda,Porto,51826
574,Teressa,Priter,J,III,321 Pine Ln,PO Box 8280,Sirnarasa,,03425
575,Padraig,Rotham,Q,IV,789 Oak Rd,Suite 16,Oster,,29878
576,Noak,Teather,K,III,789 Oak Rd,Room 1074,Orita Eruwa,,76029
577,Rhoda,Blasio,S,III,456 Elm Ave,Room 1786,Kyzyl-Kyya,,00075
578,Meredith,Caswill,T,II,123 Main St,Apt 7,Barqueiro,Leiria,52320
579,Elinor,Capper,A,Jr,456 Elm Ave,Apt 458,Yasinya,,80501
580,Ekaterina,Tawton,Q,IV,321 Pine Ln,3rd Floor,Palopat,,69023
581,Ketty,Kirckman,B,Jr,321 Pine Ln,PO Box 71635,Sapataria,Lisboa,68514
582,Joanna,Amis,Q,Jr,987 Maple Dr,Apt 987,Sūrāb,,91295
583,Wesley,Stobbie,J,III,321 Pine Ln,Room 427,Velyki Sorochyntsi,,13967
584,Evelyn,Innot,V,II,456 Elm Ave,Apt 1392,Kilkenny,,35277
585,Georg,Matej,N,Sr,987 Maple Dr,Room 226,Yumaguzino,,65670
586,Kain,Jirzik,L,IV,987 Maple Dr,Suite 42,Kilingi-Nõmme,,25966
587,Kath,Rodman,L,III,789 Oak Rd,Room 434,Ciburial,,65017
588,Hillyer,Hubbock,U,II,789 Oak Rd,PO Box 14591,Santa Cruz,Mexico,50369
589,Ferdy,Pinckney,Q,II,456 Elm Ave,PO Box 9770,Vårby,Stockholm,41789
590,Kenny,Baile,Q,Jr,321 Pine Ln,Room 1719,Huanghua,,44465
591,Reeva,Matussow,H,Jr,789 Oak Rd,Apt 465,Kurnia,,52299
592,Onfre,Bartoszinski,Z,Sr,321 Pine Ln,Suite 6,Guanli,,78079
593,Zachariah,Flancinbaum,B,II,456 Elm Ave,Room 499,El Jem,,09321
594,Orin,Soan,V,II,987 Maple Dr,19th Floor,Tamnag,,77414
595,Loralie,Dailey,L,III,123 Main St,Room 823,Casa Nova,Viana do Castelo,19711
596,Richmound,Longfut,J,IV,987 Maple Dr,PO Box 47513,Mayuge,,85938
597,Sharon,O'Fergus,D,Sr,321 Pine Ln,4th Floor,Targuist,,89302
598,Tabor,McMaster,W,IV,321 Pine Ln,Apt 1500,Yuanshanzi,,88528
599,Rafael,Besse,X,Sr,321 Pine Ln,Suite 21,Langgapayung,,93185
600,Giacopo,Honig,U,III,456 Elm Ave,Room 795,Shifang,,04472
601,Ariana,Sutherland,U,Sr,123 Main St,PO Box 9123,Chã Grande,,32897
602,Douglass,Pilgram,P,III,456 Elm Ave,PO Box 54426,Maiac,,63477
603,Garret,Gentric,V,Sr,321 Pine Ln,Suite 95,la Massana,,29752
604,Lidia,Broadbear,U,III,789 Oak Rd,PO Box 47837,Mežica,,06250
605,Delilah,Evangelinos,E,Sr,321 Pine Ln,Room 692,Itaberaba,,64052
606,Kare,Coryndon,K,III,123 Main St,Suite 55,Udomlya,,06563
607,Moss,Hearmon,N,Sr,789 Oak Rd,PO Box 40637,Pyt-Yakh,,03876
608,Franky,Lillecrap,H,Jr,789 Oak Rd,Room 1869,Shengshan,,33530
609,Ardith,Hoyle,F,III,321 Pine Ln,PO Box 33942,Panzhou,,00538
610,Devin,Tivers,A,Jr,123 Main St,Room 1969,Maoshan,,93145
611,Bunni,Puddicombe,K,II,456 Elm Ave,Suite 17,Zhangping,,81438
612,Maximilian,Yakubowicz,R,Sr,456 Elm Ave,PO Box 338,Upig,,60372
613,Lyssa,Bennallck,I,III,123 Main St,PO Box 97201,Kangding,,89413
614,Sinclare,Hoonahan,T,III,123 Main St,Room 1416,Lons-le-Saunier,Franche-Comté,43947
615,Franciska,Baake,L,Jr,456 Elm Ave,Room 506,Kalnibolotskaya,,02204
616,Jayme,Dedam,F,II,789 Oak Rd,Room 1015,Ibung,,02710
617,Angelle,Douglas,G,Jr,987 Maple Dr,11th Floor,Foluo,,45875
618,Arlen,Schiesterl,M,III,456 Elm Ave,2nd Floor,Gorzyczki,,81665
619,Felicdad,Ruprich,R,Sr,987 Maple Dr,PO Box 80240,Formosa,,22211
620,Swen,Jakubovics,C,IV,123 Main St,Room 1749,Pagak,,61184
621,Agustin,Tassel,R,II,987 Maple Dr,Apt 564,Pingshi,,00341
622,Corrianne,Marples,S,IV,123 Main St,Room 439,Arshaluys,,09133
623,Emlyn,Sleight,M,Jr,123 Main St,PO Box 1843,Vales,Santarém,93803
624,Nessa,Guildford,D,III,123 Main St,7th Floor,Oropesa,,66556
625,Marrissa,Kenton,S,II,789 Oak Rd,Suite 79,Yasnogorsk,,08237
626,Merrie,Sturman,H,II,789 Oak Rd,PO Box 85226,Mozdok,,07576
627,Sherri,Kerkham,A,Sr,456 Elm Ave,2nd Floor,Ma‘lūlā,,73401
628,Alic,Matzen,D,IV,123 Main St,16th Floor,Teculután,,85906
629,Nichole,Ruprecht,I,IV,321 Pine Ln,Room 344,Rive-de-Gier,Rhône-Alpes,53630
630,Jonathan,Cullinan,D,Jr,987 Maple Dr,18th Floor,Damiao,,82223
631,Wally,Sargerson,L,III,987 Maple Dr,Room 1865,Wilmington,Delaware,18921
632,Nikolia,Haglington,V,Jr,123 Main St,13th Floor,Sovetakan,,37235
633,Arleyne,Naile,W,Jr,987 Maple Dr,18th Floor,El Carmen,Mexico,25488
634,Tanney,Fuxman,J,IV,987 Maple Dr,10th Floor,Batangan,,66251
635,Constantina,Le Provest,N,Sr,321 Pine Ln,Room 531,Sosnovoborsk,,59161
636,Creight,Merkel,L,II,789 Oak Rd,Room 71,Kudang,,20036
637,Floyd,McLeary,Q,II,789 Oak Rd,Apt 1131,Hazlov,,48850
638,Cami,Mounch,J,Sr,123 Main St,Room 1248,Rumburk,,69697
639,Jodi,Butterworth,K,III,123 Main St,Suite 3,Gaiyang,,79548
640,Abagael,Moule,Q,Sr,321 Pine Ln,PO Box 4598,Puger,,90723
641,Cherida,Carmen,S,III,789 Oak Rd,PO Box 57023,Bocaiúva,,67917
642,Granthem,Tomasi,R,Sr,987 Maple Dr,PO Box 43737,São Sebastião do Caí,,26993
643,Othella,Bleue,W,II,321 Pine Ln,16th Floor,Deqing,,74181
644,Wernher,O'Geneay,H,II,987 Maple Dr,Room 1113,Tawa,,38246
645,Nathaniel,Pauluzzi,O,II,987 Maple Dr,PO Box 46418,Dzhalka,,95836
646,Alley,Clousley,V,Sr,321 Pine Ln,17th Floor,Kandava,,19328
647,Justinian,Standidge,K,Jr,123 Main St,PO Box 41956,Skrzyszów,,14664
648,Pavlov,Waistell,G,II,789 Oak Rd,Room 1885,Oslo,Oslo,20941
649,Darrelle,Leyton,V,IV,789 Oak Rd,3rd Floor,Banī Mazār,,12044
650,Stanfield,Jopp,W,Sr,987 Maple Dr,Apt 925,Tsuen Wan,,89282
651,Sylvan,Gynni,O,Jr,123 Main St,Suite 2,Студеничани,,83657
652,Jacobo,Danev,N,IV,789 Oak Rd,PO Box 4223,Manuel Antonio Mesones Muro,,79783
653,Josepha,Smoughton,V,III,321 Pine Ln,Apt 196,Rattanaburi,,93935
654,Tadio,Cheley,B,IV,789 Oak Rd,Suite 56,Örebro,Örebro,56944
655,Ardra,Penkethman,E,IV,123 Main St,Room 589,Curahklapa,,20428
656,Nathaniel,Foster,I,Jr,987 Maple Dr,10th Floor,Dali,,46525
657,Liva,Lindemann,V,Jr,123 Main St,1st Floor,Miastko,,93881
658,Meggy,Bickell,F,III,123 Main St,19th Floor,Nueve de Julio,,73346
659,Florrie,Gallemore,T,IV,789 Oak Rd,Suite 2,Pensacola,Florida,71331
660,Lem,Furley,D,IV,321 Pine Ln,Suite 48,Halayhayin,,02164
661,Sheela,Scadden,S,Jr,456 Elm Ave,Suite 41,Raheny,,51186
662,Deane,Tolputt,H,Jr,456 Elm Ave,PO Box 59760,Tiandiba,,57585
663,Norrie,Crump,R,III,456 Elm Ave,Room 974,Xiaxindian,,10408
664,Sig,Adin,T,Jr,789 Oak Rd,Apt 255,Bodega,,02603
665,Alleen,Swinglehurst,G,Jr,987 Maple Dr,PO Box 11317,Kete Krachi,,46889
666,Klarika,Dunstall,Z,Jr,456 Elm Ave,PO Box 30456,Ciburial,,45267
667,Corbin,Duthy,L,IV,123 Main St,Apt 1568,Smyga,,65488
668,Roderigo,Causnett,N,Sr,456 Elm Ave,Suite 66,Khadyzhensk,,84987
669,Aurore,Jacobs,Y,II,789 Oak Rd,Suite 71,Balabac,,35319
670,Hakeem,Flag,B,II,987 Maple Dr,PO Box 21742,Ronov nad Doubravou,,66461
671,Ashla,Le Frank,D,III,123 Main St,PO Box 34907,Wangcun,,71067
672,Orelle,Roads,G,Sr,321 Pine Ln,PO Box 58538,Mekele,,52687
673,Arabela,Soppit,E,Jr,321 Pine Ln,13th Floor,Zhuanshui,,57484
674,Nealson,Yeudall,O,III,456 Elm Ave,Apt 628,Conqueiros,Leiria,14706
675,Niki,Quernel,H,IV,456 Elm Ave,Room 1373,Malkā,,84280
676,Orelia,Boyland,J,Jr,456 Elm Ave,16th Floor,Ronneby,Blekinge,78304
677,Opaline,Muckle,G,Jr,123 Main St,9th Floor,El Rosario,,31654
678,Babara,Brobak,O,IV,123 Main St,Apt 85,Huainan,,78083
679,Benita,Ward,L,II,123 Main St,8th Floor,Guanba,,48386
680,Adolphus,Pecha,T,Jr,123 Main St,Room 1865,Ḩuwwārah,,00516
681,Athena,Faulks,C,III,987 Maple Dr,Room 817,Lakinsk,,56851
682,Linn,Easen,E,II,987 Maple Dr,Suite 43,Kamalaputi,,59049
683,Jeannie,MacGow,W,IV,456 Elm Ave,6th Floor,Longfengba,,70114
684,Shani,Piscopiello,B,II,456 Elm Ave,PO Box 42396,Baffa,,55925
685,Madelle,Angelo,N,II,456 Elm Ave,PO Box 60001,Sillon,,57694
686,Kyle,Joll,S,IV,123 Main St,Room 1311,Mercier,Québec,48544
687,Francesco,Jeanenet,Q,Sr,321 Pine Ln,Apt 1245,Bafia,,01321
688,Claudetta,Tomaino,L,III,456 Elm Ave,PO Box 43780,Cibojong,,18128
689,Frans,Garett,C,II,789 Oak Rd,Room 579,Bama,,53656
690,Lory,Vasic,Q,Jr,321 Pine Ln,PO Box 95679,Burlatskoye,,63226
691,Pia,MacGraith,J,III,123 Main St,Room 1858,Ribeirão,,12040
692,Colet,Rieger,R,Sr,123 Main St,Room 436,Bosaso,,34717
693,Ashli,Normansell,G,Sr,987 Maple Dr,Apt 1256,Dzhubga,,56439
694,Leicester,Parnall,I,Jr,456 Elm Ave,Apt 1675,Sevaster,,98424
695,Win,Cordero,V,IV,123 Main St,18th Floor,Dumandesa,,92074
696,Martie,Hackinge,I,III,321 Pine Ln,Suite 17,Caoping,,15262
697,Darryl,Firk,E,II,123 Main St,Suite 28,Qinjia,,52098
698,Henka,Whistan,C,Sr,321 Pine Ln,PO Box 17577,Nol,Västra Götaland,75687
699,Joyce,Derycot,B,II,123 Main St,Suite 46,Bangeran,,45344
700,Mikael,Doore,O,III,789 Oak Rd,Apt 377,Druzhba,,95164
701,Giana,Ceney,H,III,456 Elm Ave,Room 148,João Câmara,,67545
702,Sander,Hales,T,III,456 Elm Ave,Suite 77,Catujal Velho,Lisboa,91731
703,Bamby,Phebee,T,Jr,987 Maple Dr,12th Floor,Darungan Lor,,60400
704,Gery,Dyne,W,II,321 Pine Ln,Apt 1158,Laborie,,90143
705,Karola,Baldacchino,H,Sr,456 Elm Ave,PO Box 97173,Caujul,,14632
706,Vance,Iddens,F,IV,789 Oak Rd,Suite 28,Xicheng,,48903
707,Ansel,Dugall,N,II,987 Maple Dr,PO Box 38685,Guiwu,,27201
708,Armando,Pirt,J,III,456 Elm Ave,Room 89,Nova Cruz,,04968
709,Bari,Warby,X,IV,123 Main St,2nd Floor,Puerto Boyacá,,99769
710,Frances,Boughey,F,Sr,123 Main St,Suite 21,Jintao,,73635
711,Sigvard,Happs,B,III,789 Oak Rd,PO Box 93149,Zhengyu,,50757
712,Rhetta,Haggeth,V,IV,123 Main St,Suite 5,Šipovo,,95959
713,Carlie,Luxon,P,III,456 Elm Ave,Suite 84,Hengling,,46138
714,Janene,Raisher,U,III,987 Maple Dr,Apt 1255,Lopandino,,02487
715,Mirelle,Kingswood,D,III,321 Pine Ln,5th Floor,Sahnaiya,,67488
716,Margarita,Aime,W,Jr,456 Elm Ave,3rd Floor,Banjar Mambalkajanan,,18080
717,Gratia,Fendley,T,III,123 Main St,Apt 360,Praga Północ,,81892
718,Marline,Shere,Q,IV,456 Elm Ave,PO Box 2459,Regueiro,Viana do Castelo,36158
719,Florenza,MacCard,Q,Jr,789 Oak Rd,PO Box 57315,Helmas,,14158
720,Dorrie,Perell,G,Jr,123 Main St,16th Floor,Malinovskiy,,42531
721,Adrien,Delafoy,K,Jr,789 Oak Rd,8th Floor,Cidahu,,05536
722,Georgie,Russe,Y,III,321 Pine Ln,PO Box 46855,Xujiadian,,37982
723,Tome,Shambrooke,C,IV,321 Pine Ln,Apt 194,Amassoma,,06304
724,Karla,Edens,S,Sr,789 Oak Rd,Suite 82,Vereya,,73442
725,Yardley,Taborre,D,II,456 Elm Ave,16th Floor,Shuangqiao,,05089
726,Cris,Ephson,E,IV,987 Maple Dr,PO Box 46698,Neietsu,,53296
727,Arvy,Ledington,M,Sr,123 Main St,Suite 1,Lanchkhuti,,73300
728,Lola,Jaukovic,W,Sr,321 Pine Ln,18th Floor,Falköping,Västra Götaland,11653
729,Darill,Selwyne,W,III,456 Elm Ave,PO Box 66141,Jinnan,,55831
730,Alessandro,Coogan,K,II,321 Pine Ln,12th Floor,Florianópolis,,92397
731,Germayne,Chatres,E,III,789 Oak Rd,14th Floor,Pedra,Viana do Castelo,36725
732,Marna,Vanyushkin,X,IV,123 Main St,Apt 736,Salgado,,48206
733,Sal,Crocroft,C,II,123 Main St,20th Floor,Katima Mulilo,,76343
734,Adair,Ianizzi,O,Jr,321 Pine Ln,PO Box 6920,Pawak,,07522
735,Ossie,Durker,L,IV,456 Elm Ave,PO Box 70715,Tianxingchang,,58953
736,Dwayne,Phillp,R,IV,123 Main St,Suite 73,Jaú,,61648
737,Fran,Merioth,Q,Sr,789 Oak Rd,PO Box 44576,Longuita,,63841
738,Lizzy,Priel,A,IV,789 Oak Rd,Suite 13,Casal da Anja,Leiria,12290
739,Vita,Laflin,E,Sr,321 Pine Ln,Apt 925,Xinmin,,20863
740,Iormina,Schlagman,M,Jr,789 Oak Rd,11th Floor,Beichengqu,,43791
741,Webb,Grishkov,Y,III,456 Elm Ave,Room 1489,Lile,,41678
742,Gianina,Hassett,A,Jr,789 Oak Rd,PO Box 16256,Dolno Palčište,,08056
743,April,Slocumb,U,III,456 Elm Ave,Room 18,Martingança,Leiria,53931
744,Ham,Acuna,X,II,987 Maple Dr,Room 421,São Paio de Gramaços,Coimbra,98014
745,Saleem,Drysdall,N,III,321 Pine Ln,Room 812,Mvomero,,15973
746,Katy,Ruben,Z,Jr,321 Pine Ln,Apt 1355,Sangtian,,25466
747,Audie,Frango,X,Sr,321 Pine Ln,Apt 420,Potikosin,,49750
748,Anatollo,Stambridge,H,Jr,987 Maple Dr,16th Floor,Béreldange,,19966
749,Timothy,Sebastian,Y,Jr,456 Elm Ave,Apt 125,Vityazevo,,64646
750,Lilith,Swyer,T,III,987 Maple Dr,Apt 1886,Koroška Bela,,45386
751,Etan,Pacher,Y,II,321 Pine Ln,Apt 1948,Tucson,Arizona,86651
752,Arleta,Habergham,A,III,789 Oak Rd,Suite 83,Linhu,,06716
753,Tildy,McFie,D,IV,123 Main St,Suite 46,Bonneville,Rhône-Alpes,31061
754,Piggy,Tue,N,Sr,456 Elm Ave,Apt 1404,Sena Madureira,,88557
755,Row,Mantha,Z,II,321 Pine Ln,19th Floor,Iwŏn-ŭp,,34158
756,Nickie,Treneman,F,II,456 Elm Ave,Room 683,Pedregal,,64622
757,Valdemar,Straw,G,Sr,456 Elm Ave,Apt 1073,Lasi Dua,,72639
758,Traver,Giggie,E,II,123 Main St,PO Box 77567,Namora,,04256
759,Kaylil,Kittow,T,II,987 Maple Dr,Apt 398,Pedro Carbo,,60074
760,Etty,Boulds,J,Sr,456 Elm Ave,Suite 92,Yangping,,70919
761,Debera,Davidou,G,II,321 Pine Ln,15th Floor,Eastern Suburbs Mc,New South Wales,46996
762,Hube,Basile,M,III,123 Main St,PO Box 1530,Palmdale,California,67542
763,Clair,Kidd,R,II,987 Maple Dr,PO Box 63062,Jianchang,,03189
764,Brant,Hagger,E,Jr,456 Elm Ave,Apt 239,Boldumsaz,,47472
765,Perle,Marcq,X,III,789 Oak Rd,Suite 55,Churubamba,,17475
766,Sandy,Stonham,N,Jr,789 Oak Rd,PO Box 92137,Alvalade,Setúbal,58849
767,Siward,Blay,L,Jr,321 Pine Ln,PO Box 40074,Bode Sadu,,41884
768,Rod,Toller,P,IV,789 Oak Rd,PO Box 43829,Dortmund,Nordrhein-Westfalen,17661
769,Sumner,Bowra,P,III,321 Pine Ln,PO Box 10368,Faaone,,11149
770,Gerhard,Gaskoin,G,Sr,987 Maple Dr,PO Box 37516,Burgersdorp,,34593
771,Camile,Cockley,P,Jr,456 Elm Ave,Suite 13,Cherbourg-Octeville,Basse-Normandie,63756
772,Petronia,Diss,E,Jr,456 Elm Ave,PO Box 6856,Ciawi,,24886
773,Scott,Yewdale,Q,III,123 Main St,PO Box 94344,Chenfang,,01953
774,Alvira,Dewdeny,A,II,123 Main St,Room 462,Aldana,,81289
775,Dov,Sandey,S,IV,987 Maple Dr,Suite 66,Kuala Lumpur,Kuala Lumpur,21622
776,Boycey,Antoni,K,II,456 Elm Ave,Suite 64,La Esperanza,Guanajuato,03945
777,Gwyn,Oleshunin,K,Sr,123 Main St,Apt 878,Ranong,,82241
778,Bernice,Stigers,A,Sr,321 Pine Ln,Suite 42,Sihe,,46462
779,Dwain,Kempson,H,III,789 Oak Rd,PO Box 68544,Jiuhua,,67158
780,Jolyn,Scranney,J,Jr,987 Maple Dr,9th Floor,Svetogorsk,,32350
781,Batholomew,Beneteau,X,III,321 Pine Ln,Room 772,Lanxi,,16415
782,Galen,Cornils,J,Jr,123 Main St,PO Box 44346,Rāvar,,82777
783,Anson,Rodear,K,III,321 Pine Ln,PO Box 24493,Yunmenling,,34552
784,Rosalyn,Kruger,B,IV,456 Elm Ave,13th Floor,Erniusuokou,,58033
785,Georgie,Dunlea,S,Jr,123 Main St,Apt 1138,Karanyowka,,04856
786,Marjy,Charle,C,Sr,987 Maple Dr,Apt 385,Leigao,,15957
787,Legra,Hugnot,S,Jr,456 Elm Ave,PO Box 98378,Kotakan Selatan,,93507
788,Alfie,McCrackem,R,III,456 Elm Ave,Apt 1541,Karema,,47266
789,Ken,Lemoir,E,III,789 Oak Rd,7th Floor,Mougins,Provence-Alpes-Côte d'Azur,99030
790,Sharl,Humpatch,V,Sr,987 Maple Dr,Suite 33,Tsant,,50452
791,Kasper,Breitler,H,III,789 Oak Rd,Room 828,Seso,,08992
792,Melanie,Schwerin,G,Jr,123 Main St,2nd Floor,Aristóbulo del Valle,,44318
793,Florenza,Ambrosini,X,Sr,123 Main St,PO Box 96522,Cileuya,,67225
794,Otis,Rawlcliffe,Z,III,789 Oak Rd,Apt 717,Eshan,,69891
795,Sibyl,Pusill,C,III,987 Maple Dr,Room 681,Ad Dimnah,,60513
796,Annice,Tort,Q,IV,321 Pine Ln,Apt 36,Bila Tserkva,,24222
797,Felice,Dulany,Y,Sr,321 Pine Ln,Room 218,Azogues,,10400
798,Harwilll,Davy,H,IV,987 Maple Dr,12th Floor,Makiyivka,,63793
799,Taryn,Book,N,III,123 Main St,Room 1343,Quinta da Queimada,Setúbal,48830
800,Gabriello,Calendar,R,III,321 Pine Ln,Suite 84,Pingdingbu,,57996
801,Petr,Crayke,A,Sr,123 Main St,PO Box 69055,Ōdachō-ōda,,55053
802,Marja,Ughi,H,Jr,321 Pine Ln,Apt 472,Mauloo,,50276
803,Theobald,Guirau,Y,Jr,987 Maple Dr,11th Floor,Pangkalan,,49201
804,Alice,Adamovitz,F,IV,123 Main St,PO Box 75174,Málaga,,05902
805,Querida,Pimblotte,R,III,789 Oak Rd,PO Box 82289,Zhongdong,,91723
806,Roseanne,Borrowman,R,III,789 Oak Rd,Suite 38,Āstārā,,10340
807,Hasty,Physick,C,IV,123 Main St,5th Floor,Penang,,54931
808,Launce,Fallens,T,III,321 Pine Ln,Apt 100,Charyshskoye,,67571
809,Tressa,Sheahan,X,III,123 Main St,Suite 28,Kudanding,,77853
810,Lavina,Andriolli,W,IV,321 Pine Ln,16th Floor,Welisara,,68624
811,Gordon,Copozio,V,IV,321 Pine Ln,Suite 15,Pregrada,,67612
812,Myrlene,Lindman,X,II,321 Pine Ln,Suite 70,Kokar,,98207
813,Thatcher,Edginton,S,II,789 Oak Rd,PO Box 61299,Périgueux,Aquitaine,65498
814,Ethelin,Yoakley,B,Sr,321 Pine Ln,Room 1286,Penedo,Viana do Castelo,32161
815,Reider,Turvey,K,Sr,987 Maple Dr,PO Box 33514,Kesheng,,29546
816,Angil,Piolli,B,III,456 Elm Ave,Apt 650,Ambatofinandrahana,,21870
817,Denys,Puden,Y,IV,987 Maple Dr,PO Box 82913,Североморск-3,,26197
818,Darlleen,Fennick,V,II,456 Elm Ave,PO Box 91314,Salvador,,84876
819,Cherilyn,Gilfoyle,K,III,321 Pine Ln,Suite 20,Banjar Buahan,,22206
820,Hamid,Leslie,M,IV,789 Oak Rd,Apt 1273,Paris 01,Île-de-France,50630
821,Perice,Manuel,K,IV,987 Maple Dr,PO Box 14916,Bidikotak,,65716
822,Grethel,Lente,F,II,123 Main St,14th Floor,Ciénaga,,88872
823,Rabbi,Fullerlove,J,Sr,789 Oak Rd,13th Floor,El Sauce,,62762
824,Blane,Sarah,B,IV,123 Main St,PO Box 18875,Gurlan,,03864
825,Carole,Mennell,N,II,123 Main St,Apt 293,Rönninge,Stockholm,13016
826,Tisha,O'Sirin,N,II,321 Pine Ln,Room 1069,Vidin,,31531
827,Leigh,Corkish,Q,Jr,321 Pine Ln,12th Floor,Thouars,Poitou-Charentes,33457
828,Juieta,Vassbender,S,III,123 Main St,11th Floor,Carlos Casares,,20736
829,Dominica,Rous,E,II,789 Oak Rd,PO Box 86277,Ishëm,,13578
830,Antin,Knowlman,H,Jr,321 Pine Ln,Suite 69,Huambalpa,,43159
831,Laina,Prettejohns,A,Jr,789 Oak Rd,Suite 38,Santa Isabel,,07819
832,Elisabet,Hintzer,Y,Sr,123 Main St,Apt 1763,Uralets,,54486
833,Boothe,Hablet,U,IV,987 Maple Dr,Suite 45,Alarobia,,99957
834,Lyndsey,Martinie,D,III,321 Pine Ln,Apt 1573,Mokronog,,25008
835,Bone,Wood,V,II,321 Pine Ln,7th Floor,Diapaga,,24645
836,Dallis,Haycraft,M,Sr,987 Maple Dr,Room 1999,Mników,,23110
837,Ema,Sabatier,Z,IV,456 Elm Ave,Room 1911,Lifuta,,85156
838,Addison,Clucas,A,Sr,456 Elm Ave,6th Floor,Bangad,,65532
839,Griffith,Scotsbrook,E,Jr,987 Maple Dr,Apt 1771,Cliza,,58539
840,Thorin,Farnaby,M,II,321 Pine Ln,8th Floor,Skanör,Skåne,56137
841,Hy,Stitfall,D,III,456 Elm Ave,Suite 61,Diébougou,,50281
842,Ludovico,Morse,C,Jr,321 Pine Ln,PO Box 77431,Zaliznychne,,92657
843,Hildegarde,Caine,H,IV,123 Main St,7th Floor,Mirny,,24816
844,Andy,Yakebovitch,C,Sr,789 Oak Rd,Apt 1762,Charleroi,Wallonie,00555
845,Serge,Planks,H,IV,456 Elm Ave,Suite 87,Glamang,,12204
846,Ric,Dinsdale,D,Sr,987 Maple Dr,3rd Floor,Valka,,76976
847,Franciska,Brazel,I,III,987 Maple Dr,PO Box 45030,Alagoinhas,,49975
848,Moore,McMearty,J,IV,987 Maple Dr,Apt 1463,Wuyang,,53677
849,Felicity,Thurlby,X,IV,123 Main St,12th Floor,Prostki,,13860
850,Griff,Depke,U,IV,456 Elm Ave,Room 1226,Los Fresnos,Tamaulipas,54631
851,Miriam,Putley,T,Sr,987 Maple Dr,PO Box 62174,Taixi,,77755
852,Tony,Beven,U,Jr,987 Maple Dr,Room 1247,Chepo,,46409
853,Balduin,Fahy,B,IV,789 Oak Rd,Apt 1325,Pajak,,28146
854,Gradeigh,Van der Hoven,X,III,321 Pine Ln,Suite 32,Phôngsali,,13190
855,Man,Blakey,M,Jr,987 Maple Dr,Suite 58,Wakema,,76637
856,Leslie,Utterson,D,Sr,987 Maple Dr,PO Box 50235,Shishan,,24485
857,Tirrell,Selcraig,J,Jr,456 Elm Ave,3rd Floor,Nagrog,,57610
858,Philbert,Briffett,D,IV,789 Oak Rd,Room 471,Jetis,,61976
859,Kristoffer,De Roeck,O,IV,123 Main St,Suite 40,Naples,Florida,16505
860,Derwin,O'Geneay,W,IV,321 Pine Ln,Apt 1758,Kudanding,,53597
861,Arlin,Fearns,B,Sr,321 Pine Ln,Room 811,Buenaventura,,38811
862,Angel,Diglin,O,II,321 Pine Ln,PO Box 36102,Sungi Liput,,79219
863,Gratiana,Fraser,N,Sr,123 Main St,PO Box 32723,Kinsealy-Drinan,,80545
864,Ancell,Betchley,D,II,987 Maple Dr,PO Box 46614,Wonorejo,,48123
865,Say,Teggin,J,III,123 Main St,Suite 66,Darunban,,38308
866,Burt,Tocque,B,II,456 Elm Ave,Apt 1936,Alajuelita,,65874
867,Coleman,Exon,E,Jr,123 Main St,14th Floor,Artesianón,,82221
868,Hewie,Gribble,P,Jr,987 Maple Dr,9th Floor,Rengasdengklok,,57748
869,Jennifer,Lude,L,IV,456 Elm Ave,PO Box 55369,Pancoran,,35293
870,Serena,Jeckells,V,III,987 Maple Dr,Apt 23,Meizhou,,08092
871,Miguela,Drohan,E,Jr,123 Main St,9th Floor,Vis,,96217
872,Toddy,Klulisek,V,Sr,123 Main St,Room 1310,La Falda,,21905
873,Sarah,McAw,J,Sr,456 Elm Ave,Room 224,Třemošnice,,48379
874,Ashlee,Tejero,R,III,987 Maple Dr,PO Box 68386,Monjas,,99433
875,Matt,Euels,N,Jr,789 Oak Rd,Suite 17,Kobylanka,,87502
876,Stephine,De Goey,C,II,123 Main St,Suite 73,Canutama,,85028
877,Shandy,Hadlington,P,Jr,321 Pine Ln,PO Box 7594,Modderfontein,,93207
878,Ev,Stopher,A,II,321 Pine Ln,PO Box 24198,Colorado Springs,Colorado,72285
879,Bartholomeus,Maffi,V,III,321 Pine Ln,Room 506,Cucuyagua,,97403
880,Cyndi,Branca,O,II,987 Maple Dr,Room 1033,Norrahammar,Jönköping,12404
881,Raquel,Hemshall,W,II,987 Maple Dr,14th Floor,Caocun,,59893
882,Flossy,Manwell,H,IV,321 Pine Ln,Apt 1828,Maradi,,96016
883,Olympie,Frondt,V,II,123 Main St,Apt 1003,Murindó,,51728
884,Pauly,Josephs,Z,Jr,987 Maple Dr,PO Box 13984,Glogovac,,72934
885,Maren,Halbeard,P,Jr,987 Maple Dr,PO Box 37293,Waingapu,,96152
886,Amie,Haslin,Y,IV,789 Oak Rd,14th Floor,Herzliyya,,04181
887,Linnie,Bellenie,J,Sr,987 Maple Dr,14th Floor,Jetis,,71204
888,Lu,Matyukon,B,Jr,456 Elm Ave,Suite 60,Hetang,,40874
889,Ezra,Bailes,P,Jr,987 Maple Dr,Apt 1964,New York City,New York,08524
890,Massimiliano,Shillitoe,Q,III,987 Maple Dr,Suite 9,Gengma,,43192
891,Kat,Nunson,B,II,123 Main St,Apt 120,Frankfurt am Main,Hessen,59373
892,Penn,Noon,F,Jr,123 Main St,Apt 198,Licheń Stary,,45497
893,Gilbert,Falks,V,Jr,456 Elm Ave,Room 1104,Jimaguayú,,31493
894,Sheila-kathryn,Pester,T,III,456 Elm Ave,Room 214,Orita Eruwa,,03770
895,Sheena,Fiddler,W,Sr,123 Main St,Room 752,Mallawī,,84791
896,Amalita,Darragon,Y,III,987 Maple Dr,3rd Floor,Sikur,,96589
897,Kathi,Fines,J,Sr,123 Main St,PO Box 92232,Pogag,,51078
898,Edith,Rosendahl,H,II,987 Maple Dr,Suite 69,Sovetskoye,,96967
899,Lavinie,Mattiazzi,Y,II,987 Maple Dr,Suite 49,Bridgewater,Nova Scotia,18616
900,Arther,Spoure,M,Jr,456 Elm Ave,6th Floor,Maca,,31754
901,Stefanie,Peagrim,L,III,456 Elm Ave,PO Box 31589,Clermont-Ferrand,Auvergne,33386
902,Darbee,Blythin,N,Sr,456 Elm Ave,18th Floor,Kharp,,06398
903,Shaw,McTeggart,Y,Jr,321 Pine Ln,Apt 1454,Serhetabat,,67526
904,Lesly,Strothers,A,IV,123 Main St,Room 323,Clondalkin,,24259
905,Billie,Brose,A,II,456 Elm Ave,4th Floor,Špišić-Bukovica,,80967
906,Town,Woolhouse,D,IV,987 Maple Dr,Suite 72,Pampierstad,,58915
907,Jackelyn,Duester,M,Jr,789 Oak Rd,Apt 1242,Dayanggezhuang,,17349
908,Retha,Slainey,K,II,789 Oak Rd,Apt 1544,Hongguang,,25993
909,Xylia,Sawdon,M,Jr,789 Oak Rd,PO Box 73710,Bystryanka,,67531
910,Gertrud,Lennon,L,II,987 Maple Dr,Apt 1168,Pompano Beach,Florida,60350
911,Arv,Baggallay,W,Sr,987 Maple Dr,Room 1359,Guyancourt,Île-de-France,05826
912,Nariko,Nipper,J,Sr,321 Pine Ln,PO Box 82291,Yaodu,,48136
913,Norene,Coltan,X,IV,789 Oak Rd,Room 621,Skien,Telemark,94650
914,Emile,Culleton,G,III,123 Main St,Apt 1375,Nastola,,63315
915,Gerardo,Gofforth,U,IV,123 Main St,Room 1455,Lagyná,,45734
916,Gilbertine,Edkins,F,III,789 Oak Rd,Suite 27,Namboongan,,01208
917,Lindi,Bapty,F,Sr,123 Main St,Room 222,Sośnie,,25793
918,Anita,Lathwell,R,Sr,321 Pine Ln,Room 4,Ulster Spring,,91760
919,Aindrea,Ellingsworth,X,II,456 Elm Ave,PO Box 89975,Puerto Madryn,,39237
920,Ethelbert,Giacopini,K,II,321 Pine Ln,PO Box 84139,Cibeuti,,19087
921,Tiff,Denecamp,W,III,456 Elm Ave,Suite 49,Dankama,,63055
922,Tate,Pedrollo,E,Sr,987 Maple Dr,10th Floor,Oju,,87664
923,Carolyne,Cammock,P,Sr,987 Maple Dr,Room 277,Xiangyanglu,,39719
924,Miltie,Kneller,Q,III,456 Elm Ave,Room 20,Himeville,,62851
925,Cahra,Moisey,H,Jr,987 Maple Dr,PO Box 36192,Cimo de Vila,Viana do Castelo,75317
926,Miltie,Cuer,L,II,987 Maple Dr,10th Floor,Río,,89496
927,Sayer,Casassa,T,Sr,456 Elm Ave,Suite 58,Lecheng,,70990
928,Mar,Hamnet,A,II,123 Main St,Room 506,Foz do Iguaçu,,96457
929,Tristam,Swinglehurst,S,IV,456 Elm Ave,Room 893,Tarimbang,,11989
930,Clemmie,Hazel,T,Jr,456 Elm Ave,Suite 60,Tanjungsari Barat,,85282
931,Warden,Keppy,X,Sr,456 Elm Ave,Room 1665,Kalix,Norrbotten,29442
932,Ashia,Hendrick,D,Sr,123 Main St,Apt 197,Vesoul,Franche-Comté,02988
933,Weider,Wenden,A,IV,987 Maple Dr,Apt 1466,Jaru,,49703
934,Arturo,Langmuir,R,II,789 Oak Rd,Apt 80,Sapataria,Lisboa,71489
935,Nona,Stoade,Q,Sr,456 Elm Ave,2nd Floor,Qazax,,27480
936,Mart,Beckenham,E,Sr,321 Pine Ln,Apt 1448,Ledok,,66410
937,Ernesto,Pybworth,A,III,456 Elm Ave,Apt 244,Sączów,,01496
938,Hube,Annwyl,A,Sr,321 Pine Ln,Apt 114,Ma‘lūlā,,26383
939,Boycey,Sinkings,R,III,987 Maple Dr,5th Floor,San Clemente,,63400
940,Lura,Fandrey,V,Jr,987 Maple Dr,Suite 41,Idanha-a-Nova,Castelo Branco,87633
941,Essa,Boulger,G,III,987 Maple Dr,Apt 36,Urek-urek,,46171
942,Lydia,De Meyer,A,IV,987 Maple Dr,Suite 83,Baracatan,,23862
943,Emanuel,Newband,L,II,456 Elm Ave,Suite 33,Sypniewo,,36274
944,Eirena,Jakovijevic,O,IV,789 Oak Rd,Room 692,Rosetta,,78525
945,Lolly,Skill,P,IV,321 Pine Ln,Apt 1692,Täby,Stockholm,51338
946,Bernardine,Witton,X,II,321 Pine Ln,Suite 49,Allkaj,,88075
947,Bartlet,Dillistone,V,Jr,321 Pine Ln,PO Box 28772,Tianbao,,85265
948,Karoly,Nazer,B,III,789 Oak Rd,4th Floor,Verkhniye Achaluki,,97797
949,Auguste,De Mattia,L,III,321 Pine Ln,Room 1270,Holguín,,29650
950,Jacqui,Roskelley,F,IV,456 Elm Ave,PO Box 15973,Gununglarang,,45560
951,Natalee,Lambin,S,Jr,789 Oak Rd,Apt 877,Subkowy,,22629
952,Karita,Cicchelli,E,IV,321 Pine Ln,PO Box 84474,Faro,Faro,04101
953,Truda,Mattingly,Y,II,321 Pine Ln,PO Box 74562,Guadalupe,Oaxaca,09363
954,Gussy,Pakes,F,Sr,321 Pine Ln,Suite 12,Pangkalan Kasai,,25231
955,Ingamar,Shorter,T,Jr,123 Main St,20th Floor,Uppsala,Uppsala,72427
956,Malchy,Rubinsohn,A,Jr,789 Oak Rd,Room 1998,Wukou,,72052
957,Paulie,Spicer,M,Jr,123 Main St,Suite 19,Kamionka Wielka,,95372
958,Silvana,Minto,Z,Sr,987 Maple Dr,Apt 1177,Karangpari,,30712
959,Ad,Lorenz,G,III,321 Pine Ln,Room 1787,Maricá,,32075
960,Filberte,Buller,X,Sr,987 Maple Dr,Apt 1430,Warungpeuteuy,,94473
961,Janette,Creek,E,Sr,123 Main St,Room 1610,Yanggan,,70357
962,Kayle,Barrat,D,IV,789 Oak Rd,Room 491,Duogongma,,04062
963,Genovera,Bohills,N,Jr,321 Pine Ln,Room 1122,Kafr ad Dawwār,,55969
964,Ewan,Oldcroft,Z,II,321 Pine Ln,Suite 73,Fengchuan,,07388
965,Kinnie,Packington,Y,IV,987 Maple Dr,14th Floor,Huazhai,,80953
966,Kinna,Bergin,Y,Sr,789 Oak Rd,Room 1077,Foxrock,,01799
967,Kendal,Primak,A,Jr,123 Main St,Suite 70,Cipeundeuy,,58594
968,Cassandry,Cluney,C,IV,321 Pine Ln,PO Box 84946,Dayangzhou,,97986
969,Fonzie,Wash,B,II,987 Maple Dr,Apt 83,Karaundi,,43866
970,Sidnee,Willcott,I,Jr,456 Elm Ave,Room 1756,Växjö,Kronoberg,43169
971,Bevin,Cockitt,X,Sr,987 Maple Dr,PO Box 82787,Ořechov,,96980
972,Lauren,Dudliston,X,Jr,987 Maple Dr,Suite 2,Kabare,,43759
973,Caren,Tiddeman,R,III,321 Pine Ln,PO Box 4092,Sanjiang,,91063
974,Cariotta,Staddon,J,Jr,456 Elm Ave,Room 215,Vällingby,Stockholm,05119
975,Betty,Pead,L,III,987 Maple Dr,PO Box 67254,Arzakan,,37466
976,Garrard,Londors,B,Sr,789 Oak Rd,Apt 1744,Beloyarskiy,,76560
977,Laurence,Van Halle,H,Jr,321 Pine Ln,Room 1325,Caen,Basse-Normandie,86215
978,Halette,Greystock,K,III,456 Elm Ave,11th Floor,Barrio San Luis,,73124
979,Berti,Ragsdale,A,II,123 Main St,PO Box 95239,Yanjiang,,55476
980,Dorothy,Spoward,C,IV,321 Pine Ln,Apt 389,Carletonville,,76920
981,Shepperd,Danilovich,Z,III,987 Maple Dr,Suite 15,Salaya,,85981
982,Beatrix,Danskine,B,IV,321 Pine Ln,6th Floor,Pirogovo,,00366
983,Bartholemy,Simmens,X,Sr,789 Oak Rd,12th Floor,Oslo,Oslo,69139
984,Merilee,Van der Mark,M,Jr,321 Pine Ln,1st Floor,Bahía Honda,,03445
985,Dal,Prosch,T,II,987 Maple Dr,Room 403,Norrköping,Östergötland,00534
986,Ariela,Manes,W,Jr,789 Oak Rd,1st Floor,Fundong,,54782
987,Mathias,Basnett,W,Sr,123 Main St,Apt 1715,El Carmen,,40037
988,Blane,Sare,Z,Sr,456 Elm Ave,PO Box 28781,Rupe,,33345
989,Alister,Nuzzetti,F,III,987 Maple Dr,Suite 51,Gatbo,,39050
990,Clarinda,Goadby,H,III,987 Maple Dr,19th Floor,Zaria,,54159
991,Angelia,Locard,G,III,123 Main St,PO Box 95115,Gandzak,,72388
992,Isaac,Pontain,E,Sr,987 Maple Dr,16th Floor,Nzérékoré,,23306
993,Arne,Damarell,V,Jr,321 Pine Ln,Room 1376,Nantes,Pays de la Loire,11633
994,Kendra,Worlidge,Y,Jr,789 Oak Rd,5th Floor,Huaiyuan Chengguanzhen,,01505
995,Moshe,Bratten,H,IV,987 Maple Dr,Room 1535,Bella Vista,,25816
996,Eugenie,Forker,W,IV,456 Elm Ave,17th Floor,Ciudad Tecún Umán,,36280
997,Glenna,Smithe,W,III,789 Oak Rd,Suite 63,Jatiraya,,19938
998,Taddeo,Moyes,B,III,987 Maple Dr,PO Box 38672,Passagem,Leiria,76830
999,Farley,Ashborn,T,III,987 Maple Dr,Suite 15,Czarna,,05595
1000,Malchy,Redmain,Q,II,789 Oak Rd,PO Box 11151,Petropavlovsk,,94962
