Associate_id,AssocFirstName,AssocLastName,AssocMiddleInitial,AssocSuffix,AssocDOB,TenureDate
1,Dari,Aulsford,T,II,7/5/1977,9/3/2001
2,Eileen,Blythin,Z,III,5/2/1967,3/7/2000
3,Simon,Andryushin,G,Jr,5/30/1977,3/18/2003
4,Tabbie,Madre,J,III,11/1/1968,1/14/2000
5,Fredric,Bradneck,I,IV,8/8/1972,2/9/2002
6,Gray,Butten,D,Jr,10/12/1961,4/8/2003
7,Merline,Henrichsen,Y,II,3/18/1968,3/8/2002
8,Maribelle,Abrey,B,Jr,5/31/1967,4/1/2002
9,Dario,Magson,P,Sr,9/2/1970,1/18/2002
10,Mikel,Carus,U,Jr,5/6/1970,5/23/2004
11,Karyn,Mackley,O,IV,5/30/1971,1/1/2002
12,Dacy,Pohl,K,IV,6/22/1976,2/13/2000
13,Ned,Allon,L,III,3/18/1973,12/27/2001
14,Lester,Guitte,U,Jr,1/6/1970,6/22/2003
15,Sebastien,Bradnam,Y,II,7/24/1972,4/24/2003
16,Allyn,Gantlett,J,Jr,2/17/1979,12/29/2002
17,Stephen,Newens,E,Jr,5/12/1962,8/19/2002
18,Nevil,Shelly,Z,III,4/24/1968,3/24/2002
19,Latrena,Etridge,T,Sr,9/29/1972,10/10/2001
20,Tirrell,Langstaff,I,II,5/3/1976,2/1/2001
21,Gannon,Couzens,X,IV,4/19/1972,6/11/2001
22,Jarad,Blenkiron,U,III,4/6/1974,7/20/2002
23,Quintilla,Boldra,O,III,10/20/1968,6/17/2002
24,Sylvan,Plows,S,Sr,6/13/1973,10/24/2001
25,Kristien,Walklot,X,Jr,2/16/1979,6/16/2003
26,Oliver,Daubney,U,II,3/3/1970,1/25/2001
27,Hesther,Leathers,K,Jr,6/5/1967,10/26/2002
28,Marje,Earengey,R,Sr,12/18/1965,10/15/2003
29,Aarika,Wife,T,III,12/9/1977,1/7/2000
30,Susanetta,Henrie,C,III,3/22/1961,1/27/2000
31,Hasty,Noni,G,III,7/14/1963,1/13/2003
32,Cob,Roskeilly,Q,Jr,11/21/1979,11/23/2004
33,Merry,Wilden,F,IV,8/5/1965,8/7/2001
34,Pepillo,Finnimore,I,III,4/18/1964,7/20/2003
35,Emory,Hobbert,R,IV,4/6/1964,1/6/2001
36,Tabb,Gronowe,R,IV,6/4/1975,11/26/2002
37,Josias,Ronca,Z,IV,7/31/1972,7/16/2000
38,Cece,Galer,I,Sr,3/5/1964,5/21/2000
39,Oralia,Scatchar,O,Jr,1/20/1962,7/22/2000
40,Buiron,MacNess,F,Jr,9/15/1973,8/13/2000
41,Phillipp,Wakeham,G,IV,11/18/1960,12/16/2000
42,Ronald,Duncanson,O,Jr,6/29/1964,11/4/2001
43,Leonhard,Duchan,O,Jr,6/16/1962,2/24/2000
44,Julius,Schirak,H,II,10/30/1964,6/24/2001
45,Abigale,Crust,T,II,11/14/1975,5/19/2002
46,Debera,Bouette,R,II,12/12/1967,3/30/2004
47,Starr,Cardello,A,Sr,12/2/1969,9/7/2002
48,Brigid,Trengrove,B,III,1/23/1976,8/31/2000
49,Bernadene,Whyffen,J,IV,7/17/1974,3/21/2002
50,Ingeberg,Seston,X,IV,11/1/1964,2/2/2001
51,Bliss,Sweating,C,III,12/30/1972,11/27/2001
52,Riane,Maun,X,Sr,11/6/1966,4/24/2000
53,Maybelle,Billitteri,I,Sr,6/25/1969,4/4/2001
54,Arlina,Iacovini,L,Sr,4/28/1978,8/14/2004
55,Cher,Audrey,Z,IV,2/11/1979,6/11/2002
56,Stormy,Bee,T,Jr,11/3/1972,7/7/2004
57,Antonino,Tovey,K,IV,6/4/1974,3/10/2000
58,Harli,Lanon,Z,IV,7/24/1962,5/12/2004
59,Brooke,Plues,G,II,5/14/1964,11/21/2001
60,Trev,Brophy,G,III,8/16/1973,3/6/2004
61,Ursulina,McAlinden,O,Sr,10/19/1978,7/1/2002
62,Mariele,Grastye,T,Jr,3/13/1978,2/28/2004
63,Kori,Lewzey,O,II,3/3/1979,9/8/2004
64,Rory,Sandbatch,E,Jr,12/26/1977,9/9/2001
65,Alyda,Guillart,H,Sr,4/10/1962,10/17/2000
66,Gaye,Stouther,N,Jr,2/6/1965,2/18/2000
67,Dasie,Londer,A,Sr,8/30/1974,9/18/2003
68,Cathie,Nicely,J,III,1/12/1963,11/21/2000
69,Rosana,Valdes,Y,III,9/26/1968,6/4/2000
70,Yance,Rainbird,J,Jr,8/13/1973,2/6/2004
71,Ernaline,Agett,G,Jr,10/3/1961,8/8/2001
72,Jany,Beste,C,II,8/5/1978,5/7/2000
73,Jermain,Gruszecki,U,III,8/17/1971,8/1/2002
74,Wade,Meekings,G,II,5/13/1964,3/28/2004
75,Kev,MacDunleavy,I,II,9/2/1978,7/30/2002
76,Ethelda,Alyokhin,I,IV,8/11/1960,12/15/2003
77,Petra,Thomas,F,III,6/23/1976,5/27/2002
78,Joscelin,Keizman,F,Jr,6/28/1968,9/27/2002
79,Bjorn,Carswell,G,III,11/17/1971,3/29/2001
80,Celestine,Ekins,B,Sr,11/9/1969,10/5/2003
81,Berkly,Bryson,Z,III,12/20/1961,7/10/2003
82,Candy,Croxon,Z,II,10/14/1978,4/3/2000
83,Aloin,Bricksey,F,II,5/2/1966,5/14/2002
84,Ailee,Cardenosa,J,IV,9/14/1978,9/24/2003
85,Lincoln,Glyde,P,III,5/27/1960,1/12/2002
86,Claybourne,Wincer,D,Jr,7/19/1977,11/10/2001
87,Kinsley,Gutsell,L,IV,8/7/1977,1/4/2000
88,Aurthur,Hewins,E,IV,6/21/1971,11/4/2001
89,Lin,Swaffield,B,IV,9/10/1974,6/9/2001
90,Stefano,Keling,J,Jr,8/10/1967,9/26/2002
91,Alyss,O'Dyvoie,I,Jr,5/20/1965,12/7/2002
92,Malissia,Bidmead,G,II,1/20/1967,3/15/2000
93,Fredrick,Sturror,O,III,6/29/1965,12/31/2001
94,Georgiana,Ledgley,V,II,12/3/1977,9/26/2003
95,Caresse,Bulpitt,W,Sr,10/17/1973,9/20/2003
96,Caddric,Mc Gaughey,U,IV,10/7/1969,1/7/2000
97,Price,Garett,E,Sr,2/14/1975,8/12/2001
98,Lynn,Giorgini,R,III,4/5/1965,10/27/2000
99,Alidia,Maxted,Q,III,3/5/1968,7/30/2002
100,Jodee,Clausson,G,III,9/10/1964,6/1/2001
101,Ede,McCuaig,M,II,7/17/1965,11/15/2004
102,Basilius,Paszek,B,IV,7/24/1972,6/15/2002
103,Concettina,Blewis,M,II,1/31/1963,2/17/2003
104,Muire,Mullord,Z,IV,7/1/1965,5/8/2002
105,Bill,McCosker,A,II,3/20/1965,6/19/2002
106,Kalil,Spensly,S,Sr,9/6/1971,12/18/2002
107,Scarlet,Jarret,P,Jr,11/12/1977,2/15/2000
108,Eward,Avrahamy,W,IV,10/9/1974,4/5/2004
109,Tonya,Trevithick,J,II,3/8/1975,5/10/2001
110,Binnie,Everson,H,Sr,9/7/1973,3/10/2000
111,Benjamen,Loyd,S,II,2/8/1974,9/19/2001
112,Sigfrid,Urey,Y,III,8/16/1965,3/9/2004
113,Rosella,Goodsell,Z,III,12/26/1978,2/25/2004
114,Ora,Sirl,D,II,1/6/1968,5/28/2004
115,Gretchen,Uebel,Q,III,6/30/1966,7/1/2004
116,Malina,Yelding,G,Jr,4/29/1975,12/11/2000
117,Paulina,Banbrook,K,IV,3/7/1975,4/15/2003
118,Katerina,Alexandrescu,S,Jr,9/2/1976,5/6/2000
119,Hephzibah,Parris,L,Sr,6/17/1964,10/17/2002
120,Bradly,Bythell,B,III,12/25/1977,6/6/2001
121,Mariette,Kubin,K,IV,10/10/1965,3/25/2001
122,Antonella,Bettaney,A,II,7/2/1972,5/14/2002
123,Nissa,Nellis,S,III,7/8/1978,12/30/2003
124,Wilfred,Portress,K,II,6/1/1977,4/12/2003
125,Gloriana,Wollrauch,M,Sr,11/16/1973,2/24/2001
126,Hamnet,Gobeau,B,IV,12/3/1969,3/9/2004
127,Melisandra,Grinishin,X,Jr,6/23/1970,8/30/2003
128,Lydon,Blease,T,Jr,8/1/1962,8/12/2004
129,Muriel,Berzin,P,Sr,1/29/1963,1/10/2004
130,Lorena,Harpin,T,II,7/24/1966,9/29/2000
131,Nestor,Stolting,G,IV,12/1/1963,8/23/2002
132,Legra,Harbottle,J,IV,5/25/1979,3/10/2001
133,Borg,Giffaut,X,II,5/27/1973,6/9/2004
134,Marmaduke,Ciccottio,B,Sr,10/13/1966,12/13/2001
135,Anabelle,Menichi,R,Sr,4/29/1975,4/24/2002
136,Lorrie,Gipps,Z,II,9/8/1963,12/1/2002
137,Reese,Grassett,F,II,9/6/1960,3/2/2002
138,Wheeler,Bendin,Q,II,12/30/1978,3/26/2002
139,Ashli,Jentzsch,N,II,2/1/1963,1/5/2001
140,Nananne,Broadhead,D,Sr,1/29/1974,12/16/2000
141,Alfy,Conan,N,II,7/28/1963,3/16/2003
142,Leshia,Vasyunin,N,Sr,12/23/1968,7/26/2002
143,Britta,Stores,O,Jr,7/5/1966,7/30/2004
144,Daryn,Stollenbecker,G,II,9/11/1978,11/24/2001
145,Correna,Clymer,N,II,7/14/1961,10/20/2001
146,Latrena,Millmoe,R,Sr,12/20/1969,3/21/2002
147,Brendis,Gerrill,E,Sr,8/24/1971,4/1/2000
148,Boot,Craythorne,A,IV,6/19/1978,2/22/2003
149,Jess,Hancill,A,IV,11/12/1970,11/20/2000
150,Rollins,Wynrahame,A,III,7/25/1964,12/7/2001
151,Ingar,Juggins,E,IV,2/23/1970,8/7/2004
152,Armin,Handlin,M,III,10/28/1963,7/7/2004
153,Gil,Cram,U,Jr,4/30/1961,10/15/2002
154,Domini,Stirton,A,Sr,4/11/1976,4/30/2003
155,Wrennie,Duncan,J,Jr,2/23/1964,4/27/2001
156,Teddi,Entwistle,I,Sr,7/6/1977,2/3/2001
157,Kingston,Moyle,Z,II,11/14/1977,10/11/2001
158,Oren,Shewen,I,III,6/24/1961,1/26/2004
159,Reginauld,Puncher,L,IV,2/13/1965,3/4/2004
160,Faustine,Doerrling,X,IV,12/1/1963,2/15/2000
161,Seymour,Wooff,U,II,8/13/1973,3/28/2001
162,Ingra,Rothery,K,III,7/10/1962,12/3/2000
163,Heddie,Truter,E,Sr,11/5/1970,2/8/2001
164,Jereme,Klimkiewich,J,III,7/30/1974,6/15/2001
165,Loree,Cossor,Y,IV,4/27/1970,10/27/2002
166,Callie,Brugden,C,Jr,4/16/1974,8/18/2000
167,Nadine,Haselhurst,E,II,5/11/1963,8/1/2001
168,Cornall,Dyment,S,IV,11/12/1974,3/3/2000
169,Ralph,Lebrun,I,III,1/25/1971,6/21/2001
170,Boonie,Beckford,O,Jr,1/2/1968,6/14/2003
171,Lew,Chue,E,Jr,5/22/1979,7/26/2000
172,Johnnie,Kochlin,K,IV,12/12/1975,6/27/2004
173,Murvyn,Stoneham,G,IV,4/13/1978,4/7/2001
174,Fremont,Cheesworth,X,IV,6/24/1967,2/23/2004
175,Rey,Klimowski,L,Sr,7/10/1973,4/7/2003
176,Winnie,Stot,D,II,12/18/1964,10/13/2002
177,Arman,Osgood,Q,II,3/8/1977,7/8/2002
178,Eddie,Mill,D,III,1/17/1964,3/25/2001
179,Edlin,Spurdens,I,III,11/3/1964,5/15/2001
180,Derk,Hamnett,N,IV,10/17/1973,1/16/2004
181,Coleman,Callingham,P,Jr,6/20/1964,11/24/2003
182,Maddy,Gasson,O,IV,3/23/1960,8/27/2000
183,Oby,Broadbear,K,II,11/19/1968,10/15/2000
184,Aileen,Heselwood,B,III,12/1/1965,8/3/2004
185,Humphrey,Edgeon,N,Jr,2/7/1964,11/12/2003
186,Aksel,Caudell,O,IV,11/19/1971,6/24/2003
187,Leonard,Brimner,F,II,5/16/1967,11/19/2004
188,Lorant,Yellowlea,N,Sr,8/6/1974,9/3/2001
189,Chadwick,Hedan,V,II,7/21/1964,9/18/2000
190,Rori,Orry,R,II,7/3/1969,10/15/2000
191,Maryellen,Cuberley,P,II,7/22/1978,1/7/2004
192,Adoree,Barthot,W,Sr,8/1/1960,3/16/2003
193,Herb,Breitling,F,Jr,5/9/1979,11/2/2001
194,Tarah,Moxon,D,IV,8/10/1971,2/28/2002
195,Kandy,Mallord,P,Sr,12/28/1961,9/22/2004
196,Ferdinande,Pharro,K,III,6/6/1966,1/11/2003
197,Tressa,Rand,M,II,2/17/1969,3/27/2002
198,Antoine,Jans,P,III,7/22/1975,6/17/2004
199,Sonnie,Colaton,H,III,6/10/1971,9/22/2002
200,Alard,Stener,H,IV,10/21/1973,6/9/2003
201,Florina,Drakard,Y,IV,2/9/1970,1/2/2003
202,Law,Thumim,P,II,10/24/1962,11/22/2004
203,Regan,Durrett,Y,Sr,7/20/1965,4/28/2003
204,Alfonse,Sysland,R,Jr,5/25/1970,10/8/2004
205,Ninnetta,Seccombe,N,III,11/3/1968,1/7/2002
206,Bronny,MacNalley,Z,Sr,7/5/1961,8/13/2002
207,Bettina,Nicholes,L,II,7/2/1961,8/12/2002
208,Harlen,Tomasutti,T,III,8/5/1961,12/8/2004
209,Marcellina,Rutherford,N,Sr,5/17/1962,4/26/2003
210,Alexa,Seyers,O,IV,11/28/1974,9/6/2003
211,Jervis,Targe,S,IV,3/17/1975,1/22/2000
212,Hallie,Teaser,C,Jr,11/21/1964,8/22/2004
213,Rosalie,Caroli,Y,Jr,6/22/1963,2/10/2000
214,Lazaro,Teaze,X,Jr,10/22/1966,8/27/2003
215,Irena,Kohlerman,Y,Jr,12/29/1979,2/20/2000
216,Scot,Elles,B,III,12/25/1963,11/11/2003
217,Nessie,Swash,G,Jr,9/18/1963,1/9/2000
218,Yalonda,Hurne,Z,III,1/27/1979,6/23/2002
219,Reba,Thring,T,Sr,2/23/1961,9/19/2001
220,Amaleta,Pirazzi,Q,Jr,8/15/1969,8/20/2002
221,Charlene,Crosetti,L,IV,2/16/1976,10/4/2004
222,Marlie,Wathen,C,II,3/1/1971,12/18/2000
223,Latrena,Snow,I,III,4/18/1978,4/21/2002
224,Templeton,Merrilees,A,III,6/21/1970,3/22/2002
225,Mamie,Raimbauld,R,IV,1/8/1972,6/24/2002
226,Indira,Markus,P,IV,9/13/1960,10/3/2002
227,Ly,Craske,E,Sr,5/10/1961,8/10/2004
228,Eddie,Barrs,I,Sr,11/15/1979,8/6/2002
229,Orsola,Hollington,V,II,11/28/1964,10/15/2003
230,Aeriela,Blackborow,M,II,4/25/1972,2/10/2003
231,Lilah,Unger,L,Jr,9/20/1978,4/20/2001
232,Sunny,Peppard,E,II,1/26/1968,2/20/2004
233,Pedro,Faccini,K,Sr,10/14/1975,10/1/2002
234,Felita,Barratt,O,IV,4/5/1975,9/15/2000
235,Terence,Doe,L,Jr,1/29/1961,3/24/2004
236,Patti,O'Monahan,S,Sr,3/11/1961,6/5/2002
237,Maje,Wackett,F,II,2/7/1978,10/30/2001
238,Glad,Whitehorne,L,IV,9/8/1974,9/9/2004
239,Chloris,Tithecott,M,Sr,12/25/1960,4/12/2000
240,Anne-marie,Wayland,F,Jr,10/29/1960,6/13/2002
241,Ulick,Townsley,X,IV,2/20/1962,9/26/2004
242,Gilberto,Begwell,Z,III,6/22/1978,11/5/2002
243,Alexia,Toulson,J,Jr,8/2/1961,6/4/2000
244,Osmund,Hotchkin,Y,Sr,8/2/1976,5/6/2003
245,Paxon,Mayler,V,Jr,6/5/1970,9/19/2001
246,Jasmina,Greiser,Q,Jr,7/19/1971,6/27/2000
247,Andy,Brearty,A,Sr,3/7/1963,11/23/2003
248,Allianora,Dobbie,U,II,3/14/1972,2/21/2003
249,Wendie,Matthewes,B,II,1/3/1979,4/13/2002
250,Tymon,Pickerin,B,Sr,3/6/1978,12/26/2000
251,Janka,Willsmore,B,II,9/21/1961,5/16/2000
252,Claudina,Edwardson,O,Sr,11/3/1976,12/2/2003
253,Emmey,Cogger,V,III,10/7/1971,10/6/2002
254,Camey,Kinder,X,III,7/19/1979,1/10/2002
255,Farly,Willisch,K,IV,6/2/1978,8/2/2004
256,Dierdre,Flag,Y,II,2/24/1977,10/5/2004
257,Marlo,McGown,R,Sr,6/21/1978,11/13/2004
258,Kendell,Mardlin,Z,III,5/20/1961,11/22/2004
259,Edithe,Kohen,E,II,10/31/1971,3/26/2002
260,Joyce,De Bruijn,S,II,9/6/1961,2/26/2002
261,Garry,Eslemont,Z,III,10/15/1968,8/7/2004
262,Prentiss,Lile,R,Jr,7/19/1969,3/5/2004
263,Hazel,Kentwell,K,III,2/18/1963,11/18/2004
264,Conchita,Hidderley,M,Jr,8/31/1961,10/31/2002
265,Tabby,Bruins,U,IV,3/8/1960,11/28/2002
266,Friedrick,Jeffryes,G,IV,11/14/1976,2/21/2002
267,Winifred,Van Son,U,IV,8/14/1967,12/20/2004
268,Herbert,O'Hallihane,U,Jr,9/7/1978,12/2/2004
269,Mellisa,Sansbury,N,III,6/7/1963,2/15/2003
270,Wilmar,Jiricka,N,Jr,5/15/1979,10/19/2002
271,Sibbie,Wooton,R,III,6/14/1963,8/28/2003
272,Valaree,Timbrell,J,Sr,2/6/1970,5/24/2002
273,Allsun,Tolomei,G,II,1/22/1974,9/16/2004
274,Jessalin,Franchioni,M,Sr,9/3/1973,1/20/2003
275,Robinet,Eglinton,N,III,5/21/1965,3/1/2004
276,Breena,Manuel,M,II,3/31/1966,2/23/2001
277,Dollie,Padbery,B,Jr,2/9/1968,4/15/2002
278,Byrom,Leggett,S,Jr,8/1/1970,6/20/2004
279,Alleen,Oleksinski,Z,IV,5/26/1973,9/7/2000
280,Jehu,Heephy,Y,IV,4/20/1972,12/29/2001
281,Shalna,Howle,I,Sr,5/3/1974,9/3/2004
282,Thomasa,Brumfield,G,Jr,4/21/1973,9/6/2002
283,Freemon,Giovanazzi,W,III,8/23/1971,10/9/2002
284,Stearne,Gullen,L,IV,6/22/1970,1/23/2004
285,Lissa,Hearnah,S,IV,10/19/1962,8/28/2004
286,Jewelle,Halliburton,Y,IV,4/22/1965,11/19/2001
287,Brody,McCosker,T,II,9/14/1963,9/17/2001
288,Leoline,Maxwaile,Z,Sr,9/5/1976,4/30/2004
289,Tallulah,Ecles,H,Jr,1/15/1973,5/29/2000
290,Merell,Tapner,R,Sr,10/4/1970,1/24/2001
291,Erskine,Schall,N,Sr,5/20/1963,10/13/2000
292,Sheri,Vanyard,H,Jr,3/29/1972,2/18/2002
293,Alana,Maker,V,Sr,9/27/1969,3/26/2003
294,Wenda,Filip,N,II,3/20/1973,10/11/2000
295,Wren,Abbys,F,II,5/28/1977,6/28/2003
296,Quincy,Di Carlo,Z,IV,8/28/1972,10/5/2002
297,Ingmar,Tunnicliffe,V,IV,7/28/1974,12/18/2001
298,Giorgia,O'Mullally,S,IV,2/26/1978,1/25/2002
299,Lin,Sutheran,D,IV,2/8/1968,10/23/2002
300,Hyacinthie,Cuss,B,Sr,1/30/1968,10/26/2002
301,Susan,Houtbie,W,III,11/21/1973,1/26/2004
302,Ruthanne,Sicely,W,Sr,3/24/1972,2/28/2004
303,Sibbie,Bandiera,P,Jr,2/11/1969,7/24/2000
304,Georgine,Valentelli,D,IV,10/12/1962,12/17/2003
305,Merna,Call,Y,Jr,7/11/1972,7/22/2003
306,Zebulen,De Bischop,B,Jr,1/31/1979,5/17/2003
307,Halli,Beadle,P,IV,1/20/1978,12/24/2001
308,Mikkel,Belcher,D,Sr,3/6/1972,5/14/2001
309,Gillie,Kilmaster,F,Sr,4/11/1965,9/10/2004
310,Baudoin,Monck,E,III,7/9/1970,11/26/2003
311,Jackquelin,Bedell,I,IV,7/31/1973,5/12/2004
312,Thacher,Victor,P,IV,9/7/1968,9/9/2004
313,Tally,Dudliston,L,IV,6/18/1969,11/12/2001
314,Zeb,Kerwick,O,Sr,6/6/1978,1/10/2003
315,Linnet,Beddingham,W,IV,7/24/1966,8/19/2000
316,Dame,Tregiddo,C,Jr,8/14/1975,3/18/2000
317,Hope,Kehoe,H,III,1/1/1966,3/20/2000
318,Dianemarie,O'Dunniom,B,II,6/4/1975,11/4/2000
319,Drake,Baistow,W,Sr,7/30/1965,1/2/2001
320,Madlen,Ruppele,G,IV,4/14/1975,7/7/2000
321,Fran,Randals,C,IV,10/18/1964,7/8/2002
322,Bondy,Northbridge,Z,II,5/6/1979,2/12/2000
323,Osgood,Orritt,O,III,9/14/1966,5/1/2003
324,Juli,Battye,S,IV,9/8/1967,2/26/2000
325,Farlee,Portman,C,IV,6/28/1972,3/3/2001
326,Valeda,Mathely,N,Sr,2/22/1964,5/20/2001
327,Mitchel,Caverhill,L,III,2/18/1972,2/26/2000
328,Kinnie,Abramof,F,Jr,5/3/1966,3/29/2004
329,Tiena,Cleary,L,IV,6/14/1974,1/13/2001
330,Antoni,Irnis,C,Jr,4/20/1972,4/1/2002
331,Ollie,Alcalde,W,III,10/3/1979,2/15/2000
332,Shirlene,Honatsch,T,IV,4/7/1973,6/13/2004
333,Renard,Dymond,H,II,2/4/1960,2/27/2002
334,Celinda,Stringfellow,A,II,11/23/1964,1/22/2004
335,Merv,Jeves,U,II,4/25/1968,6/26/2004
336,Robinia,Kemmons,U,Jr,10/7/1966,5/8/2000
337,Zulema,McVitie,Y,Jr,1/30/1978,4/27/2004
338,Aubrie,Portwain,E,IV,8/12/1979,12/1/2003
339,Dominica,Shrive,I,IV,5/31/1964,10/28/2002
340,Obed,Babon,C,Jr,1/18/1968,9/19/2001
341,Herold,Stot,L,III,8/4/1960,12/1/2003
342,Osgood,Stanyer,U,Jr,3/13/1975,6/28/2000
343,Oralee,Youtead,S,III,8/13/1972,7/23/2004
344,Alejandrina,Helin,I,III,9/24/1965,8/11/2000
345,Amaleta,Donner,Z,III,8/28/1966,11/11/2000
346,Anneliese,Seabert,H,Sr,12/19/1964,11/19/2002
347,Pinchas,Morilla,M,Jr,7/26/1969,7/1/2002
348,Tove,Carlon,S,II,11/3/1966,6/4/2002
349,Dena,Barbisch,J,Sr,3/24/1973,1/11/2001
350,Lacy,Rolfe,S,Jr,12/15/1977,6/15/2003
351,Patty,Maybery,O,III,10/6/1973,3/17/2000
352,Daloris,Coathup,V,Sr,11/23/1962,9/29/2002
353,Franky,Darwent,X,II,2/1/1962,8/14/2003
354,Kerrill,Collerd,C,Jr,10/29/1970,10/12/2000
355,Colver,Poyser,B,IV,3/29/1970,9/5/2000
356,Sunny,Bazelle,K,IV,7/15/1979,4/3/2000
357,Padraic,Harvatt,F,III,4/11/1976,10/28/2001
358,Barthel,Ivanchikov,O,Sr,1/17/1974,4/20/2000
359,Franz,Daysh,Q,II,6/28/1966,11/19/2004
360,Teodorico,Cordey,B,IV,5/9/1975,12/30/2003
361,Mannie,Menault,R,III,4/15/1977,3/14/2003
362,Tanny,Sego,J,Sr,12/16/1977,7/5/2003
363,Auroora,Ferrey,K,Sr,3/5/1970,8/10/2003
364,Alvera,O' Concannon,S,II,7/13/1960,4/2/2004
365,Don,Monahan,X,Jr,1/12/1975,12/20/2001
366,Beau,Blesing,A,II,3/19/1966,7/16/2002
367,Crista,Gowlett,L,Jr,1/13/1979,1/4/2002
368,Raffarty,Gittens,S,II,3/13/1975,8/4/2000
369,Karly,Marques,C,IV,3/21/1964,9/1/2000
370,Bianka,Jaynes,W,Sr,1/24/1962,10/26/2004
371,Nichols,Leynham,O,II,1/15/1960,6/27/2001
372,Orlando,Shelmerdine,M,IV,12/25/1963,3/15/2000
373,Candice,Edelman,L,II,10/22/1961,8/17/2001
374,Grayce,Shillinglaw,X,IV,1/11/1973,6/6/2004
375,Myriam,Fateley,I,Jr,6/2/1979,1/16/2003
376,Gloriane,Mott,B,IV,2/16/1979,1/2/2002
377,Franklyn,Carik,X,Jr,6/3/1979,9/29/2003
378,Vallie,Espin,M,II,3/14/1970,8/10/2000
379,Aeriel,Horney,B,IV,1/20/1968,7/31/2000
380,Osbert,Groger,A,Sr,10/6/1962,1/17/2000
381,Durand,Jerson,T,IV,11/12/1977,7/25/2000
382,Humfried,Baldcock,H,IV,8/25/1979,12/10/2002
383,Sharron,Ruben,K,II,7/24/1979,3/28/2004
384,Germayne,Skase,R,II,6/20/1965,9/19/2001
385,Isa,Witard,U,Jr,11/12/1967,6/25/2003
386,Correy,Roddick,A,Sr,4/18/1961,1/12/2003
387,Cosette,Dugald,I,III,2/11/1973,6/4/2001
388,Olenka,Inworth,R,III,12/20/1970,11/4/2003
389,Esmeralda,Spaight,C,Jr,7/17/1977,10/12/2003
390,Carce,Wicher,Z,III,2/27/1971,1/31/2003
391,Muffin,Bigly,J,IV,6/15/1962,4/21/2003
392,Kip,Quigg,W,II,6/11/1970,8/23/2004
393,Kiri,Esplin,W,III,11/1/1971,6/9/2002
394,Anneliese,Morratt,H,III,2/23/1978,7/12/2002
395,Lauren,Archer,A,Sr,10/13/1978,9/15/2000
396,Hazel,Tumini,M,Jr,2/14/1966,11/19/2003
397,Jayson,Ewbanche,N,Jr,11/29/1975,8/7/2002
398,Brod,Rowat,C,Sr,8/11/1970,1/25/2004
399,Alysia,Faldo,R,IV,1/7/1966,3/12/2001
400,Samantha,Laurie,Z,Sr,12/7/1968,9/28/2003
401,Dominica,Takkos,C,Jr,12/13/1972,12/21/2003
402,Wiley,Wozencroft,M,III,7/16/1963,9/27/2001
403,Prissie,Stother,W,IV,9/25/1972,4/22/2004
404,Paulie,Toye,H,III,12/16/1976,4/1/2003
405,Antoinette,MacConnechie,R,Sr,8/8/1972,12/31/2003
406,Rusty,Sissland,S,Sr,8/29/1967,8/30/2004
407,Maximo,Tilzey,X,IV,4/29/1974,2/25/2000
408,Benyamin,Rothert,W,II,1/20/1960,1/29/2004
409,Emilio,Marcombe,S,Sr,9/21/1972,9/17/2000
410,Bette,Chadwyck,Q,II,7/4/1978,5/13/2002
411,Joletta,Nacci,F,Jr,11/26/1965,7/19/2004
412,Gabriel,Labram,D,II,6/7/1971,8/8/2003
413,Stafani,Cosby,R,III,11/2/1962,5/31/2001
414,Cchaddie,Plane,X,II,11/9/1975,5/31/2004
415,Janine,Stolworthy,U,II,1/8/1962,10/14/2004
416,Tarrah,Inett,V,II,7/10/1967,8/15/2002
417,Cyrill,Redler,M,IV,2/7/1973,5/30/2004
418,Anna-diane,Placido,B,II,6/4/1964,1/19/2002
419,Elnar,Bowfin,J,III,11/30/1965,12/4/2002
420,Venita,Camelin,J,Sr,5/27/1979,7/12/2002
421,Myrvyn,Pilmer,U,IV,3/11/1964,12/11/2004
422,Jilly,Quartermaine,B,Sr,3/23/1974,9/8/2000
423,Barbey,Le Sieur,Y,II,11/25/1964,8/13/2004
424,Alethea,Godby,Y,Sr,8/4/1971,2/28/2003
425,Katleen,Haggerty,E,II,6/29/1971,6/14/2000
426,Skipp,Buzin,S,IV,12/8/1967,4/22/2003
427,Shurwood,Trinder,E,IV,7/24/1978,11/28/2004
428,Matthew,Belbin,D,Jr,8/30/1965,5/6/2004
429,Roderic,Prydie,F,Jr,11/22/1967,10/22/2004
430,Guillema,Geraldez,E,III,11/29/1975,8/18/2004
431,Melita,Margerrison,Z,IV,10/26/1976,6/22/2004
432,Vita,Esland,S,II,1/2/1973,3/2/2001
433,Sela,Burkett,P,IV,3/11/1972,10/25/2001
434,Walker,Newbury,L,II,2/23/1979,12/3/2000
435,Yvon,Dallicott,V,Sr,3/7/1970,9/3/2001
436,Pam,Calleja,P,II,10/16/1976,12/28/2002
437,Sheba,Mannering,K,Sr,8/17/1966,4/13/2002
438,Lenette,Chudleigh,Z,Sr,4/4/1969,11/19/2003
439,Rachelle,Skottle,D,Jr,11/9/1963,11/8/2001
440,Mateo,Lerigo,L,IV,9/9/1960,12/11/2002
441,Inessa,Went,X,Jr,12/16/1976,4/9/2002
442,Tadio,Trussman,N,Jr,2/6/1969,7/13/2004
443,Jeremy,Talbot,K,IV,9/7/1960,11/2/2002
444,Rosco,Sawle,S,II,3/23/1974,3/27/2001
445,Osbert,Tweedell,G,Jr,7/22/1969,2/20/2002
446,Marion,Levene,L,III,2/2/1969,8/27/2003
447,Jehanna,Oller,A,Jr,8/18/1960,5/23/2003
448,Kit,Pudsey,X,IV,12/28/1967,5/27/2002
449,Wade,Dyett,V,III,2/24/1963,12/2/2002
450,Marya,Amberger,X,Jr,4/15/1972,5/1/2003
451,Monte,Theakston,B,Sr,10/9/1976,1/30/2002
452,Gerty,Kilpatrick,P,III,10/8/1965,12/5/2003
453,Phyllys,Burden,V,III,11/29/1971,3/22/2003
454,Jerad,Gallier,P,Jr,10/2/1962,8/26/2002
455,Guendolen,Quidenham,O,III,9/26/1963,6/11/2001
456,Kacey,Tittletross,U,II,1/16/1969,5/23/2004
457,Leia,Rotherforth,I,II,1/1/1973,12/10/2003
458,Winfield,Cordelle,J,Sr,2/22/1971,11/2/2004
459,Elbertina,Cockley,K,Sr,2/20/1977,6/21/2001
460,Danell,McCartan,I,II,2/28/1971,1/27/2003
461,Ricki,Weatherhead,P,III,2/25/1961,7/2/2004
462,Friedrick,Jury,M,Jr,3/1/1968,7/1/2002
463,Brear,Nerval,Z,IV,6/12/1974,5/6/2004
464,Celestia,Twentyman,X,III,1/27/1969,5/11/2003
465,Cornelle,Iacoboni,U,Jr,1/7/1962,10/10/2004
466,Elysee,Riddett,T,Jr,12/8/1974,2/13/2002
467,Jolie,Copin,J,II,3/5/1961,10/24/2002
468,Gael,Mart,L,Sr,6/14/1960,12/7/2001
469,Christabella,Penhaleurack,Q,IV,2/25/1979,7/16/2003
470,Eleanor,Eallis,Q,IV,8/30/1975,12/29/2001
471,Baxie,Costain,U,II,11/30/1965,5/21/2002
472,Perla,McGeown,S,II,5/27/1972,9/12/2002
473,Fawne,Marler,C,III,8/4/1966,12/20/2004
474,Devlin,Vuitton,B,IV,2/19/1976,2/8/2003
475,Lu,Sillis,F,II,3/23/1961,2/16/2004
476,Loreen,Cairns,R,Jr,10/24/1970,11/23/2000
477,Dedie,Hames,R,III,10/18/1964,1/14/2003
478,Annabella,Ranfield,O,III,8/27/1966,12/4/2003
479,Evelyn,Batcheldor,X,IV,4/17/1978,7/29/2003
480,Annora,Rumbold,R,III,11/15/1970,11/8/2003
481,Howey,Hryniewicz,M,III,1/24/1969,5/19/2004
482,Aundrea,Clarabut,I,Sr,5/30/1969,10/22/2003
483,Darren,Skerratt,F,Sr,3/4/1973,2/24/2000
484,Desirae,Longmead,H,Jr,10/1/1966,6/8/2003
485,Cly,Escritt,X,IV,1/30/1971,6/24/2000
486,Cliff,Aglione,P,II,9/28/1968,1/8/2001
487,Webster,Cordero,G,Sr,8/2/1978,3/9/2001
488,Carolus,Middlehurst,O,Jr,10/20/1978,6/26/2004
489,Rossie,Fritzer,G,II,1/15/1966,2/8/2000
490,Matias,Harkin,Z,III,12/24/1978,11/13/2000
491,Mort,Witson,W,II,4/17/1963,10/5/2003
492,Hoebart,Popov,F,II,4/30/1967,8/2/2001
493,Linus,Brinicombe,A,Jr,2/15/1972,8/1/2001
494,Arleta,MacCafferky,R,Jr,4/25/1970,5/28/2002
495,Shelden,Tegler,B,II,9/11/1969,3/31/2003
496,Geneva,Curedell,R,II,2/12/1964,11/19/2001
497,Brendis,Cheeld,L,Sr,11/23/1969,3/29/2004
498,Dyanna,Sibun,N,III,10/25/1962,12/12/2000
499,Caritta,Kilgallen,E,Jr,3/3/1976,11/27/2001
500,Kristi,Wiltshear,F,II,7/4/1978,1/17/2003
501,Henrik,Down,Q,III,5/18/1960,5/7/2002
502,Robin,Beswick,O,II,5/21/1973,10/7/2002
503,Leslie,Ulster,O,Sr,9/9/1976,4/20/2003
504,Kerr,Hailston,B,Jr,7/26/1965,10/24/2001
505,Janek,Genicke,U,II,4/21/1970,7/31/2004
506,Laney,Dils,I,Jr,4/18/1978,12/11/2000
507,Lottie,Kidstone,R,IV,5/24/1977,3/20/2003
508,Adorne,Widdecombe,G,II,8/17/1964,9/22/2004
509,Sal,Sandiland,I,IV,8/15/1977,9/16/2000
510,Reeta,Heims,K,IV,2/13/1965,4/20/2001
511,Ulrike,Harmston,X,IV,6/9/1977,5/20/2001
512,Gratia,Imlen,O,II,2/20/1962,2/27/2003
513,Sebastien,Truesdale,R,Jr,6/12/1975,2/14/2001
514,Sonnie,Fain,Y,IV,3/26/1975,6/25/2004
515,Egon,Glide,Y,Jr,12/10/1966,5/25/2001
516,Boone,Rockall,L,IV,11/22/1968,1/8/2001
517,Booth,Monkley,G,Sr,3/19/1968,8/20/2004
518,Zacharias,Haszard,N,III,11/27/1971,4/8/2000
519,Lurlene,Blaber,J,Sr,8/11/1977,11/23/2004
520,Mikel,Alvarado,M,Jr,2/11/1960,8/25/2004
521,Willdon,Gaffey,J,II,10/14/1967,7/19/2003
522,Molli,Croson,U,III,7/15/1971,11/6/2004
523,Lucian,Moorman,X,II,8/18/1966,3/25/2001
524,Mal,Huckstepp,S,IV,9/25/1978,3/29/2003
525,Alfonse,Lideard,F,III,6/2/1969,10/5/2004
526,Lazar,Liverock,R,Jr,8/14/1969,2/14/2002
527,Erina,Searight,M,Jr,3/18/1975,1/28/2003
528,Ange,Ollive,Z,IV,10/21/1979,1/12/2001
529,Glenna,Crannage,T,III,6/21/1962,6/30/2000
530,Tressa,Saggs,U,II,7/20/1965,12/7/2001
531,Cherlyn,Whitford,V,Sr,12/13/1968,5/29/2002
532,Faith,Gimert,V,Jr,2/5/1968,3/7/2001
533,Feliks,MacAlinden,V,IV,12/10/1975,10/23/2001
534,Nathaniel,Boerderman,B,III,12/31/1960,6/25/2000
535,Aeriell,Slavin,E,III,9/14/1960,7/24/2000
536,Hurleigh,Kinge,O,III,11/7/1971,10/26/2002
537,Joyan,Crickmer,D,Sr,2/11/1976,1/23/2001
538,Tammi,Jahndel,X,Jr,5/22/1977,4/28/2003
539,Linnell,Valett,U,II,5/15/1968,11/8/2001
540,Frank,Rushbrook,Z,Jr,11/28/1975,5/23/2004
541,Herschel,Ferens,O,III,4/12/1974,9/23/2000
542,Derrick,Mawne,J,III,7/18/1960,11/1/2004
543,Clayborne,Jilliss,A,IV,5/12/1963,6/5/2003
544,Colly,Carbin,B,III,8/23/1962,9/11/2001
545,Innis,Janz,N,IV,4/23/1967,10/29/2003
546,Hilary,Pulley,E,Sr,5/7/1978,4/12/2001
547,Batsheva,Fifield,N,II,6/4/1960,11/24/2001
548,Kristi,Boxhall,Y,II,2/6/1969,8/25/2002
549,Gregoire,Barkway,W,III,1/3/1970,11/10/2001
550,Amy,McCoy,F,Jr,7/9/1960,6/27/2003
551,Fay,Kaszper,R,II,4/26/1969,2/10/2003
552,Genny,Loughrey,C,Jr,1/17/1977,11/23/2003
553,Timmy,Weyland,H,III,4/16/1978,12/8/2002
554,Robinette,Dougherty,B,IV,2/19/1976,5/3/2001
555,Mahala,Gawen,X,III,6/7/1976,2/3/2000
556,Shanna,Harriott,E,II,9/2/1973,9/14/2004
557,Germaine,Teaz,F,III,8/9/1966,9/29/2002
558,Kennie,Southan,C,Sr,3/21/1970,10/14/2003
559,Dasha,Dy,R,II,9/12/1977,8/21/2000
560,Reiko,Cape,I,Sr,9/14/1976,11/28/2001
561,Mara,O'Flaherty,D,II,2/23/1968,6/29/2000
562,Martin,Peyntue,T,III,4/28/1973,11/28/2001
563,Charmian,Simounet,E,IV,1/21/1973,9/6/2000
564,Martha,Jovanovic,I,IV,6/23/1976,6/29/2003
565,Syd,Mattin,O,Sr,7/6/1972,2/26/2000
566,Oberon,Reinert,M,Jr,12/11/1978,6/4/2000
567,Raimund,O'Crotty,V,II,8/3/1965,3/15/2004
568,Corine,Hampshire,K,Sr,10/29/1975,9/16/2003
569,Kelsey,Harvatt,P,IV,4/9/1962,5/22/2002
570,Brian,Bolus,V,Jr,5/20/1970,2/12/2000
571,Sherry,Gavey,U,II,4/3/1972,6/4/2000
572,Melisande,Fortye,V,Jr,6/11/1961,10/26/2001
573,Ailbert,Poppleston,X,IV,7/2/1967,9/18/2000
574,Harlene,Skinner,W,III,2/20/1974,7/23/2004
575,Grete,Morbey,D,III,10/2/1975,7/22/2004
576,Obidiah,Ashness,D,IV,5/21/1972,12/25/2002
577,Weylin,Franzini,I,III,2/8/1977,12/20/2002
578,Rolando,Whiten,X,Sr,1/27/1961,1/19/2003
579,Larissa,Gildea,X,Jr,1/28/1977,6/30/2004
580,Dante,Forsdyke,O,III,7/13/1965,1/1/2002
581,Kylie,Carletto,M,III,4/19/1960,5/5/2000
582,Niven,Decayette,Q,Sr,8/23/1972,12/16/2003
583,Whitney,Peatt,A,II,6/18/1969,8/3/2002
584,Meg,Skyner,Q,IV,12/3/1962,11/6/2003
585,Eli,Bernardy,M,Jr,3/26/1969,5/28/2001
586,Elyn,Scemp,B,Sr,5/22/1972,5/25/2003
587,Christian,Cawcutt,G,III,7/1/1971,1/30/2004
588,Yorke,Brinkworth,W,II,7/13/1969,1/7/2000
589,Arielle,Rippen,X,Sr,3/12/1968,1/18/2001
590,Wendy,Maling,S,Sr,8/29/1976,12/5/2002
591,Kylila,Jeffray,W,Sr,1/3/1960,12/15/2000
592,Axel,MacDwyer,R,III,1/27/1977,12/30/2000
593,Tadeo,Dymond,P,IV,5/26/1969,8/14/2000
594,Thaddeus,Finnick,N,Jr,2/18/1961,6/12/2000
595,Dilly,Gelletly,O,Sr,5/9/1976,9/29/2001
596,Troy,Mallall,F,IV,5/28/1965,8/5/2000
597,Dita,Lavrick,Z,Jr,10/21/1976,5/19/2001
598,Ardelia,Rosborough,J,Sr,2/26/1974,10/31/2001
599,Sid,Letherbury,V,II,4/16/1961,2/3/2004
600,Elissa,Readett,D,IV,4/24/1973,3/11/2000
601,Brenna,Kenwell,K,II,5/14/1972,5/13/2001
602,Deva,MacAindreis,J,IV,2/10/1979,9/22/2000
603,Perri,Batchelder,V,III,5/28/1961,7/10/2000
604,Perren,Jewise,W,Sr,7/19/1975,6/10/2002
605,Christiane,Toke,X,III,5/10/1973,7/8/2000
606,Adrea,Frankiss,O,Sr,5/23/1971,7/30/2003
607,Jasun,Sprigging,R,III,6/15/1973,3/6/2003
608,Ashlan,Hirtzmann,I,Sr,10/5/1976,12/19/2000
609,Hilton,Kears,V,II,4/25/1979,10/30/2004
610,Russell,Navein,L,Sr,5/16/1974,9/25/2004
611,Sidoney,Wallsworth,Q,IV,8/9/1965,11/25/2004
612,Mort,Keitch,C,Jr,2/15/1966,10/31/2002
613,Charmaine,O'Hanlon,F,Jr,7/28/1968,1/11/2000
614,Ronny,Mundy,D,IV,6/24/1968,12/21/2003
615,Victoria,Squire,A,II,9/11/1973,9/25/2003
616,Roz,Grimolbie,L,Sr,1/1/1964,7/15/2003
617,Christoforo,Riche,P,Jr,1/14/1965,12/26/2001
618,Julietta,Drinkwater,D,III,10/24/1978,11/11/2000
619,Forrester,Wherrit,T,IV,11/3/1970,8/7/2000
620,Felix,Kaspar,M,II,1/22/1962,8/28/2004
621,Rennie,Simnel,W,Jr,4/1/1977,12/8/2004
622,Allister,Speechley,V,Jr,8/20/1974,5/23/2001
623,Raquel,Critchard,I,III,10/1/1972,5/20/2002
624,Madelyn,Carrel,K,III,6/28/1964,9/7/2002
625,Haily,Sircombe,N,IV,8/10/1966,2/1/2001
626,Marcelo,Sherborne,B,III,4/14/1963,4/22/2001
627,Dyanne,Haugen,I,III,2/17/1970,10/4/2004
628,Clemence,Collinwood,V,Sr,8/19/1976,6/7/2001
629,Johnathon,Corness,E,Sr,1/21/1970,1/12/2001
630,Stafani,Wollard,R,IV,7/12/1965,8/6/2004
631,Janifer,Feldbau,X,Sr,9/5/1961,11/21/2001
632,Mead,Jarman,S,IV,5/5/1967,7/2/2004
633,Pamella,Loveitt,O,Jr,7/10/1975,6/15/2003
634,Georgeta,Wyld,D,III,2/20/1964,4/23/2001
635,Mohandas,Dewer,F,II,5/16/1969,8/31/2004
636,Eberhard,Ughini,C,Sr,3/15/1961,5/18/2000
637,Aida,Paton,U,II,8/16/1977,3/25/2004
638,Aylmar,Gordon-Giles,J,IV,5/21/1967,4/17/2004
639,Otho,Gouldthorp,B,Sr,11/16/1969,3/25/2003
640,Nevin,Foulds,H,Jr,8/10/1969,3/21/2002
641,Kalinda,Tottem,M,Jr,1/31/1978,9/15/2001
642,Fraser,Rieger,Y,III,12/20/1963,3/29/2002
643,Pandora,Bartoszewski,E,Sr,9/20/1966,5/31/2003
644,Bing,Tooze,P,Sr,2/15/1978,1/21/2004
645,Grant,Uvedale,L,III,4/14/1973,2/20/2004
646,Daffie,Pittman,T,IV,8/28/1961,7/19/2004
647,Keane,Novik,T,Sr,1/7/1962,4/16/2003
648,Dwayne,Legonidec,W,Sr,12/12/1975,1/5/2002
649,Ardis,Chapiro,Q,IV,12/15/1966,4/2/2001
650,Demeter,Kohnen,T,IV,8/17/1973,2/16/2002
651,Norman,Warkup,S,Sr,7/29/1961,12/2/2004
652,Andrus,Rentilll,E,Jr,8/4/1968,8/22/2000
653,Brig,Kitney,Y,Sr,12/2/1961,5/8/2002
654,Franzen,Benian,J,Sr,12/13/1966,7/4/2004
655,Cordy,Norree,L,Jr,10/10/1971,6/25/2003
656,Alia,Iacoboni,U,Sr,3/27/1963,11/24/2002
657,Joyan,Widdowfield,T,Sr,4/25/1961,8/25/2004
658,Alexei,Krinks,Z,IV,5/24/1961,4/21/2001
659,Gertruda,Spaldin,D,III,11/7/1977,6/12/2003
660,Lowell,Simmill,R,II,5/27/1968,2/14/2001
661,Yancy,Hansen,C,Sr,2/28/1975,1/5/2004
662,Emilee,Klimt,I,Jr,2/24/1969,6/1/2004
663,Sawyer,Grinval,R,III,3/23/1970,10/13/2003
664,Raf,Danielsen,A,III,3/3/1973,7/7/2003
665,Emlyn,Highnam,A,III,1/16/1974,1/27/2004
666,Ramona,Boss,F,IV,5/31/1966,12/30/2004
667,Lock,Ahearne,M,III,7/18/1979,5/4/2000
668,Yoshiko,Northidge,T,IV,7/21/1962,9/29/2002
669,Werner,Fothergill,I,III,11/3/1974,12/16/2002
670,Farrand,Hentze,G,IV,9/22/1978,2/1/2002
671,Trev,Hanse,O,Sr,4/8/1963,10/12/2002
672,Nicolea,Pregal,G,Jr,9/20/1978,1/31/2003
673,Ollie,Llopis,W,Jr,3/9/1968,10/26/2004
674,Janith,Scurman,H,II,2/4/1962,6/15/2003
675,Bone,Matterdace,F,III,5/4/1978,8/22/2000
676,Daryl,Manhare,E,Jr,2/15/1976,6/29/2001
677,Shurwood,Lockey,L,III,12/8/1961,7/14/2004
678,Darryl,Draijer,Z,IV,5/19/1963,2/25/2004
679,Vonnie,Deviney,G,IV,5/20/1970,6/3/2001
680,Gae,Slinn,S,III,8/3/1972,7/6/2000
681,Avigdor,Rilings,W,II,8/4/1970,8/1/2003
682,Loella,Lawther,H,II,1/6/1974,9/4/2001
683,Sukey,Amyes,C,II,11/20/1972,11/24/2001
684,Nerty,Carnow,O,Jr,1/24/1966,4/10/2003
685,Addia,Hollows,Y,IV,10/18/1976,8/13/2001
686,Chip,Kohrt,J,Sr,3/27/1964,4/9/2004
687,Jacqueline,Hyland,J,Sr,8/28/1966,7/6/2003
688,Erna,Danneil,R,Jr,3/10/1972,1/19/2004
689,Man,Severns,R,II,7/15/1975,4/27/2000
690,Sammy,Gilardone,Z,II,8/23/1964,8/23/2001
691,Laurice,Nelligan,A,III,5/10/1966,4/2/2002
692,Chaddie,McFaell,P,II,1/1/1970,2/1/2001
693,Mamie,Bruhnke,Z,Jr,11/18/1976,5/6/2004
694,Jandy,Dorward,D,IV,6/10/1971,11/9/2004
695,Alleen,Sokell,W,II,6/29/1979,4/26/2001
696,Manuel,Samber,N,II,8/10/1969,7/18/2001
697,Siobhan,Bentinck,M,Sr,9/16/1967,9/16/2000
698,Roshelle,Westphalen,E,Sr,5/25/1961,2/28/2002
699,Caryl,Deares,B,Jr,6/8/1976,1/17/2004
700,Fredelia,Avison,F,Sr,1/31/1964,5/22/2004
701,Sergent,Mathen,W,Sr,7/10/1960,2/1/2003
702,Davie,MacGilmartin,M,IV,11/18/1972,7/24/2000
703,Maire,Clemmen,S,Sr,2/8/1979,4/28/2002
704,Ash,Clothier,Q,IV,12/4/1964,8/24/2004
705,Stinky,Sowter,I,II,5/9/1972,1/28/2000
706,Adolpho,Rockell,P,Sr,12/21/1963,11/30/2003
707,Irvine,Cromie,Z,III,4/2/1968,8/1/2004
708,Colette,Egalton,C,Sr,12/9/1960,8/4/2002
709,Harlie,Donohoe,N,Sr,7/26/1965,12/13/2003
710,Carney,Barter,C,III,4/26/1960,5/31/2001
711,Shell,Wildsmith,E,II,5/6/1968,9/9/2000
712,Rinaldo,Guttridge,B,III,5/31/1963,8/5/2002
713,Dunstan,Hughson,G,III,2/14/1979,3/14/2000
714,Consuelo,Tukely,R,III,8/12/1961,10/14/2003
715,Lelia,Degoe,W,Sr,10/19/1969,10/29/2004
716,Elfrieda,Eeles,K,III,2/22/1978,7/30/2000
717,Lynea,Penning,V,Jr,4/26/1977,8/27/2003
718,Edmund,Benzie,B,III,9/16/1964,4/21/2003
719,Aldrich,Flay,M,III,3/28/1965,1/8/2003
720,Janifer,Elfleet,B,III,3/14/1968,7/18/2002
721,Rosalyn,Whebell,E,Sr,8/15/1974,4/8/2003
722,Esmeralda,Steptow,C,IV,11/23/1975,7/26/2003
723,Rafe,Erdis,R,IV,6/28/1960,5/13/2001
724,Sharity,Buncombe,G,Jr,1/27/1973,2/22/2004
725,Zahara,Schruur,Y,III,12/21/1961,4/15/2000
726,Torin,Rudham,Z,III,11/15/1972,11/18/2004
727,Lane,Okroy,Y,II,4/19/1966,7/30/2003
728,Bancroft,Hercules,O,II,3/31/1961,11/24/2004
729,Athena,Beagles,G,II,11/27/1970,10/24/2002
730,Emmett,Hayball,E,Sr,4/24/1974,1/15/2001
731,Siobhan,Tregust,U,Sr,6/10/1967,4/2/2003
732,Lillis,Tilbrook,C,II,6/5/1979,7/23/2003
733,Gustavus,Dingwall,N,IV,5/25/1971,3/20/2001
734,Vevay,Colleford,H,Sr,12/3/1961,3/29/2003
735,Etheline,Brozek,R,II,5/5/1972,12/12/2003
736,Sibbie,Dumbleton,U,III,12/18/1961,2/15/2002
737,Yasmeen,Trigg,N,Jr,4/19/1976,12/24/2002
738,Tuckie,Goschalk,O,II,8/6/1969,12/20/2001
739,Roz,Markson,B,Sr,9/10/1974,1/20/2001
740,Delia,Petrelluzzi,W,III,11/15/1970,8/9/2000
741,Perren,Pinchen,G,III,9/25/1979,1/28/2001
742,Shannon,Tulloch,A,IV,12/17/1963,10/28/2004
743,Kathlin,Gilffilland,H,Jr,11/20/1967,10/1/2000
744,Bess,Kesper,F,Sr,8/13/1964,9/11/2000
745,Hesther,Petrichat,H,Jr,5/3/1977,8/16/2001
746,Ninnette,Chattell,A,IV,9/12/1979,7/31/2003
747,Emile,Adelberg,V,Jr,11/4/1974,3/3/2004
748,Garrott,Clubley,O,II,4/18/1967,8/20/2003
749,Gianna,Buckland,V,III,9/8/1966,7/11/2001
750,Harriott,Zimek,T,Jr,3/30/1975,7/23/2003
751,Wynny,Attenbarrow,P,Jr,4/21/1976,2/23/2000
752,Hercule,Dossettor,Z,III,12/17/1960,4/29/2000
753,Winni,Eannetta,A,III,1/27/1973,8/13/2002
754,Joelie,Fancet,T,Jr,8/5/1962,1/23/2002
755,Kenna,Fryatt,Y,Jr,2/27/1961,12/28/2000
756,Eartha,Geram,I,Jr,12/28/1974,1/19/2002
757,Cynthie,Fake,D,Jr,11/25/1962,12/25/2002
758,Nadia,Tatchell,E,IV,10/16/1974,10/1/2004
759,Rheba,Shearstone,K,Sr,4/1/1961,7/11/2003
760,Vivianne,Okker,B,III,11/12/1970,1/13/2002
761,Danella,Btham,I,IV,5/5/1973,11/15/2000
762,Cynthy,Pilsworth,S,IV,12/27/1964,12/20/2000
763,Rudd,Saladin,G,Sr,9/17/1974,7/1/2002
764,Nadiya,Tanby,J,II,1/11/1971,8/19/2002
765,Thomasin,Caldicot,X,IV,4/2/1969,7/17/2001
766,Ambros,Colwill,N,Sr,1/7/1976,4/21/2000
767,Cairistiona,Toffalo,M,II,2/25/1969,8/16/2002
768,Yorke,Moulton,O,II,1/29/1967,12/8/2002
769,Claudell,Filipovic,O,Sr,6/26/1963,8/4/2002
770,Fan,Durward,O,Jr,5/3/1969,2/24/2004
771,Jeremie,McGunley,W,IV,4/5/1966,4/19/2004
772,Cherrita,Varney,I,III,7/11/1962,11/14/2002
773,Ragnar,Winsiowiecki,R,Jr,10/11/1960,6/21/2001
774,Jillana,Chessil,V,Jr,6/25/1960,1/4/2004
775,Kipper,Moncreiff,Y,Jr,9/9/1972,3/19/2001
776,Hana,Davidow,M,IV,8/4/1968,5/21/2003
777,Henri,Silkstone,W,Jr,5/17/1976,10/20/2003
778,Joelie,Ginglell,U,III,12/2/1976,9/10/2001
779,Fara,Clementel,I,III,11/13/1964,8/11/2002
780,Barbey,Jacke,L,II,8/26/1963,2/21/2000
781,Alameda,Nutten,I,II,12/18/1963,2/8/2004
782,Dee dee,Rudgley,E,Jr,8/17/1976,10/28/2002
783,Devonne,Nabbs,H,Jr,6/28/1970,1/17/2004
784,Clevie,Fynes,S,IV,11/22/1965,1/30/2004
785,Jephthah,Giraudo,U,Jr,12/19/1963,12/31/2001
786,Cirstoforo,Matias,V,II,7/22/1964,4/7/2001
787,Blane,Bartosik,V,Jr,6/3/1967,7/2/2004
788,Obadiah,McEniry,U,IV,6/14/1960,6/25/2002
789,Polly,Soanes,C,II,4/16/1971,3/23/2004
790,Reinold,Oakwell,J,II,3/9/1960,3/9/2002
791,Konstanze,Balducci,Y,IV,7/7/1965,11/25/2001
792,Timmie,Louis,N,Sr,6/25/1968,4/8/2002
793,Rowe,Dillintone,T,Sr,4/12/1967,8/10/2004
794,Alejoa,Soltan,I,Sr,11/21/1970,7/7/2003
795,Kelcie,Romaine,N,III,2/7/1975,8/18/2004
796,Neils,Egdell,J,Jr,2/1/1960,3/3/2003
797,Binny,Verrills,Z,Sr,7/20/1964,2/29/2000
798,Isidoro,Veld,M,Jr,6/9/1970,2/16/2004
799,Dare,Buckell,V,III,5/11/1977,3/31/2004
800,Keriann,Braley,M,II,4/16/1960,2/6/2004
801,Hinze,Colton,E,Jr,9/7/1970,9/26/2001
802,Rosamond,Robinett,G,IV,3/30/1960,12/3/2004
803,Martainn,Romanini,O,III,9/27/1977,9/25/2002
804,Gerry,Freezor,W,II,2/5/1979,12/7/2002
805,Teresa,Aird,M,II,8/28/1960,2/19/2004
806,Rozele,Arboin,H,II,5/7/1965,2/8/2003
807,Agneta,Zaczek,W,Jr,7/25/1966,1/14/2001
808,Joyce,Crab,L,Sr,4/15/1978,3/22/2003
809,Mikey,Knath,J,II,1/8/1978,6/11/2000
810,Marigold,Autrie,T,III,6/22/1976,11/11/2001
811,Humphrey,McKinless,G,III,3/1/1979,4/10/2000
812,Talya,Folomin,A,II,6/12/1971,7/15/2003
813,Cos,Roz,M,III,10/18/1977,2/22/2004
814,Alfi,Ioselevich,X,Sr,2/19/1967,1/3/2001
815,Hermon,Santus,V,II,2/2/1961,6/5/2000
816,Mathian,Carruth,O,IV,12/4/1969,8/7/2003
817,Rosa,Beetham,K,Jr,7/5/1976,4/22/2000
818,Hi,Brabban,U,II,9/3/1973,6/6/2002
819,Adah,Stoeck,S,Sr,8/25/1978,11/23/2001
820,Eugenia,Alstead,F,III,12/2/1969,7/2/2002
821,Jacinta,Netherwood,P,Jr,3/21/1967,7/4/2002
822,Raeann,Mullinder,W,II,9/15/1971,2/16/2000
823,Emmanuel,Petranek,Z,Sr,4/30/1966,11/21/2001
824,Grenville,Wreiford,I,Jr,7/4/1968,11/9/2002
825,Alasteir,Donnersberg,C,III,3/11/1964,7/2/2003
826,Mira,Tellenbrook,Q,II,4/29/1964,8/17/2004
827,Edwin,Churm,U,Sr,10/23/1976,1/1/2003
828,Gradey,Struijs,A,IV,1/11/1964,2/18/2004
829,Blane,Arndell,G,Jr,5/15/1967,2/11/2003
830,Wat,Spafford,M,III,8/24/1973,2/5/2001
831,Roxane,Beeden,T,Sr,7/7/1960,11/22/2000
832,Winonah,Silber,T,IV,10/9/1962,8/4/2000
833,Standford,Fattore,J,Sr,11/26/1975,4/11/2004
834,Karna,Mattessen,M,IV,9/5/1974,3/8/2001
835,Stesha,Feaks,T,IV,11/12/1962,7/19/2002
836,Giorgi,Gallard,O,Jr,3/3/1965,5/25/2000
837,Chrissy,Gadman,Y,III,2/26/1971,1/26/2002
838,Bertrand,Ruppelin,B,IV,12/6/1972,7/26/2003
839,Jacquenette,Arnaut,O,III,2/11/1979,6/16/2001
840,Bradan,Shemelt,N,II,3/18/1975,2/10/2001
841,Lyndsie,Terron,F,II,5/1/1971,12/20/2002
842,Angelique,Buckston,V,Jr,11/21/1961,5/21/2001
843,Isabella,Elecum,U,IV,4/17/1970,9/17/2000
844,Helena,Pattillo,Q,Sr,5/7/1965,11/9/2004
845,Robb,Ludwikiewicz,E,II,4/7/1970,5/31/2000
846,Merrilee,Pedrozzi,X,Jr,4/14/1979,5/30/2001
847,Valenka,Lounds,T,Jr,12/16/1975,11/5/2000
848,Petunia,Bridywater,R,Jr,3/17/1968,2/18/2001
849,Ethelind,Farrow,J,Sr,11/5/1978,2/21/2004
850,Verge,Gadaud,F,Jr,10/13/1975,1/27/2004
851,Oralle,Cozzi,T,Jr,6/19/1977,6/10/2003
852,Florencia,Lafford,P,IV,1/4/1970,4/2/2003
853,Jarad,Cavilla,K,III,4/30/1978,8/27/2000
854,Sheffield,Phizaclea,N,Jr,12/13/1979,2/26/2004
855,Denise,Mines,P,Jr,12/26/1967,9/20/2000
856,Ophelia,Danick,C,IV,3/31/1967,9/11/2002
857,Bondon,Humphery,K,IV,11/13/1966,7/27/2002
858,Mahalia,Claesens,N,Jr,6/25/1975,7/7/2000
859,Almire,Clace,K,IV,8/17/1979,8/3/2001
860,Shelby,Tidbold,C,II,6/19/1972,7/30/2003
861,Bertrando,Goligly,I,III,8/14/1979,5/18/2004
862,Atlanta,Dmisek,G,Jr,8/11/1978,12/21/2002
863,Gabriel,Berni,C,Sr,4/26/1971,3/19/2001
864,Alec,Ferby,S,IV,2/7/1967,5/6/2000
865,Harlen,Forker,Q,Jr,9/12/1965,11/28/2001
866,Katti,Nesterov,F,IV,8/27/1961,7/8/2004
867,Alisha,Wiltshaw,B,IV,6/13/1969,2/11/2002
868,Wendi,Trodd,G,III,9/29/1967,11/19/2003
869,Dael,Cordrey,N,III,7/30/1972,10/20/2003
870,Celeste,Stitt,I,II,11/1/1963,10/2/2000
871,Kellby,Morat,M,Jr,7/21/1960,8/28/2002
872,Clem,Sterricker,U,Jr,11/11/1967,1/11/2003
873,Ermina,McCosh,E,III,4/25/1979,8/13/2001
874,Tamma,McIlherran,N,IV,1/3/1964,2/11/2002
875,Clare,Langland,A,III,2/23/1962,10/23/2004
876,Sondra,Loynes,M,Jr,1/31/1969,1/13/2004
877,Conn,Kubiak,G,Sr,5/31/1969,4/8/2004
878,Jandy,MacGovern,O,III,9/28/1966,1/20/2004
879,Jaclin,Schultze,Z,IV,9/21/1961,11/21/2001
880,Fran,Gauvain,N,III,4/18/1965,7/1/2004
881,Ezri,Matyugin,O,Jr,9/26/1977,1/2/2000
882,Krista,Batrick,B,III,1/10/1979,5/1/2003
883,Darya,Deddum,O,IV,12/14/1967,11/11/2003
884,El,Bellew,C,IV,2/7/1978,4/29/2003
885,Sandi,Gregan,X,IV,4/30/1962,7/18/2000
886,Lanna,Parkinson,D,III,8/12/1963,2/10/2002
887,Walt,Choules,R,Sr,6/25/1976,12/20/2004
888,Olivette,Willatts,H,III,2/7/1960,11/29/2003
889,Anna-diane,Duprey,A,II,2/20/1966,9/20/2001
890,Timofei,Fulop,U,Jr,8/27/1969,7/15/2004
891,Iago,Patnelli,C,Sr,1/10/1976,3/7/2004
892,Seamus,Thridgould,W,IV,3/18/1975,3/20/2004
893,Dianna,Efford,X,III,4/20/1972,2/22/2004
894,Kurtis,Dibnah,X,II,2/19/1961,12/3/2001
895,Rudie,Heister,M,Jr,5/10/1960,10/27/2004
896,Fergus,Bendik,N,Sr,9/11/1966,6/23/2000
897,Andres,Foucher,W,Sr,6/24/1960,5/15/2003
898,Birk,Busst,J,III,12/19/1976,2/4/2003
899,Nev,Bontein,P,II,10/26/1964,4/7/2001
900,Phylys,Bletsoe,E,III,12/13/1963,1/15/2004
901,Deeann,Ambrogiotti,Q,Sr,10/7/1966,8/5/2000
902,Dannye,Swaddle,X,Jr,10/22/1965,4/12/2002
903,Shurlocke,Barsam,A,II,2/5/1976,2/27/2001
904,Odell,Roser,Z,IV,8/8/1966,11/26/2003
905,Maegan,Shevelin,N,Jr,7/30/1968,4/28/2003
906,John,Castagneri,Y,III,3/8/1974,8/13/2004
907,Evita,Blaszczak,H,Sr,2/19/1966,6/20/2003
908,Gardiner,Studdert,I,IV,5/21/1970,9/20/2000
909,Gerald,Mulvey,Y,III,10/13/1972,4/23/2003
910,Twyla,Ladlow,U,III,8/11/1979,2/10/2003
911,Merwyn,Brookzie,L,IV,10/14/1969,7/19/2002
912,Merv,Shaylor,G,III,7/13/1968,3/27/2000
913,Vitia,Royse,D,IV,3/11/1978,6/3/2000
914,Morten,MacDermott,O,Jr,6/2/1963,2/1/2001
915,Kerianne,Scamadine,U,Sr,3/6/1976,3/16/2003
916,Dareen,Harlow,E,Sr,9/24/1968,3/13/2004
917,Hilarius,Tod,J,Jr,4/25/1967,10/26/2000
918,Zebadiah,Tales,S,II,8/21/1961,10/17/2000
919,Gennifer,Rozzell,Y,Sr,10/2/1967,12/6/2000
920,Kinnie,Dyer,P,Jr,8/18/1962,11/16/2003
921,Bobbette,von Grollmann,K,III,4/6/1964,10/30/2001
922,Livvyy,Scanlon,B,Sr,8/4/1965,1/22/2004
923,Alasdair,Mangenot,I,III,8/15/1973,2/14/2003
924,Michaeline,Bilbie,Z,III,7/22/1963,3/8/2001
925,Diandra,Baron,Q,II,2/9/1967,9/2/2003
926,Cecilio,Mc Mechan,J,Sr,5/6/1963,8/9/2003
927,Rooney,Girardy,N,IV,5/28/1964,11/11/2003
928,Marty,Livoir,V,III,6/6/1965,11/20/2003
929,Ki,Este,A,II,7/7/1976,6/2/2000
930,Doralyn,Wishkar,P,III,3/12/1977,3/26/2001
931,Claudine,Solon,C,Sr,2/14/1965,11/28/2000
932,Grayce,Coster,V,Sr,5/24/1978,10/24/2000
933,Araldo,Postlethwaite,T,IV,7/12/1969,9/2/2000
934,Fran,Brimmicombe,O,II,3/19/1979,8/12/2002
935,Damita,Bento,K,III,8/12/1971,7/21/2000
936,Mair,Labroue,B,III,8/9/1973,7/11/2002
937,Lyell,Emeny,M,II,8/5/1973,2/24/2004
938,Jeffie,Peever,O,III,1/28/1960,9/26/2003
939,Mauricio,Dring,K,III,6/16/1964,5/26/2002
940,Michael,Eliasen,O,III,7/10/1976,5/30/2003
941,Hamish,Pichmann,Y,Jr,12/5/1978,1/22/2004
942,Sheelagh,Palphreyman,K,Jr,10/10/1978,7/24/2004
943,Starlene,Spry,C,II,6/8/1964,4/25/2002
944,Rachel,Merill,Q,III,9/4/1975,1/25/2003
945,Bea,Ahmed,N,Jr,2/11/1960,12/5/2004
946,Enrika,Merton,R,IV,9/13/1966,2/13/2003
947,Elane,Marvin,P,III,6/15/1973,7/31/2001
948,Gilbert,Shellsheere,T,II,5/12/1969,8/21/2002
949,Babbette,Taig,N,II,6/2/1978,9/9/2001
950,Silva,Mussetti,G,Sr,1/22/1979,9/11/2000
951,Hilton,Flawith,Q,III,4/21/1966,11/26/2004
952,Veradis,Barritt,Z,Sr,8/12/1966,10/26/2004
953,Chevalier,Comar,J,Sr,2/3/1976,9/17/2001
954,Theadora,Girton,W,IV,8/9/1960,6/13/2004
955,Carny,Brea,W,IV,4/30/1973,11/29/2003
956,Ole,Siaskowski,G,II,2/25/1970,3/17/2002
957,Thorn,Beekman,W,II,3/4/1979,7/20/2002
958,Linda,Yewdall,P,II,2/24/1968,7/23/2004
959,Kenton,Libreros,H,III,2/17/1979,6/8/2000
960,Carce,Fasham,R,Jr,12/6/1967,11/28/2003
961,Chrissy,Stower,J,Sr,2/21/1963,3/9/2000
962,Broderick,Spaxman,Y,IV,10/19/1960,9/25/2003
963,Zacharie,Kerswill,U,IV,4/10/1974,6/3/2002
964,Case,Rawnsley,H,III,10/5/1970,9/18/2003
965,Renata,Bartaloni,N,IV,1/18/1978,9/30/2002
966,Ephrayim,Arens,P,IV,5/18/1977,3/6/2001
967,Darby,Orwin,S,Sr,4/2/1964,2/16/2001
968,Brook,Mulmuray,M,IV,2/18/1972,10/18/2001
969,Daniele,Shaughnessy,F,Jr,7/11/1976,5/20/2002
970,Marchall,Muckleston,E,Jr,2/14/1966,4/3/2001
971,Germaine,Riddoch,Y,II,5/9/1970,10/20/2000
972,Horacio,Fewkes,X,Sr,4/17/1961,8/17/2002
973,Mar,Gutridge,Q,Jr,5/16/1971,10/15/2002
974,Brynn,Penwell,I,Sr,11/7/1973,8/5/2003
975,Jozef,Wishkar,U,Sr,8/9/1975,3/29/2004
976,Alis,Troake,Z,III,1/25/1966,9/6/2002
977,Holden,Wanstall,Y,IV,11/23/1968,1/20/2001
978,Constantina,Kidds,J,IV,11/3/1965,8/29/2000
979,Nady,Doumic,I,IV,2/18/1978,5/11/2002
980,Wallas,Pawelek,M,Jr,3/10/1960,8/31/2003
981,Francene,Gasson,K,III,5/8/1967,7/7/2004
982,Haskell,Moye,T,II,2/28/1969,10/29/2001
983,Athena,Lodeke,W,Sr,1/27/1961,5/4/2000
984,Zora,Wedge,T,II,1/15/1975,9/1/2002
985,Augustin,Whyte,F,III,10/27/1978,4/17/2002
986,Kimberlee,Whitman,O,II,9/23/1962,12/6/2003
987,Daile,Keady,B,IV,10/12/1968,1/8/2001
988,Sergeant,Collen,A,Jr,9/10/1972,4/28/2002
989,Romola,Leebeter,X,Sr,10/10/1972,2/21/2002
990,Shelley,Cruces,G,II,8/26/1977,2/2/2004
991,Sybila,Mulbry,V,IV,12/13/1962,5/15/2000
992,Rozanne,Fobidge,U,Jr,5/7/1968,10/2/2003
993,Domenico,Braun,Y,Jr,10/2/1972,7/1/2004
994,Collin,Ghest,X,Jr,6/17/1966,7/21/2000
995,Kalle,Corroyer,O,III,2/22/1978,8/31/2000
996,Hynda,Beedle,T,III,5/18/1960,3/5/2000
997,Dannie,Hedden,P,Sr,4/15/1971,4/9/2001
998,Angelle,Bramford,C,Jr,8/3/1970,10/13/2003
999,Elnar,Scottrell,X,IV,4/11/1960,11/24/2000
1000,Edi,Gribble,D,Sr,5/29/1972,5/20/2003
