BillingAccount_id,BAcctName,BAcctName2,Address1,Address2,City,State,Zip
1,MMX-2501,JBZ-6675,456 Elm Avenue,Apt 48,Pyatnitskoye,,56697
2,TJK-7775,LZY-7546,123 Main Street,PO Box 93262,Napuro,,85674
3,CYU-2079,PSY-6747,987 Pine Road,11th Floor,Praia Grande,,47786
4,HUR-5243,FIF-5157,789 Oak Lane,Suite 36,Dongxiang,,24461
5,GIP-0055,UXQ-8973,987 Pine Road,Suite 11,Mysiadło,,75497
6,YMB-0494,CHE-6768,321 Maple Drive,7th Floor,Ystad,Skåne,00506
7,TRH-6339,DGU-6419,123 Main Street,PO Box 38056,Dongshentou,,60916
8,FCK-4867,MYZ-9021,123 Main Street,10th Floor,Novodmitriyevskaya,,19928
9,SXL-1459,RTS-0025,321 Maple Drive,PO Box 35100,Luozhou,,14119
10,GOG-2330,EEA-8254,456 Elm Avenue,3rd Floor,Huanglong,,80452
11,JCA-6127,KWU-5538,321 Maple Drive,18th Floor,Sanli,,95461
12,DWF-5423,MFU-4853,456 Elm Avenue,Room 567,Panjāb,,93026
13,WDC-3574,XEL-0957,123 Main Street,10th Floor,Toulouse,Midi-Pyrénées,48595
14,TGQ-0760,YOA-3812,789 Oak Lane,9th Floor,Escada,,99194
15,LCQ-5484,HTM-1702,789 Oak Lane,Apt 1199,Cisoka,,72325
16,BYM-1391,KVV-9824,987 Pine Road,Suite 52,Tqibuli,,99471
17,IYI-8536,NTQ-9745,987 Pine Road,PO Box 66027,Taboão da Serra,,67352
18,BLL-7022,JTT-8193,456 Elm Avenue,9th Floor,Xihe,,74171
19,NKS-2011,TCA-8747,321 Maple Drive,Suite 96,Kapuskasing,Ontario,25803
20,WYK-3289,PRQ-8847,789 Oak Lane,Apt 1962,Dimitrovgrad,,66942
21,MTH-7785,VVI-9665,987 Pine Road,20th Floor,Yayao,,06802
22,DYC-2214,RYE-2447,789 Oak Lane,Suite 65,Plaisir,Île-de-France,45148
23,TJR-2953,KRR-3796,123 Main Street,PO Box 47956,Newmarket on Fergus,,39530
24,EAW-5012,GBG-3178,987 Pine Road,3rd Floor,Yongfeng,,38815
25,WUY-5674,ESI-5363,123 Main Street,Suite 35,La Guadalupe,Oaxaca,88362
26,JED-3562,PKN-0905,456 Elm Avenue,Suite 100,Lowotukan,,78745
27,JVM-4406,MJO-1898,321 Maple Drive,6th Floor,Arasji,,07517
28,SOD-5137,OSG-1689,456 Elm Avenue,PO Box 70227,Bo Phloi,,34930
29,BTD-0940,SJN-8889,789 Oak Lane,Apt 1093,Paradela,Bragança,20525
30,MMF-8589,QOT-6372,987 Pine Road,Suite 89,Laszki,,55912
31,MOI-5093,RTY-2286,321 Maple Drive,Suite 62,Ábidos,,68867
32,ZKS-7285,LZH-1134,123 Main Street,PO Box 8486,Shangjin,,03451
33,VEL-7133,QKU-4347,789 Oak Lane,Room 528,Ključ,,03196
34,YKV-2391,QCU-5226,987 Pine Road,PO Box 16107,Oslo,Oslo,39739
35,YMD-4970,KKO-5857,789 Oak Lane,Room 1000,Stupino,,35954
36,UKZ-5971,XFC-2616,987 Pine Road,Apt 1808,Novyye Cherëmushki,,94447
37,YFC-9045,PQK-8969,123 Main Street,Suite 85,Buchou,,73514
38,TLY-8667,WON-7071,789 Oak Lane,Apt 9,Independencia,Veracruz Llave,21075
39,UZB-1521,LMZ-3898,321 Maple Drive,PO Box 85156,Al Azraq ash Shamālī,,58963
40,EYB-2963,CHX-8816,123 Main Street,Room 128,Tuymazy,,70682
41,YOT-3781,JSX-7436,789 Oak Lane,Suite 46,Esposende,Braga,36325
42,NHT-2967,TWQ-5101,789 Oak Lane,13th Floor,Sam Ngam,,35030
43,QZE-2005,VXU-5675,987 Pine Road,Room 1537,Pasararba,,26264
44,WUT-9141,LKJ-6418,789 Oak Lane,10th Floor,Pongkor,,55320
45,LFX-4147,PJP-3005,456 Elm Avenue,Room 606,Shōbu,,49739
46,EIR-0598,LRM-8300,456 Elm Avenue,9th Floor,København,Region Hovedstaden,71778
47,CMF-6054,LTS-0994,987 Pine Road,Apt 258,Buaran,,36187
48,AHI-2062,XUJ-7123,456 Elm Avenue,4th Floor,Huangshi,,55121
49,IRH-5614,FBF-8344,987 Pine Road,Suite 44,Qingtaiping,,48807
50,IJP-1825,CWD-6877,123 Main Street,Room 1525,Baoshan,,73458
51,CBT-7175,NJG-4859,123 Main Street,PO Box 86307,Dongli,,20557
52,KNM-5335,IDQ-3790,321 Maple Drive,11th Floor,Kashihara-shi,,37758
53,GBQ-9210,HCY-9905,321 Maple Drive,15th Floor,Chashan,,41454
54,LOY-3049,UIK-1106,321 Maple Drive,Apt 1483,Anibare,,88953
55,TMT-3640,CNW-4570,321 Maple Drive,15th Floor,San Antonio,Nuevo Leon,33888
56,RMB-2913,RAU-3189,321 Maple Drive,2nd Floor,Kopparberg,Örebro,77565
57,UTX-5509,ZFX-3082,123 Main Street,Suite 86,Spokoynaya,,16557
58,SVT-1403,WAN-0375,123 Main Street,14th Floor,Korhogo,,73431
59,SJY-2810,OUG-0856,789 Oak Lane,11th Floor,Żarki,,43185
60,HIA-6213,XWW-0484,321 Maple Drive,16th Floor,Cabreúva,,74179
61,QRD-0791,XJQ-6237,987 Pine Road,1st Floor,Reni,,59598
62,QGL-7303,GNF-6422,987 Pine Road,Suite 95,San Silvestre,,21828
63,ZUO-7983,HNK-2983,456 Elm Avenue,PO Box 93951,Muktāgācha,,29938
64,PWQ-5820,YCQ-9676,987 Pine Road,PO Box 14696,Dengfang,,24359
65,YVW-0685,YZR-3006,987 Pine Road,PO Box 92046,Kirovs’k,,69294
66,NXX-1163,FSQ-1090,321 Maple Drive,Suite 65,Aveleda,Braga,46025
67,DEG-6970,EPD-3190,789 Oak Lane,PO Box 46165,Pahing Pamulihan,,91852
68,VND-2561,SKU-7391,321 Maple Drive,PO Box 75026,Changzheng,,37683
69,MEX-3938,AEV-0667,456 Elm Avenue,PO Box 78358,Kiryandongo,,46489
70,BEK-5424,TQT-2760,789 Oak Lane,Suite 66,Chamni,,41273
71,QWT-7442,FQP-1203,321 Maple Drive,Apt 1733,Linköping,Östergötland,84326
72,YNB-0371,BDI-5346,456 Elm Avenue,Room 842,Pekalongan,,60688
73,ZMR-8486,HZX-2427,123 Main Street,Suite 10,Hongos,,33988
74,NES-3479,TIU-9573,123 Main Street,PO Box 43360,Växjö,Kronoberg,07847
75,HIU-3953,VOR-0344,123 Main Street,15th Floor,Haoshui,,13584
76,RHK-7186,MLO-7602,456 Elm Avenue,Room 1552,Szczerbice,,59529
77,UAU-6694,HCQ-7758,987 Pine Road,PO Box 55518,Klyuchi,,16454
78,QQQ-5659,EOG-2548,987 Pine Road,7th Floor,Cirompang,,22649
79,TEX-3293,YEK-3922,321 Maple Drive,PO Box 25477,Sun Kunda,,55479
80,ZTJ-8523,YNE-2734,321 Maple Drive,Suite 1,Panacan,,72812
81,NQQ-3641,TXC-7961,987 Pine Road,PO Box 42791,Salamrejo,,10147
82,ERE-7072,CCV-8635,321 Maple Drive,Room 52,Bangkok,,73583
83,PAS-7549,SSE-1204,321 Maple Drive,Room 801,Hutang,,56088
84,GEF-4304,YDU-1122,789 Oak Lane,Suite 56,Don Matías,,99048
85,FVP-5465,HIU-8314,123 Main Street,Suite 45,Brzyska,,00848
86,PSL-5636,KEK-0809,789 Oak Lane,PO Box 11066,Agnibilékrou,,19886
87,DTA-4524,KLH-3931,321 Maple Drive,PO Box 92945,Kampungmasjid,,00818
88,NKT-7939,ZBO-2192,123 Main Street,Room 815,Ḩarastā,,36738
89,HGE-3206,IIE-5570,789 Oak Lane,Room 1247,Tunguang,,11867
90,EJD-6057,IVZ-6260,321 Maple Drive,Room 404,Lidingö,Stockholm,30843
91,AXV-9573,AOE-7444,456 Elm Avenue,Suite 66,Lasiana,,98324
92,CMG-6449,KWH-9506,987 Pine Road,7th Floor,Szombathely,Vas,45753
93,OXN-2114,FWZ-2476,123 Main Street,Apt 687,Huacho,,83396
94,HHR-5165,XLK-8738,456 Elm Avenue,Room 1737,La Poma,,47447
95,JPO-8873,RAD-7738,456 Elm Avenue,Room 1926,Leye,,94811
96,ERY-5917,GYN-6672,321 Maple Drive,Room 1149,Klau,,96619
97,EZE-2173,XLD-9312,123 Main Street,Suite 51,Dongxiang,,66100
98,YRR-2314,NFT-1828,789 Oak Lane,Apt 1384,Serra,,55019
99,LKM-6970,KKV-6552,123 Main Street,Apt 276,Shikhazany,,87774
100,XDH-7499,OCV-4075,456 Elm Avenue,3rd Floor,Tielu,,38601
101,SVM-8258,ABT-9896,789 Oak Lane,PO Box 46340,Ubajami,,51975
102,RFM-4909,WCR-4242,123 Main Street,Room 1062,Glagahan,,96647
103,ZBZ-6782,ECJ-6414,321 Maple Drive,Room 360,Qingshui,,72856
104,QHA-3802,FWH-9427,987 Pine Road,Suite 64,Shabqadar,,20320
105,FNR-7980,CYS-7276,987 Pine Road,Apt 1128,Putina,,55717
106,ZRD-6323,MGD-3382,987 Pine Road,7th Floor,Sulak,,72956
107,TAD-8730,HGX-4919,123 Main Street,Room 1374,Ciela Lebak,,70636
108,SPA-7859,MKA-8212,123 Main Street,11th Floor,Suisan,,98316
109,PHM-6895,GKY-0585,789 Oak Lane,Apt 1924,Vitoria-Gasteiz,Pais Vasco,62790
110,HSP-9529,LME-7207,321 Maple Drive,PO Box 16411,Lukou,,46790
111,WKE-1991,MDK-5211,987 Pine Road,Suite 56,Duraykīsh,,51741
112,RIE-8537,NHR-2608,789 Oak Lane,Apt 11,Haputale,,03410
113,QGW-4874,SOA-1231,456 Elm Avenue,PO Box 20105,Los Angeles,California,17693
114,QJM-5060,SDP-4008,987 Pine Road,PO Box 99818,Igarra,,16208
115,QOS-5658,UIF-5003,987 Pine Road,Apt 949,Chazón,,79385
116,JIC-3777,JSB-9805,456 Elm Avenue,Apt 472,Bao’an,,62974
117,UJK-0749,GPM-5148,789 Oak Lane,Room 1402,Abaeté,,24693
118,NDS-3229,PGR-0893,321 Maple Drive,Apt 1672,Stavanger,Rogaland,88878
119,KIT-9902,AJX-0897,789 Oak Lane,Suite 44,Gaokan,,56240
120,YJZ-4012,BSJ-9099,456 Elm Avenue,Room 779,Séléa,,55474
121,GRY-0087,JHH-7048,987 Pine Road,Apt 481,Huanoquite,,45813
122,PKW-0697,VKN-1612,321 Maple Drive,11th Floor,Haradzyeya,,21315
123,GPM-9828,ENS-1428,456 Elm Avenue,Suite 86,Pavino,,34664
124,PPJ-5749,FIK-9559,123 Main Street,Suite 5,Ágios Spyrídon,,73241
125,EFA-3602,REE-8709,789 Oak Lane,4th Floor,Malabonot,,44429
126,IUR-7107,VYC-9306,321 Maple Drive,7th Floor,Cedry Wielkie,,91652
127,CII-9652,ICV-2573,456 Elm Avenue,15th Floor,Pailou,,86136
128,BCA-8072,JTM-8139,456 Elm Avenue,Suite 88,Zbąszyń,,99058
129,MBW-2042,PPM-1502,987 Pine Road,19th Floor,Dnipryany,,53324
130,JFM-9225,UZW-3074,789 Oak Lane,PO Box 25987,Brasília,,31878
131,TGB-3453,CJV-4507,123 Main Street,PO Box 8639,Velké Pavlovice,,43919
132,ZHT-4644,VLI-1081,987 Pine Road,9th Floor,Bajiao,,03284
133,UKF-6030,YOY-9118,321 Maple Drive,Suite 78,Bayang,,31131
134,MEU-9686,ZAC-0574,321 Maple Drive,Room 941,Kunri,,17786
135,HKK-0056,WRS-2856,987 Pine Road,13th Floor,San Juan de Dios,,78992
136,LOC-3245,SKE-0321,456 Elm Avenue,Room 1592,Wanjia,,75658
137,HNC-8630,EZH-2620,321 Maple Drive,Apt 1413,Meneou,,08067
138,YDP-6157,BLV-2988,321 Maple Drive,PO Box 15977,Kirkuk,,63016
139,MRB-7220,ZDK-6654,456 Elm Avenue,17th Floor,Ajman,,66589
140,LHW-7962,KXC-7808,321 Maple Drive,PO Box 15767,Pueai Noi,,40027
141,WRW-6724,DVV-4194,987 Pine Road,Suite 70,Hua Sai,,69196
142,GER-4488,CMG-0325,456 Elm Avenue,Room 306,Desa Margaluyu,,25400
143,XTG-8696,WYS-9121,123 Main Street,PO Box 42336,Ullulluco,,24573
144,FZD-7135,KTF-6865,123 Main Street,PO Box 57461,Skövde,Västra Götaland,23146
145,RZV-3399,VFT-7722,789 Oak Lane,PO Box 46943,Jacarezinho,,24471
146,XHA-6210,ATF-4352,456 Elm Avenue,Suite 28,Huai Mek,,81973
147,UYS-3923,XDP-5276,321 Maple Drive,5th Floor,Canton,Ohio,46368
148,ANX-1050,LCX-4673,987 Pine Road,11th Floor,Xiaba,,06062
149,OUY-5567,KVN-2112,123 Main Street,Apt 380,Maracaibo,,89704
150,EWH-1941,HKI-8785,987 Pine Road,Suite 49,Cilongkrangpusaka,,93862
151,ZJY-7827,ZTR-2058,789 Oak Lane,Apt 592,Candi,,03232
152,BIK-8628,HVI-0549,987 Pine Road,Suite 53,Pākpattan,,97427
153,JJU-2125,XPN-4409,321 Maple Drive,Suite 3,Gongqiao,,81369
154,HWH-0181,LVD-3194,987 Pine Road,PO Box 78555,Rancakuya,,85546
155,VZI-2058,KPB-2965,456 Elm Avenue,PO Box 21309,Opuzen,,24431
156,XEH-3523,NTQ-6662,987 Pine Road,Apt 408,Boyany,,82588
157,ADY-5997,YKK-8692,987 Pine Road,Apt 191,Xiyang,,51582
158,SDM-9737,LJI-1239,789 Oak Lane,Apt 1574,Novosemeykino,,04921
159,HAN-3205,DMY-8800,789 Oak Lane,Apt 1666,Itapevi,,82519
160,WXW-9974,SMT-4527,789 Oak Lane,Suite 79,Zhenjiang,,65600
161,YTR-9279,WQB-0928,321 Maple Drive,Suite 26,Sūrān,,94144
162,KFI-4503,ENL-4007,789 Oak Lane,Suite 67,El Tejocote,Mexico,40668
163,APB-6255,WSF-5378,987 Pine Road,PO Box 59511,Sydney,New South Wales,90213
164,ULK-5535,KRJ-4519,789 Oak Lane,8th Floor,Gilin,,74288
165,RXP-5158,MMI-7746,456 Elm Avenue,Suite 24,Pamanukan,,94570
166,OEZ-8354,AIR-6076,123 Main Street,14th Floor,Adolfo Ruiz Cortines,Veracruz Llave,50538
167,FFK-5543,AEH-6488,789 Oak Lane,Room 1465,San Francisco,California,05850
168,OLV-8217,OQJ-6926,123 Main Street,1st Floor,Guxi,,57297
169,ELR-2880,SFL-6340,321 Maple Drive,Apt 385,Banjing,,76623
170,SGI-2472,JWV-8419,321 Maple Drive,PO Box 13778,Manat,,75761
171,ENZ-4447,EPZ-2425,321 Maple Drive,PO Box 93216,Petrolina de Goiás,,16809
172,SZU-1015,SAI-1802,321 Maple Drive,Room 115,Olinda,,98289
173,QZA-0513,GKF-7553,789 Oak Lane,PO Box 10728,Purwokerto,,49331
174,QTM-5756,VTX-3857,789 Oak Lane,16th Floor,Trà Ôn,,47290
175,XPO-7465,CGP-1498,123 Main Street,Suite 59,Baih,,03886
176,GWW-6120,KII-4975,321 Maple Drive,Apt 1742,Osypenko,,06770
177,INU-5073,ZUL-1129,456 Elm Avenue,Suite 68,Jājarm,,32675
178,KLV-1256,DHK-5325,123 Main Street,Suite 86,Andahuaylas,,22583
179,YCN-1593,SZB-7520,789 Oak Lane,12th Floor,Criciúma,,01035
180,XAX-5931,KVI-2118,321 Maple Drive,Suite 23,Villa Paula de Sarmiento,,66995
181,UMG-5200,YAZ-0034,456 Elm Avenue,11th Floor,Zhaocun,,28229
182,FOA-9188,LKF-0490,987 Pine Road,Room 1751,Aku,,51599
183,FYL-8536,ZTD-1767,456 Elm Avenue,Room 1758,Ivry-sur-Seine,Île-de-France,97567
184,FDB-5815,CUV-5307,321 Maple Drive,Room 1881,Kushelevka,,86163
185,MPN-4208,RIT-4258,987 Pine Road,15th Floor,Salvador,,31089
186,DMK-4663,SMB-5165,321 Maple Drive,Apt 214,Hacıqabul,,23156
187,BMW-6758,PZR-0480,123 Main Street,PO Box 16628,Fukuma,,63269
188,CUU-4510,XJO-4368,789 Oak Lane,Suite 54,Arroyo Seco,Guerrero,24602
189,ZEA-8904,BJA-4562,987 Pine Road,Suite 93,Zhongshangang,,75995
190,JUW-8828,AAM-6625,456 Elm Avenue,Suite 72,Xindeng,,61186
191,ZXN-1895,CGL-4027,123 Main Street,PO Box 79870,Poitiers,Poitou-Charentes,58908
192,NUM-3593,TDI-3519,789 Oak Lane,Suite 39,Thung Yang Daeng,,77312
193,GIY-1892,FJP-2920,789 Oak Lane,Apt 127,Cabra Figa,Lisboa,64905
194,AZX-2342,WUY-3786,789 Oak Lane,PO Box 76973,Haicheng,,07208
195,WMR-2694,VRW-4105,987 Pine Road,Room 513,Monchegorsk,,98606
196,XTW-8404,NQM-4667,789 Oak Lane,PO Box 43639,Pamupukan,,10011
197,TVY-1364,JAH-5928,987 Pine Road,Suite 44,Jianqiao,,45513
198,NBQ-8098,UYO-7151,987 Pine Road,Suite 72,Jansenville,,90043
199,YAE-8938,XRB-9351,456 Elm Avenue,Room 374,Mercier,Québec,60060
200,CGB-9346,FYO-9798,789 Oak Lane,9th Floor,Piripiri,,01699
201,ZLK-6506,QLG-4782,123 Main Street,PO Box 60164,Podbuzh,,75138
202,HDB-2945,WJP-4419,789 Oak Lane,Apt 744,Kalisari,,15851
203,ZEI-1146,MIB-0788,123 Main Street,Room 974,Xiachengzi,,08808
204,GSS-8013,JMH-6437,987 Pine Road,Suite 84,Holoriang,,72152
205,TOK-2100,SAN-7105,123 Main Street,Suite 50,Łyse,,12490
206,BGS-0597,TCZ-5119,123 Main Street,Apt 1724,Fier-Çifçi,,32058
207,WAU-7288,YMU-1326,123 Main Street,Suite 16,Karangdawa Barat,,70024
208,ZMQ-0128,OLD-0143,123 Main Street,9th Floor,Sámi,,89489
209,JUQ-4433,PGZ-5179,123 Main Street,Apt 301,Baghlān,,81970
210,QTA-4644,BKN-0600,123 Main Street,Room 323,Itumbiara,,08466
211,FNU-6626,XDS-3491,789 Oak Lane,Suite 40,Uście Gorlickie,,06698
212,XKM-3422,WUR-7084,321 Maple Drive,8th Floor,Shuangtang,,36254
213,CBD-3817,JPV-3583,456 Elm Avenue,Room 1559,Maundai,,05876
214,VOI-8521,SPN-2549,789 Oak Lane,Suite 27,Gaoguan,,31265
215,UJD-2859,NMQ-9980,789 Oak Lane,Apt 1802,Xifengshan,,37487
216,UEO-6100,WFN-8066,987 Pine Road,Room 1503,Wuqiao,,07803
217,HVL-4573,SFC-6669,789 Oak Lane,PO Box 8255,Mulyoagung,,29388
218,BCJ-4460,JZO-8592,456 Elm Avenue,Apt 146,Fëdorovskoye,,21410
219,BMM-0570,IJR-6540,789 Oak Lane,Apt 1939,Neresnytsya,,56936
220,MIY-5705,KQC-6392,789 Oak Lane,PO Box 57011,Dingjiaqiao,,60135
221,RVJ-5054,WTZ-5400,456 Elm Avenue,Apt 1392,Butahai,,14241
222,EEZ-5606,TPN-9403,321 Maple Drive,Apt 758,Hali,,81932
223,HCC-9566,HIK-2857,123 Main Street,Suite 69,Gōtsuchō,,15095
224,NWS-3702,BMM-3834,789 Oak Lane,15th Floor,Glagahan,,14425
225,CZT-4768,HCV-7899,987 Pine Road,Room 1519,Nefta,,15181
226,HUA-5148,VWC-7140,789 Oak Lane,Room 1907,Pasrūr,,83175
227,TRG-0245,CEM-5224,321 Maple Drive,Room 1761,Luzern,Kanton Luzern,55699
228,HRP-0215,ZCD-8476,789 Oak Lane,8th Floor,San Isidro,,95350
229,YQF-2057,ZLQ-9121,321 Maple Drive,Suite 56,Solnechnyy,,38179
230,AKH-1235,VTL-7042,123 Main Street,PO Box 65217,Yangzi,,11177
231,NTH-6385,VZW-6685,987 Pine Road,Suite 31,Damayan,,83880
232,VDY-6071,IKB-2863,987 Pine Road,1st Floor,Majagual,,24859
233,NTR-9336,LUD-8840,987 Pine Road,1st Floor,Barusuda,,34377
234,JNM-3632,HVR-5022,789 Oak Lane,Apt 198,Ixopo,,45217
235,BVS-4716,SGC-1750,789 Oak Lane,Apt 1487,Racine,Wisconsin,21983
236,EWP-9434,RLF-2786,456 Elm Avenue,Room 1326,Kulpin,,48973
237,DBR-1448,HSO-4572,456 Elm Avenue,PO Box 45296,Piripiri,,92944
238,QMW-8827,NQG-7512,789 Oak Lane,PO Box 75163,Figueira dos Cavaleiros,Beja,61484
239,IYK-7201,CLB-7834,987 Pine Road,PO Box 63125,Sigetec,,54130
240,YIF-5304,JBZ-8204,123 Main Street,7th Floor,San Antonio,,20757
241,UVP-3831,BCH-1034,456 Elm Avenue,PO Box 10598,Pylaía,,43307
242,ZZX-0646,SVN-1330,456 Elm Avenue,PO Box 55231,Vigo,Galicia,53040
243,CRE-1917,TIF-5760,789 Oak Lane,20th Floor,Asquipata,,23258
244,ADV-9587,MNI-2825,321 Maple Drive,Suite 88,Fort Beaufort,,45717
245,FLP-6763,JXQ-6992,456 Elm Avenue,Apt 1713,Ballybofey,,45830
246,ETK-5861,ZMO-8124,123 Main Street,Room 624,Velizh,,03399
247,MGK-6071,AJD-8068,123 Main Street,Apt 1687,Orda,,45739
248,BOI-6171,DBA-6901,456 Elm Avenue,Apt 762,Camajuaní,,13955
249,FNS-9415,GFT-6179,321 Maple Drive,11th Floor,Muslyumovo,,49678
250,ESI-2601,NZJ-3613,456 Elm Avenue,Room 618,Penhold,Alberta,75382
251,ZXL-1415,UGL-8178,123 Main Street,Suite 48,Grahamstown,,32530
252,RDX-9496,EVX-6123,987 Pine Road,PO Box 76606,Xue’an,,90226
253,IND-3209,IAL-4555,987 Pine Road,18th Floor,Chapadinha,,55573
254,INW-8125,EHK-2346,123 Main Street,Suite 57,Tours,Centre,59712
255,IEL-7214,ORX-8094,456 Elm Avenue,Apt 1913,Mulhouse,Alsace,72764
256,QIT-8119,MUL-7717,987 Pine Road,Room 239,Lodhrān,,72973
257,HGK-9603,ROE-3499,321 Maple Drive,Room 1039,Kediren,,13423
258,EKV-8925,IAC-5956,987 Pine Road,12th Floor,Akune,,84991
259,YTP-1804,XOA-3170,321 Maple Drive,Room 1393,Sukadana Selatan,,01746
260,SPF-7981,JNV-9066,987 Pine Road,Suite 20,Songgai,,14893
261,YHB-9960,DFR-1517,123 Main Street,18th Floor,Xankandi,,94908
262,MNL-3947,FSM-3067,987 Pine Road,PO Box 14369,5 de Mayo,Tamaulipas,62760
263,PMD-7691,EGE-3787,123 Main Street,PO Box 53968,Łubniany,,27864
264,GQJ-6304,FNO-8793,456 Elm Avenue,Suite 49,Portobelo,,93406
265,QVO-5665,NCF-8333,321 Maple Drive,Apt 1240,Boissevain,Manitoba,65020
266,LQJ-4103,DJN-1348,123 Main Street,Room 1324,Obama,,69851
267,KUE-7205,GPT-9803,456 Elm Avenue,Apt 1676,Jiangtou,,30575
268,WHS-0444,SEQ-2376,987 Pine Road,Apt 856,Nelipyno,,36551
269,YLX-1425,NSH-8691,789 Oak Lane,Suite 92,Géfyra,,36547
270,YNR-6428,SAD-7836,987 Pine Road,PO Box 80020,Jiangdianzi,,11835
271,CTC-6480,ZPY-6688,321 Maple Drive,PO Box 36956,Yaqian,,73533
272,XWR-6288,VIA-9559,987 Pine Road,Suite 43,Jintao,,72440
273,CKH-4910,AOP-8849,123 Main Street,Suite 35,Salima,,35974
274,JBI-2925,SOF-3580,321 Maple Drive,Room 1323,Cambanugoy,,64433
275,BWR-2988,JDZ-5094,987 Pine Road,PO Box 46985,Porto Formoso,Ilha de São Miguel,52274
276,WPB-5509,YNT-2480,321 Maple Drive,2nd Floor,Yasnyy,,68079
277,XXP-4690,RON-5470,456 Elm Avenue,Room 772,Sande Vila Nova,Braga,11736
278,TYC-7497,UQR-2397,456 Elm Avenue,Suite 65,Chernyshevsk,,49818
279,JBU-2106,VWC-4729,456 Elm Avenue,3rd Floor,Knin,,18706
280,HTZ-0188,SYK-4529,987 Pine Road,10th Floor,Orsay,Île-de-France,67989
281,YVS-2617,UNE-2753,321 Maple Drive,PO Box 4176,Jocón,,25272
282,ATD-4452,SHV-9925,987 Pine Road,Apt 1669,San Agustin,,79355
283,FVA-5237,HKL-6484,456 Elm Avenue,PO Box 65656,Sudikampir,,03248
284,NAC-2328,IKJ-9533,456 Elm Avenue,Room 1155,Lípa,,85669
285,PWZ-3459,IGS-8126,456 Elm Avenue,Apt 1893,Bajiazi,,48048
286,CZH-8207,HSH-0322,123 Main Street,Room 276,San José Poaquil,,95981
287,JSE-1677,WQF-4780,789 Oak Lane,Room 905,Nal’chik,,54633
288,ZEF-3727,VGC-8050,456 Elm Avenue,PO Box 35590,Qushi’an,,67290
289,AQI-2980,DZO-4338,321 Maple Drive,Suite 6,Lille,Nord-Pas-de-Calais,00341
290,CBT-1470,KJQ-6097,456 Elm Avenue,3rd Floor,Papeete,,17213
291,OXO-1854,NIK-7181,987 Pine Road,PO Box 21054,Ţūlkarm,,11865
292,PRP-2404,RKX-6745,321 Maple Drive,Room 1014,Nanganumba,,26970
293,HKZ-9519,RLM-4955,123 Main Street,Apt 1443,Aleg,,31975
294,FOL-5816,KAE-5967,321 Maple Drive,16th Floor,Malaga,Andalucia,93733
295,TLX-6605,GNQ-7261,456 Elm Avenue,Room 661,Cam Lộ,,70662
296,WBH-8652,GKJ-7665,123 Main Street,Apt 1560,Ngurore,,01040
297,REY-7458,AJB-1462,456 Elm Avenue,Room 673,Touguinha,Porto,85016
298,RJX-3335,SQU-4534,123 Main Street,PO Box 26526,Moshenskoye,,49020
299,BYK-6526,BSY-5179,456 Elm Avenue,10th Floor,Lenart v Slov. Goricah,,47285
300,QWL-1199,STB-2986,987 Pine Road,8th Floor,Saint Louis,Missouri,29681
301,YPR-8124,WIU-7091,456 Elm Avenue,Apt 1512,El Porvenir,,02489
302,GYV-5869,ZCS-3323,321 Maple Drive,Apt 1566,San Mariano,,69762
303,DWM-0530,LDZ-8916,789 Oak Lane,PO Box 83747,Ash Shuhadā’,,91039
304,ZSR-2920,FSY-8506,987 Pine Road,Apt 800,Timezgana,,51480
305,MJL-9095,MUF-0748,789 Oak Lane,Apt 1859,Ronov nad Doubravou,,11930
306,LCD-4001,LGX-5681,321 Maple Drive,Room 1918,Tangguhang,,32132
307,RFQ-2334,RBC-6131,321 Maple Drive,PO Box 74666,Yuza,,60604
308,YPH-3431,IUW-0011,987 Pine Road,Room 1066,Mueang Nonthaburi,,54488
309,GUR-3233,EKJ-1206,456 Elm Avenue,Apt 813,Ar Rujum,,87602
310,HUV-1168,WTO-4370,123 Main Street,Room 155,Beni,,79581
311,GGU-5142,MCG-0412,321 Maple Drive,Room 1026,Ximei,,32284
312,NWY-2458,QZS-2028,456 Elm Avenue,PO Box 98554,Kstovo,,68031
313,OQU-0386,LIP-6855,321 Maple Drive,PO Box 76104,Yên Lập,,72813
314,COC-2254,PTO-5076,987 Pine Road,PO Box 65816,Jatiklampok,,54938
315,JMS-2088,PSH-1363,456 Elm Avenue,PO Box 97896,Tilburg,Provincie Noord-Brabant,61953
316,TPU-1915,BDA-1456,321 Maple Drive,17th Floor,Margara,,21682
317,WMU-3558,SEU-0418,987 Pine Road,18th Floor,Ōdate,,13588
318,ZXL-9843,TSC-0647,321 Maple Drive,3rd Floor,Awat,,50994
319,ZNR-5041,VDP-4864,987 Pine Road,Room 1986,Kebonagung,,35409
320,QXT-4336,JOV-8705,123 Main Street,Apt 474,Patnongon,,65984
321,PEC-7808,PLK-9890,123 Main Street,PO Box 61678,Shengtang,,86053
322,BBR-8574,GMI-8805,456 Elm Avenue,PO Box 69697,Lop,,06180
323,RAM-7518,HIC-5153,456 Elm Avenue,Room 892,Zhentou,,41806
324,KFA-3319,JVQ-1547,789 Oak Lane,PO Box 88788,Worcester,,02103
325,BLU-5145,EHK-0533,987 Pine Road,Suite 74,Bayanbaogede,,15867
326,ESN-0187,PFE-4360,987 Pine Road,Apt 365,Binzhou,,57638
327,ZDN-6625,BAR-6161,789 Oak Lane,Suite 66,Bebandem,,40331
328,MBB-9826,WQR-7224,789 Oak Lane,5th Floor,Taitung City,,65561
329,EDA-7959,VVF-6620,321 Maple Drive,Suite 40,København,Region Hovedstaden,04588
330,JLS-1433,OFF-5834,456 Elm Avenue,7th Floor,La Unión,,34133
331,RAE-1513,UTT-3566,321 Maple Drive,PO Box 55255,Gavrilov-Yam,,07646
332,EWV-1102,AMH-2490,789 Oak Lane,19th Floor,Shenji,,55816
333,MYT-0805,DSM-9419,987 Pine Road,7th Floor,Padangtepung,,06363
334,NCY-6465,DWP-7588,123 Main Street,Apt 1449,Galamares,Lisboa,70156
335,AWK-1155,SGL-0259,123 Main Street,PO Box 37852,Arendal,Aust-Agder,55592
336,XFZ-1436,DTO-1031,789 Oak Lane,Apt 1522,Huntsville,Alabama,54274
337,IHM-6433,URW-3992,456 Elm Avenue,Suite 63,Dalovice,,39759
338,NED-5294,TIV-0697,789 Oak Lane,PO Box 3714,Nyachera,,69845
339,KTO-1057,PRU-4992,789 Oak Lane,Apt 788,Sigaozhuang,,45595
340,IRX-1984,QIW-1104,123 Main Street,Suite 62,Idritsa,,10537
341,USA-3762,OZR-0309,789 Oak Lane,Suite 6,Kovači,,43960
342,NIL-3460,WDV-0370,321 Maple Drive,Room 1649,Amuñgan,,83826
343,MIT-2327,OMF-1644,456 Elm Avenue,Apt 1411,Ransiki,,14729
344,VJO-1387,ZZK-5756,321 Maple Drive,Room 18,Poções,,93140
345,TUK-1032,NTU-5645,123 Main Street,Suite 55,Nkhotakota,,46198
346,CKD-6935,GAI-3850,789 Oak Lane,8th Floor,Sobontoro,,48111
347,XJM-9745,YVQ-3136,456 Elm Avenue,Suite 91,Maicao,,51173
348,AQQ-4950,XLD-0034,456 Elm Avenue,17th Floor,Baomin,,96775
349,ZSG-3650,LDW-3387,321 Maple Drive,Apt 155,Allanridge,,37524
350,KMS-2857,NQG-4068,456 Elm Avenue,Apt 1535,Khlong Toei,,48510
351,JNA-0209,YRN-8966,123 Main Street,PO Box 26738,Fort Worth,Texas,19012
352,QTX-0260,PLH-0657,987 Pine Road,Suite 52,Chonglou,,28696
353,HSH-6631,MDT-2666,987 Pine Road,Suite 26,Baranti,,64225
354,TIT-7070,ZSE-3980,123 Main Street,Suite 2,Uherský Ostroh,,04204
355,TMK-9806,QPG-7167,456 Elm Avenue,Apt 449,Sävsjö,Jönköping,66699
356,WPR-7394,TYQ-3073,789 Oak Lane,Suite 93,Xinshan,,12304
357,PVZ-8410,RVV-3940,789 Oak Lane,Suite 96,Ekibastuz,,46477
358,PJJ-6729,TJK-8841,987 Pine Road,13th Floor,Lučko,,45610
359,QJZ-0601,JXJ-9585,456 Elm Avenue,Apt 196,Banaran,,23606
360,LAV-3352,JPM-2723,123 Main Street,PO Box 46254,Gaula,Ilha da Madeira,07732
361,CQT-1108,HKV-5996,789 Oak Lane,Apt 421,Solnechnyy,,23117
362,DUJ-0635,ZKW-4176,321 Maple Drive,Suite 53,Debe,,83548
363,MYF-9085,URL-9253,987 Pine Road,14th Floor,Alcala,,72220
364,UQM-3023,LCY-4605,321 Maple Drive,Room 1543,Manabo,,16619
365,JKX-9083,HNJ-1035,789 Oak Lane,Suite 87,Baras,,22694
366,REJ-3119,XSE-7170,456 Elm Avenue,Apt 113,Daga,,53375
367,ZNM-4194,MVV-6134,123 Main Street,Suite 72,Koronadal,,70530
368,BAO-4903,SFU-2708,456 Elm Avenue,Apt 1942,Tha Bo,,21262
369,PCI-3858,XJI-5208,987 Pine Road,PO Box 27110,Mogapi,,41319
370,SLC-7586,FGN-4831,456 Elm Avenue,Room 775,Umpak,,15609
371,FGA-4001,KBX-7038,123 Main Street,PO Box 60798,Frösön,Jämtland,15003
372,QKF-2850,BSJ-3837,789 Oak Lane,Suite 50,Xidajie,,00441
373,CQC-6113,TSO-5816,123 Main Street,Apt 1149,Presnenskiy,,12415
374,JLQ-4750,MTZ-8435,789 Oak Lane,Suite 81,Sundawenang,,17546
375,BNI-5862,FNL-5426,789 Oak Lane,4th Floor,Gedian,,34357
376,ZXE-5957,TOE-4079,123 Main Street,Suite 37,Zhonghechang,,43736
377,LUG-0166,LEO-6109,456 Elm Avenue,19th Floor,Kakuda,,13193
378,FRH-8423,OML-3446,987 Pine Road,Apt 291,Bagong Sikat,,92666
379,WQI-4749,XPS-4465,123 Main Street,PO Box 32944,Pantaihambawang,,01395
380,MHE-8976,KHY-8024,789 Oak Lane,Apt 1328,Yeliguan,,15438
381,ROQ-4950,DXL-1545,123 Main Street,Room 1520,Xiamazhuang,,51524
382,WPA-5166,QZP-6687,456 Elm Avenue,PO Box 96497,Belleville,Ontario,73411
383,VEV-9027,UXG-9691,987 Pine Road,Suite 53,Pasacao,,55756
384,GDB-0491,OJG-7815,123 Main Street,15th Floor,Walenrang,,49762
385,OGP-2531,AWI-1158,456 Elm Avenue,Room 1408,Jarash,,07511
386,LEV-7102,WNK-8922,987 Pine Road,Room 1094,Hetang,,50818
387,MTV-9591,VYL-5440,789 Oak Lane,Suite 36,Morávka,,67970
388,VXG-4373,HPL-2173,987 Pine Road,Suite 9,Leping,,13945
389,DRT-6959,FCF-7146,456 Elm Avenue,19th Floor,Polkowice,,11828
390,SKI-6149,ZPS-6691,789 Oak Lane,Room 744,Hengelo,Provincie Overijssel,71208
391,VNV-6266,RVR-3349,789 Oak Lane,Room 277,Karangbadar Kidul,,68631
392,HCK-8452,NNV-6558,987 Pine Road,Apt 1542,Cazin,,82667
393,ZKB-9505,EYS-8924,123 Main Street,Apt 310,Ndibène Dahra,,42535
394,FHL-9893,JOM-0414,789 Oak Lane,Apt 25,Abū Zabad,,70071
395,LZR-7211,UOU-2049,456 Elm Avenue,Suite 19,Paris La Défense,Île-de-France,54205
396,CHK-9460,FLQ-6265,789 Oak Lane,Apt 794,Kyela,,07958
397,YWU-1333,CZV-8846,789 Oak Lane,Apt 1430,Yorosso,,88819
398,UKM-7095,OSC-5599,987 Pine Road,Apt 1841,Shināş,,07609
399,NOF-8263,USN-1570,987 Pine Road,PO Box 84337,Shanhou,,02509
400,PLJ-9802,AYW-9425,789 Oak Lane,Room 270,Lakha Nëvre,,71963
401,BZX-5954,TXW-6683,456 Elm Avenue,Apt 1352,Kvartsitnyy,,45451
402,WYG-9991,ILO-9821,789 Oak Lane,16th Floor,Maliq,,95091
403,TEB-9180,TLO-4558,123 Main Street,6th Floor,Beishan,,04428
404,YCM-0486,IMF-3900,789 Oak Lane,Suite 98,Susaki,,03156
405,OQZ-2258,JLA-6563,987 Pine Road,Apt 1336,Tehrān,,40766
406,DBI-1478,VOF-3013,789 Oak Lane,Room 56,Lobito,,07711
407,JHJ-2010,DDC-2473,123 Main Street,16th Floor,Maythalūn,,82895
408,JAK-7199,MFG-4331,456 Elm Avenue,Apt 1824,Nanshe,,43233
409,CPT-2972,CVV-1112,987 Pine Road,10th Floor,Mouzourás,,00681
410,YEP-1997,OTC-5801,321 Maple Drive,17th Floor,Volta Redonda,,66829
411,JWQ-9662,HVQ-4019,456 Elm Avenue,8th Floor,Amiens,Picardie,08029
412,HGE-0442,JTS-2923,987 Pine Road,Apt 380,Cruz das Almas,,38938
413,DPY-0509,KEL-8283,789 Oak Lane,Apt 1714,Wakkanai,,34587
414,PJE-9172,EVB-7200,987 Pine Road,PO Box 59823,Phra Yuen,,91759
415,ZXL-9770,BNC-8785,987 Pine Road,Apt 250,Malayal,,54784
416,XGF-5040,VIK-8077,321 Maple Drive,16th Floor,Bingfang,,09381
417,SLT-0300,GQF-2589,123 Main Street,Suite 4,Biyong,,61563
418,TCI-7874,CBY-5685,456 Elm Avenue,15th Floor,Konso,,26226
419,HWQ-8258,WVK-7581,456 Elm Avenue,5th Floor,Guojia,,55232
420,QJG-7828,PYT-6987,789 Oak Lane,PO Box 51903,Yanglin,,47617
421,UKU-8300,IOT-7326,321 Maple Drive,Apt 61,Sāqayn,,72766
422,UFD-3291,NLW-8811,456 Elm Avenue,Room 1799,Lianozovo,,30737
423,EDQ-3944,QIG-3886,987 Pine Road,Apt 1895,Banjar Madangan Kaja,,37470
424,KDG-9058,MRI-3860,789 Oak Lane,Suite 16,Shebekino,,84334
425,MFR-5594,AKM-7582,123 Main Street,PO Box 52976,Vranisht,,12458
426,VHO-3934,IVF-3162,321 Maple Drive,Apt 1764,Andongrejo,,93123
427,DUB-3718,UQS-3547,123 Main Street,10th Floor,Nyanza,,65964
428,LES-7621,YSK-6372,789 Oak Lane,Suite 98,Cendagah,,52714
429,HHA-7994,IUR-9294,123 Main Street,Suite 48,Anjihai,,46142
430,PBS-3078,BTJ-3114,789 Oak Lane,14th Floor,Randuagung,,94897
431,MJS-7780,SNT-7550,987 Pine Road,PO Box 71562,Kamennogorsk,,32925
432,HUX-5505,WSZ-3301,456 Elm Avenue,PO Box 27937,Rožmitál pod Třemšínem,,69486
433,LFS-8547,KIZ-3916,987 Pine Road,Suite 28,Río Tercero,,44973
434,HNS-2463,WEN-8526,789 Oak Lane,Suite 85,Baklashi,,67548
435,FMN-1399,VIM-9754,321 Maple Drive,Suite 73,Alíartos,,92431
436,WYY-0988,AOH-4655,321 Maple Drive,Room 138,Lukashin,,09223
437,JJO-0843,SFZ-7207,987 Pine Road,Apt 1399,Kericho,,27387
438,KUZ-7848,FYL-0502,789 Oak Lane,PO Box 41527,Sölvesborg,Blekinge,33398
439,ELG-3062,PQS-1471,321 Maple Drive,Apt 1497,Kauhava,,87779
440,IAE-2194,QON-4578,987 Pine Road,3rd Floor,San Juan Ixcoy,,41186
441,WOZ-7083,IVE-2507,987 Pine Road,PO Box 8553,Nungga,,30051
442,CFY-3511,JDM-9189,987 Pine Road,Room 1321,Caldas da Rainha,Leiria,93098
443,UTJ-4263,FCY-2489,789 Oak Lane,Suite 100,Huaccana,,05609
444,YYV-5683,NPE-9836,987 Pine Road,Suite 4,Huangling,,33317
445,PXB-9418,QLL-4578,456 Elm Avenue,Apt 1759,Toktogul,,51831
446,DDS-2508,YSU-0207,123 Main Street,Room 56,Sukhobezvodnoye,,42844
447,IUQ-8844,RUJ-8374,789 Oak Lane,Apt 954,Claremont,,25583
448,AFQ-9517,DWF-0612,123 Main Street,Room 125,Talnakh,,41859
449,YLY-1618,CWP-7589,456 Elm Avenue,PO Box 4874,Otoka,,71813
450,BUD-3526,HKZ-5770,789 Oak Lane,Suite 66,Tateyama,,03214
451,FTU-3112,VZP-8670,123 Main Street,PO Box 89667,Ryjewo,,16039
452,OWO-5001,WLW-3806,123 Main Street,Room 1175,Hang Dong,,14809
453,GLH-6254,COV-9095,789 Oak Lane,Suite 57,Padina,,10184
454,TWY-1648,LXI-1848,789 Oak Lane,Suite 95,Changcun,,11999
455,NNO-4195,SCT-2383,123 Main Street,Room 1920,Jombang,,83055
456,EMW-8019,KGI-6786,987 Pine Road,Suite 85,Yidu,,79521
457,HNH-0791,SDZ-5126,456 Elm Avenue,PO Box 44183,Fenshui,,48952
458,EBZ-4543,CPP-4474,321 Maple Drive,Suite 34,Pampa del Infierno,,56757
459,VZR-0842,CFI-8137,456 Elm Avenue,PO Box 75593,Xunzhong,,01840
460,STM-9079,XEU-4903,456 Elm Avenue,Apt 1630,Lisboa,Lisboa,70497
461,VNR-8754,NCA-0277,321 Maple Drive,14th Floor,Lampa,,77849
462,WHL-7160,EQR-4849,789 Oak Lane,15th Floor,Heping,,49141
463,IUA-9131,ZDN-5751,456 Elm Avenue,7th Floor,Płoniawy-Bramura,,87072
464,ABQ-4981,VVH-3054,321 Maple Drive,Apt 696,Voi,,33347
465,SYP-4644,EJH-2585,123 Main Street,Room 448,Cibugel,,51005
466,SQN-9253,TCA-3379,789 Oak Lane,PO Box 74657,Vrachnaíika,,83916
467,SJR-9970,GOI-2900,987 Pine Road,Suite 77,Sulahan,,85709
468,NYA-7456,ERP-2879,321 Maple Drive,Apt 851,Alkmaar,Provincie Noord-Holland,01615
469,PFF-8506,HQR-8466,321 Maple Drive,PO Box 17071,Sudislavl’,,61524
470,OOB-4094,BGA-0528,987 Pine Road,Room 1744,Grimstad,Aust-Agder,23994
471,YQP-8672,UFZ-5168,321 Maple Drive,Room 371,Aglipay,,12756
472,ORF-0359,FGA-6396,789 Oak Lane,Room 1279,Basa,,00959
473,BEA-4151,ATQ-9261,123 Main Street,Suite 61,Canutama,,35032
474,EPL-4752,IFL-1480,123 Main Street,Room 541,Yeni Suraxanı,,30290
475,HPE-2631,GOT-9075,987 Pine Road,12th Floor,Camatagua,,65262
476,NAD-2128,EEW-7300,123 Main Street,Suite 78,Broska,,54830
477,WWE-5651,VBO-0904,123 Main Street,3rd Floor,Anin,,15957
478,OMV-4325,WYO-7089,456 Elm Avenue,PO Box 18727,Ndano,,05534
479,GQJ-0620,EXA-3758,321 Maple Drive,PO Box 21124,Bailieborough,,72066
480,EFM-9551,IXY-3756,321 Maple Drive,Apt 45,Perrelos,,93729
481,CRX-7893,FUA-6832,321 Maple Drive,Room 1041,Peicheng,,22093
482,VTM-7732,GBI-6731,456 Elm Avenue,Room 1527,Liugong,,61510
483,MFN-4840,XWV-9029,987 Pine Road,12th Floor,Guarapari,,44862
484,QOF-7245,ESI-1804,321 Maple Drive,20th Floor,Zicheng,,53982
485,ERF-8013,NVB-0583,321 Maple Drive,Suite 8,Huangdi,,25896
486,QKF-1059,LSH-8409,987 Pine Road,Suite 21,Радишани,,38008
487,CSY-6951,UCR-8506,789 Oak Lane,PO Box 29506,Guyang,,36576
488,JXS-8592,NLR-7036,123 Main Street,Room 492,Dengteke,,87642
489,GQS-7132,QVD-1469,987 Pine Road,Suite 13,Dolní Kounice,,23260
490,YFJ-9522,VJU-2408,987 Pine Road,PO Box 58846,Ronneby,Blekinge,66493
491,LPH-7235,ELD-6443,789 Oak Lane,PO Box 86599,Porto União,,54323
492,DNI-4132,JVQ-4689,789 Oak Lane,PO Box 3826,Hollywood,Florida,44943
493,DSH-3484,QJE-9884,123 Main Street,8th Floor,Berezne,,16965
494,EFJ-0969,CLV-2943,987 Pine Road,Suite 3,Lukou,,88755
495,ZAN-8852,MUR-0443,789 Oak Lane,Room 1046,Cheping,,13618
496,MFA-5694,TVK-1443,456 Elm Avenue,Room 1825,Karangtawar,,41210
497,FYQ-5010,UTP-9498,987 Pine Road,Room 1313,Punta Cana,,40820
498,CRZ-3015,NDM-6560,456 Elm Avenue,Room 1469,Changshengqiao,,24325
499,GXN-1469,OGI-6296,123 Main Street,Room 1579,Sobreiro,Viana do Castelo,00299
500,SCY-6574,VMU-9766,321 Maple Drive,13th Floor,Bastak,,14851
501,FNZ-0717,LKG-8535,987 Pine Road,Room 1105,Solkan,,32211
502,NZH-7011,CLH-7509,456 Elm Avenue,Room 1672,Gjirokastër,,70360
503,NDD-0733,EXZ-5482,987 Pine Road,Suite 62,Panyuran,,17229
504,CVY-6250,KIK-3699,789 Oak Lane,PO Box 22267,Banjar Anyar,,00790
505,LVV-8360,BKD-2674,789 Oak Lane,Suite 29,Hougaoshizhuang,,19656
506,JRB-1971,SSI-3217,456 Elm Avenue,19th Floor,Port Moody,British Columbia,23157
507,HKC-4333,HBQ-3213,321 Maple Drive,4th Floor,Petrozavodsk,,00940
508,RFS-6966,AGV-4434,789 Oak Lane,PO Box 46108,Beidou,,96705
509,GDT-7186,YZP-8040,123 Main Street,Room 587,Nguken,,76176
510,XMD-1156,QZE-1989,456 Elm Avenue,8th Floor,Sandata,,53355
511,PAC-4942,XWU-0258,789 Oak Lane,PO Box 77693,Limbi,,76848
512,JKS-6512,IXA-1423,321 Maple Drive,14th Floor,Whittlesea,,73315
513,BDM-7167,XQN-9458,456 Elm Avenue,Apt 1707,Bogra,,35297
514,FNG-4546,FPV-6138,789 Oak Lane,15th Floor,Lavras da Mangabeira,,16685
515,IES-2364,YZZ-4707,456 Elm Avenue,Room 1656,Pangkajene,,70480
516,XXB-4109,NJA-7552,321 Maple Drive,Suite 21,Oslo,Oslo,12423
517,LAF-9941,WFU-5525,789 Oak Lane,14th Floor,Chotepe,,00202
518,KPE-1628,DFE-5060,789 Oak Lane,Apt 487,Yangfang,,92942
519,VBP-8816,PBT-5036,123 Main Street,3rd Floor,Vitomarci,,99381
520,HQZ-9363,XGB-5904,321 Maple Drive,PO Box 96220,Huangdu,,90357
521,PCS-8556,PUL-1212,789 Oak Lane,PO Box 89122,Calvinia,,29013
522,AFP-1755,DRW-1952,987 Pine Road,PO Box 15322,El Corozal,,79737
523,NBR-9119,QBS-0625,456 Elm Avenue,Room 20,Tokushima-shi,,33918
524,YAJ-6254,JAS-2850,789 Oak Lane,Apt 1946,Täby,Stockholm,22678
525,ZUP-7430,BMK-5609,123 Main Street,PO Box 1985,Huangtu,,53979
526,ASU-5572,GZB-0689,987 Pine Road,17th Floor,Quimperlé,Bretagne,47270
527,WYJ-1347,WGO-8985,321 Maple Drive,5th Floor,Menuma,,38402
528,QGE-3896,FPZ-8533,987 Pine Road,Apt 1930,Miaoxi,,24135
529,VSU-9442,RVY-9055,456 Elm Avenue,Room 1710,Eišiškės,,71193
530,MQY-8744,IGV-6552,987 Pine Road,16th Floor,Telaga,,11755
531,LRR-6014,TPG-0888,987 Pine Road,Room 1319,Muesanaik,,77759
532,NST-1212,CJM-3632,123 Main Street,Apt 1546,Luthu,,70043
533,TOZ-6071,VIB-3634,789 Oak Lane,Suite 85,Levuka,,65545
534,MKI-2124,EES-3041,789 Oak Lane,Room 317,Kumla,Örebro,39343
535,KJT-0600,YFS-5867,123 Main Street,PO Box 47982,Mahdia,,51506
536,JTI-9007,QJO-3511,123 Main Street,4th Floor,Liji,,90726
537,EZI-7091,ILI-2876,987 Pine Road,PO Box 98760,Wuhu,,52378
538,QRE-9608,UBU-4878,456 Elm Avenue,Room 238,Shazhuang,,48325
539,SBK-5346,HLZ-1819,789 Oak Lane,Suite 6,Águas Formosas,,04254
540,RLU-7289,QRA-8659,123 Main Street,Apt 1715,Nanshi,,39491
541,ABR-5189,LTG-2621,123 Main Street,Suite 19,Zubin Potok,,43557
542,KAU-6404,CRM-7514,456 Elm Avenue,Room 972,Stockholm,Stockholm,25475
543,XPU-0355,CJT-7970,987 Pine Road,Room 1733,Xinjiezi,,92707
544,PAX-7681,UQH-5643,321 Maple Drive,Apt 395,Henglian,,31685
545,JPR-5641,DYQ-3953,321 Maple Drive,Apt 1305,Yenagoa,,40478
546,FZN-7711,NMH-1827,789 Oak Lane,Room 955,Sokarame,,75796
547,BJD-7862,FEM-8228,789 Oak Lane,20th Floor,Dalian,,22739
548,ZSK-8722,DMM-2739,456 Elm Avenue,PO Box 90535,Huangbei,,59751
549,XHP-5756,IOY-8747,321 Maple Drive,Apt 1962,Mosjøen,Nordland,53045
550,WXZ-3196,PIP-8283,789 Oak Lane,9th Floor,Vairão,Porto,01261
551,IHW-8658,UEB-8547,123 Main Street,Apt 322,Queimados,,91739
552,UBO-2213,NHV-3113,123 Main Street,Room 1773,Blansko,,18497
553,GFI-9073,WXO-1683,456 Elm Avenue,Suite 80,Tumaco,,74322
554,ALX-8008,RGA-2053,987 Pine Road,Room 1826,Balzan,,43921
555,NFG-7903,CJD-2515,456 Elm Avenue,Apt 1942,Maguan,,30575
556,WPZ-3840,EOM-4135,456 Elm Avenue,Suite 10,Santo António das Areias,Portalegre,84318
557,NXI-7247,VEQ-5325,789 Oak Lane,9th Floor,Isugod,,65111
558,TSO-9103,NJH-6734,789 Oak Lane,6th Floor,Pemex,Veracruz Llave,41467
559,ALL-1276,FBV-2352,987 Pine Road,PO Box 13003,Xiongguan,,03166
560,JED-1097,FZR-8738,123 Main Street,Suite 28,Bălţi,,28941
561,XAF-5603,IND-5822,987 Pine Road,19th Floor,Petiga,,70672
562,GMQ-7785,IQE-4846,987 Pine Road,PO Box 72330,Djibo,,34382
563,VLN-6622,TYS-1908,789 Oak Lane,Suite 85,Even Yehuda,,36752
564,XRV-6114,KSN-0469,789 Oak Lane,Apt 1589,Ternopil’,,40399
565,RYI-0857,YVN-3346,987 Pine Road,11th Floor,Krajan,,97147
566,ATF-0757,RWT-2398,789 Oak Lane,Suite 59,Shadrinsk,,90233
567,TWK-8794,EQY-1605,321 Maple Drive,12th Floor,Göteborg,Västra Götaland,33588
568,DFO-8484,BOI-9628,987 Pine Road,Suite 62,Bida,,17501
569,VKH-5943,IKL-1407,987 Pine Road,5th Floor,Mor Laok,,33797
570,QSV-8425,IQU-9226,456 Elm Avenue,Suite 34,Santa Fé do Sul,,23200
571,MSO-7695,MZA-2796,456 Elm Avenue,Suite 31,Ronggo,,21527
572,YBZ-4546,XBJ-2717,456 Elm Avenue,Suite 69,Igarassu,,42085
573,CVB-7334,SNJ-0391,987 Pine Road,Room 1350,Carigara,,86640
574,DXL-9529,FEY-9689,456 Elm Avenue,5th Floor,Pasacao,,03002
575,WWA-5767,CNB-4618,789 Oak Lane,6th Floor,Pābna,,45952
576,NCO-2960,FHU-1877,987 Pine Road,16th Floor,Līkak,,99557
577,EHC-6571,ZAT-1128,789 Oak Lane,Room 1691,Pingdong,,11323
578,MZV-8433,MST-6130,789 Oak Lane,Suite 18,Sävsjö,Jönköping,74907
579,VMN-2503,LZA-0852,123 Main Street,Room 1604,Long’anqiao,,38659
580,NIN-8561,HHA-2170,321 Maple Drive,4th Floor,Oeiras,,55361
581,HKO-7373,JIK-7163,987 Pine Road,Suite 53,Jietou,,12775
582,ELU-0682,XME-9606,987 Pine Road,PO Box 32029,Halmstad,Halland,46581
583,EOS-2553,NUN-0947,456 Elm Avenue,Suite 82,Pivijay,,71193
584,TAL-1658,DHJ-2535,789 Oak Lane,1st Floor,Kunjāh,,33517
585,BZZ-3279,SDK-1999,789 Oak Lane,Suite 19,Brasília de Minas,,30806
586,JWO-1467,SEH-9544,123 Main Street,Room 1888,Bieligutai,,49606
587,PUJ-8233,CIK-5255,321 Maple Drive,Room 491,Buyunshan,,27801
588,OOP-8653,KPU-8756,123 Main Street,PO Box 7170,Pak Chom,,31521
589,LXV-5537,UNN-2137,789 Oak Lane,Apt 1281,Liudaogou,,78473
590,RAD-3324,AOF-5227,456 Elm Avenue,3rd Floor,Zuobude,,86192
591,OPJ-9270,WWS-5796,987 Pine Road,Suite 29,Sukawaris,,37719
592,PAF-9188,CFB-6888,456 Elm Avenue,PO Box 15103,Kristiansund N,More og Romdal,84657
593,IHD-0569,KQS-0372,987 Pine Road,Room 1937,Krajan Bakalan,,94941
594,NAM-7179,ZWC-1139,987 Pine Road,1st Floor,Taboc,,72495
595,VCT-8508,QSV-1449,123 Main Street,Suite 1,Jinchang,,10657
596,AWO-9483,RKX-4257,123 Main Street,PO Box 19853,Kalepasan,,04381
597,KBP-6736,MAB-2478,456 Elm Avenue,PO Box 77681,Sremčica,,50453
598,SWQ-9533,LCX-4221,456 Elm Avenue,Suite 10,Santo Domingo Oeste,,63835
599,FAW-3388,MRY-5382,456 Elm Avenue,Suite 66,Zapala,,21105
600,HWW-2541,VMD-1841,789 Oak Lane,Room 1843,De la Paz,,00308
601,YFC-3042,KTK-4823,456 Elm Avenue,Room 813,Leiden,Provincie Zuid-Holland,94985
602,NNL-5925,UMF-3684,321 Maple Drive,7th Floor,Eckerö,,01048
603,KCH-4864,ENM-6028,456 Elm Avenue,PO Box 41070,Looc,,79151
604,YFX-0212,FHR-3085,987 Pine Road,Suite 5,Végueta,,01730
605,BWR-1946,PUX-0276,321 Maple Drive,Room 404,Kurchaloy,,90051
606,IGJ-3357,PHF-0707,321 Maple Drive,19th Floor,Huchang,,91296
607,BFI-0286,FXG-4364,789 Oak Lane,20th Floor,Wang Hin,,74851
608,FFI-7510,PYN-3770,456 Elm Avenue,Room 1987,Château-Richer,Québec,66806
609,LBD-1179,AWT-8234,987 Pine Road,PO Box 68778,Periyiáli,,97685
610,HYK-2662,ZKL-1742,123 Main Street,Apt 1339,An Châu,,80487
611,HPS-7288,PED-2539,987 Pine Road,5th Floor,Hengxizhen,,39842
612,OLZ-4780,EBC-5232,456 Elm Avenue,Room 238,Buenos Aires,,28059
613,PNE-9182,GKB-3079,123 Main Street,13th Floor,Aoqian,,53810
614,WCL-2503,VVA-1748,789 Oak Lane,15th Floor,Las Lomas,,41962
615,XDC-8550,GML-0672,321 Maple Drive,Suite 71,Waihai,,22339
616,NRR-2784,IYI-1507,123 Main Street,PO Box 701,Beaung Tengah,,37632
617,CKR-7370,MLT-0788,321 Maple Drive,16th Floor,Cergy-Pontoise,Île-de-France,75059
618,FHQ-7515,LQR-1917,789 Oak Lane,Room 712,Gitega,,28381
619,CXL-0682,IOV-4634,123 Main Street,Room 610,Bugo,,28389
620,RKZ-6910,RDM-0995,123 Main Street,Apt 1319,Cotaparaco,,40278
621,WHO-6735,RUF-7847,456 Elm Avenue,PO Box 45452,Obala,,10651
622,GNG-7874,ELN-3186,987 Pine Road,Room 1020,Banjarwaru,,41682
623,BXL-8055,XTN-7647,321 Maple Drive,9th Floor,Alacaygan,,80789
624,SAI-1066,TYT-1069,123 Main Street,Room 1026,Machachi,,83277
625,ERN-6792,HZP-0990,789 Oak Lane,PO Box 94957,Dukuhtengah,,19848
626,PPX-7457,EDM-9483,123 Main Street,Apt 163,Sujiazhuang,,07149
627,JDH-9369,POU-9614,123 Main Street,Apt 1685,San Carlos de Bariloche,,57713
628,OAV-2814,FWO-7521,987 Pine Road,Apt 1009,Medicine Hat,Alberta,97458
629,LIV-3443,TEH-4429,789 Oak Lane,2nd Floor,Kissidougou,,85821
630,XJI-4262,HZD-5973,789 Oak Lane,PO Box 92675,Santa Rita do Sapucaí,,10182
631,PGT-1465,FIL-5380,789 Oak Lane,PO Box 3942,Fuding,,00579
632,KJP-7354,NAF-9180,123 Main Street,PO Box 21305,Podu,,41701
633,FYE-6026,SIC-9448,789 Oak Lane,4th Floor,Central,,59065
634,DPH-0704,WIX-7813,456 Elm Avenue,PO Box 40077,Juiz de Fora,,46495
635,PRL-9808,EDL-2474,321 Maple Drive,PO Box 81053,Chenghe,,06015
636,ZXB-4769,NQK-0166,456 Elm Avenue,14th Floor,Boevange-sur-Attert,,73687
637,UOO-7421,NMH-8933,987 Pine Road,Room 588,Tetyushi,,67497
638,HKH-7346,MAU-6449,987 Pine Road,Suite 100,Rzeszów,,20727
639,VHM-9460,LRK-7969,123 Main Street,9th Floor,Brengkok,,76210
640,VAR-8438,WRF-5371,789 Oak Lane,Room 1364,Haitou,,88330
641,NDW-8375,SVS-0214,123 Main Street,PO Box 41393,Albuquerque,New Mexico,25871
642,GDV-9151,COT-9395,321 Maple Drive,Room 1601,Los Ángeles,,46379
643,KYZ-7691,ZET-7030,987 Pine Road,Apt 1865,Goryachevodskiy,,32964
644,NYB-1727,DXD-3449,321 Maple Drive,Room 1926,Tadabliro,,98280
645,NND-2856,JEZ-0845,456 Elm Avenue,Room 1877,Luzhuangzi,,80788
646,FHL-8155,OTV-8367,987 Pine Road,Room 1853,Langxi,,87505
647,KIM-0696,RCW-7187,789 Oak Lane,Apt 1447,Cha-am,,37861
648,MUW-0535,BMS-1524,789 Oak Lane,Apt 1556,Damiao,,74832
649,PTF-3457,UQN-8192,456 Elm Avenue,Room 1571,Consuelo,,46140
650,WEG-8384,CML-2880,456 Elm Avenue,Room 466,Kimito,,59029
651,VVT-6958,PKY-0861,123 Main Street,7th Floor,Värnamo,Jönköping,78280
652,JYN-1790,IIJ-7487,789 Oak Lane,PO Box 81708,Tonoas Municipal Building,,65558
653,CYV-0910,ZUX-8300,123 Main Street,PO Box 95049,Fatukanutu,,78844
654,SKY-8437,ZZR-6734,456 Elm Avenue,PO Box 16463,Limoeiro,,31347
655,RCW-5436,VYE-5700,456 Elm Avenue,Room 1401,Huayucachi,,50527
656,KWP-1787,AFZ-6513,789 Oak Lane,Room 1904,Esperanza,,74264
657,CWG-2753,YYW-6100,321 Maple Drive,Room 1140,Sopla,,01634
658,TNQ-8307,NOZ-0151,789 Oak Lane,PO Box 41137,Suwaru,,72335
659,IWT-0021,IKX-4357,456 Elm Avenue,5th Floor,Dan Khun Thot,,51451
660,FDY-4835,TJR-2453,987 Pine Road,Apt 545,Kashiwa,,86169
661,KNH-6953,GQN-5237,321 Maple Drive,Suite 99,Nangen,,06006
662,HXL-9583,KRN-1554,987 Pine Road,Suite 49,Wailiang,,48106
663,NFC-8344,GHY-0540,456 Elm Avenue,Suite 85,København,Region Hovedstaden,02539
664,HTM-1703,SOG-6572,456 Elm Avenue,Suite 46,Salyan,,76357
665,STT-8994,KSH-5129,789 Oak Lane,Room 1391,Aranyaprathet,,12445
666,SCR-3739,ZMY-3838,987 Pine Road,PO Box 63510,Tân Châu,,24524
667,JXW-4506,XJU-0274,789 Oak Lane,Apt 1689,Huangdu,,82304
668,YKH-6587,ELD-5277,456 Elm Avenue,PO Box 70417,Yuxarı Aran,,60599
669,ROC-9784,APS-6434,987 Pine Road,Room 1295,Merik,,57397
670,GDO-9232,EXC-6993,789 Oak Lane,Room 1915,Warsaw,,93505
671,HMA-0047,YJN-7327,321 Maple Drive,Apt 1701,Pyatovskiy,,30121
672,AWA-8526,VEI-6404,789 Oak Lane,Suite 7,Vetlanda,Jönköping,65465
673,WXV-6907,WVP-8752,321 Maple Drive,PO Box 68787,Lapuyan,,33400
674,GYB-8956,QRI-7156,789 Oak Lane,Room 109,Lahad Datu,Sabah,65605
675,MNT-8533,VZU-8432,987 Pine Road,Room 140,Vrakháti,,28090
676,BDK-5121,SDH-5632,123 Main Street,Suite 43,Chum Phuang,,75998
677,RBC-9237,UKA-4870,789 Oak Lane,16th Floor,La Rochelle,Poitou-Charentes,52564
678,WVV-5050,IIR-9265,456 Elm Avenue,Suite 40,Skołyszyn,,75467
679,WRF-0338,FQI-0287,321 Maple Drive,18th Floor,Baocun,,83189
680,YQX-4364,RTH-0561,123 Main Street,Apt 1594,Kultuk,,61284
681,TWS-2538,EYV-9740,456 Elm Avenue,Suite 71,Matlang,,85579
682,MCG-0953,ZQM-1630,789 Oak Lane,10th Floor,Ivanishchi,,75661
683,NYV-6410,QXF-8239,456 Elm Avenue,Room 1755,Cihaladan,,61161
684,RVJ-9478,EJI-0723,321 Maple Drive,PO Box 71955,Oeleon,,36935
685,YMB-3237,EYZ-2739,789 Oak Lane,Apt 1454,Zhangqing,,02580
686,GUV-2377,MDV-5871,321 Maple Drive,Apt 1207,Pinillos,,75191
687,MRA-9286,NOL-5125,321 Maple Drive,15th Floor,Yamkino,,58559
688,FUY-4191,IJH-6703,987 Pine Road,Apt 158,Minami-rinkan,,35481
689,JZE-2957,EDK-8504,123 Main Street,11th Floor,Vrtojba,,80308
690,VNR-6280,BYS-8061,456 Elm Avenue,PO Box 69916,Ipala,,92494
691,IJX-0505,NXR-9143,123 Main Street,Room 1724,Ḩarīb,,58505
692,OYW-8621,MTZ-3563,987 Pine Road,12th Floor,Kpalimé,,37297
693,JCZ-8861,TRS-0842,123 Main Street,Suite 9,Úštěk,,63543
694,UXU-4169,PFH-9713,321 Maple Drive,Apt 1284,Vertientes,,19065
695,RLY-1353,NJH-4656,321 Maple Drive,8th Floor,Rengang,,99086
696,YWA-5492,STD-4322,789 Oak Lane,5th Floor,Wisła,,35403
697,XWS-5771,BMW-7565,123 Main Street,Suite 21,Yufrus,,63868
698,YCW-4731,CRX-3516,987 Pine Road,PO Box 99055,Smiřice,,18666
699,KBT-0524,HZI-0036,456 Elm Avenue,Apt 1887,Horní Stropnice,,58333
700,HOD-5624,GUU-2271,123 Main Street,Apt 1493,Sabangan,,89959
701,UNM-6948,JLL-5226,123 Main Street,PO Box 10285,Quxi,,52830
702,SFK-3816,KJJ-5306,321 Maple Drive,Room 651,Lusambo,,33100
703,CHS-5395,SAI-9095,321 Maple Drive,2nd Floor,Ujungpangkah,,75451
704,CZV-5098,YXL-0003,321 Maple Drive,Apt 370,Majiao,,70183
705,RBD-0163,HJU-4973,789 Oak Lane,Apt 1942,Cill Airne,,68569
706,QDH-6269,YHS-1640,789 Oak Lane,Room 615,Łomża,,17107
707,HOA-6286,KLT-6980,321 Maple Drive,Apt 1605,Tampakan,,15833
708,LYS-6419,NOX-7865,456 Elm Avenue,20th Floor,Lokoja,,27089
709,KCI-6993,ZBI-2704,456 Elm Avenue,Suite 21,Pittsburgh,Pennsylvania,82867
710,JLG-5219,XIE-0859,789 Oak Lane,Room 19,Aldeia da Mata,Portalegre,92099
711,BAP-1328,HCL-2740,789 Oak Lane,PO Box 18264,Reshetnikovo,,56013
712,FJN-7733,ORC-3007,789 Oak Lane,Apt 947,Toktogul,,91810
713,EVO-1039,QIG-9419,987 Pine Road,Room 1074,Atsugi,,48129
714,MCR-6375,WDB-4096,789 Oak Lane,PO Box 57804,Beau Vallon,,52644
715,CEA-8909,ROS-7390,456 Elm Avenue,10th Floor,Tosno,,75868
716,JUT-0225,CLB-2530,789 Oak Lane,PO Box 36906,La Argentina,,44169
717,QAJ-5768,RJH-5918,456 Elm Avenue,Suite 62,Vindeln,Västerbotten,21384
718,KEF-9126,TYW-5608,789 Oak Lane,17th Floor,Datun,,90850
719,MKM-9688,URM-3435,987 Pine Road,Room 868,Thị Trấn Phú Mỹ,,32380
720,HGW-8732,XEU-0803,987 Pine Road,Suite 16,Yezhu,,71085
721,FWM-9058,ZAU-2766,321 Maple Drive,Suite 21,Bogotá,,08946
722,SCM-3008,ENW-8442,987 Pine Road,Suite 18,Wushan,,38792
723,VBG-6809,NIP-8195,987 Pine Road,Room 724,Metz,Lorraine,16446
724,QMP-3655,IZF-4757,123 Main Street,Suite 73,Chishtiān Mandi,,03164
725,FNU-8825,SRC-7700,321 Maple Drive,Apt 404,Gamping Lor,,35392
726,MDR-2462,JVY-2196,456 Elm Avenue,Suite 51,Sevlievo,,18052
727,DMI-9836,HVX-6747,123 Main Street,Suite 1,Suan Luang,,36545
728,FTY-3689,LCH-0721,123 Main Street,2nd Floor,Henghe,,00908
729,KPH-5635,XSS-3389,321 Maple Drive,Room 1754,Cochadas,Coimbra,33192
730,HHF-8168,XQU-2685,456 Elm Avenue,PO Box 70192,Lunen,,55276
731,PSX-2107,EPM-4478,456 Elm Avenue,Suite 61,Keta,,89144
732,ZLB-4730,PKS-9234,987 Pine Road,Apt 1342,Bahía Blanca,,36214
733,IHB-4521,KTE-7028,321 Maple Drive,Apt 1820,Cincinnati,Ohio,47838
734,JIQ-5840,QEX-1955,321 Maple Drive,PO Box 13574,San Gil,,40613
735,VDD-9791,EIF-7307,987 Pine Road,Apt 1037,Tuchkovo,,20591
736,MZK-0801,VCM-6468,789 Oak Lane,Room 648,Gualeguay,,20891
737,FWS-7818,IIS-3964,789 Oak Lane,Room 656,Dzüyl,,76943
738,TJF-9889,VED-6988,789 Oak Lane,PO Box 92087,Rajsko,,38526
739,AIZ-3214,WEB-0879,987 Pine Road,Apt 1379,Xom Tan Long,,21468
740,WWC-7978,QQC-1068,987 Pine Road,13th Floor,Grzybowa Góra,,10244
741,QBW-2027,FXA-8961,456 Elm Avenue,Suite 73,Złocieniec,,35888
742,NZK-6478,SNI-6035,987 Pine Road,Apt 1886,San Antonio,,41711
743,TAG-9697,QAH-9907,789 Oak Lane,Suite 77,Azara,,71505
744,YEU-3800,DBX-0341,789 Oak Lane,Room 1721,Triteh,,74878
745,ELG-2513,WNL-2261,123 Main Street,Room 358,Täby,Stockholm,81820
746,YBI-7139,ATS-0006,987 Pine Road,Room 601,Solna,Stockholm,38325
747,NAO-4322,IIH-0840,987 Pine Road,Room 1768,Francisco Morato,,16837
748,TVU-6852,HCU-5212,456 Elm Avenue,PO Box 7189,Rancaranji,,13686
749,PXM-8860,KOK-8619,123 Main Street,Suite 8,Dumalneg,,39517
750,QTI-5334,OEM-5351,456 Elm Avenue,Suite 6,Dunhou,,45243
751,ECZ-6878,HRZ-8451,987 Pine Road,PO Box 50820,Cut-cut Primero,,87765
752,TAS-4106,KQF-3977,456 Elm Avenue,16th Floor,Cangshan,,50019
753,FCA-9663,WJY-1498,123 Main Street,PO Box 77082,Tajimi,,73293
754,ENM-2907,RTX-6217,987 Pine Road,19th Floor,Altenberg bei Linz,Oberösterreich,67630
755,KTT-9169,SYY-5772,123 Main Street,Suite 33,Isesaki,,61704
756,PFQ-3921,LUM-5238,321 Maple Drive,Suite 82,Ojos de Agua,,73467
757,UCU-8885,SLQ-6135,456 Elm Avenue,Apt 1672,Šmartno pri Litiji,,72583
758,EMK-2520,KPM-2337,123 Main Street,Room 1263,Rizhao,,81166
759,XVM-3763,VST-0883,321 Maple Drive,PO Box 7384,Tumbi,,19488
760,MFT-1858,HRF-6110,789 Oak Lane,Room 880,Pubu,,53352
761,HFM-5930,ICU-6531,987 Pine Road,Apt 1987,Dzaoudzi,,64064
762,FVJ-3116,ZTD-8788,987 Pine Road,Suite 32,Néma,,99953
763,LHI-5943,QUK-8002,987 Pine Road,Room 855,Tekes,,60643
764,YQX-4937,YHR-3050,321 Maple Drive,Room 16,Tawangrejo,,80855
765,YSJ-3559,YVH-8218,789 Oak Lane,Room 401,Cikayas,,33365
766,ALV-8111,BRP-6195,123 Main Street,Apt 485,Pan-an,,08946
767,AHB-1095,JAR-8553,123 Main Street,Room 365,Ete,,72974
768,RPE-5581,MCI-3414,456 Elm Avenue,Room 1592,Gravataí,,93349
769,EMN-3976,KJB-8419,987 Pine Road,Suite 43,Jingdezhen,,54404
770,QZQ-3071,SMN-0019,789 Oak Lane,Apt 1482,Burgos,,15301
771,XPJ-4620,UBV-8391,123 Main Street,Suite 45,Hinunangan,,25496
772,ZRY-9056,UZH-1446,321 Maple Drive,Apt 388,Viale,,90154
773,ZYA-2566,SMH-5188,456 Elm Avenue,PO Box 13778,Molodohvardiys’k,,85108
774,GTH-3769,FSF-5443,123 Main Street,PO Box 10808,Guantian,,60855
775,UDE-7052,OJI-3414,987 Pine Road,Apt 1367,Rangpur,,64385
776,ATZ-2873,MPW-1196,123 Main Street,Suite 1,Juncalito Abajo,,50275
777,SKV-3217,IQM-2991,987 Pine Road,Apt 206,Shilovo,,87360
778,GDJ-3553,XHA-7430,123 Main Street,Room 1742,Udachny,,46592
779,DJG-3207,XVH-9921,321 Maple Drive,Apt 570,Qiagai,,96521
780,ONU-2442,QYH-6246,321 Maple Drive,PO Box 65294,Waepana,,21716
781,CWW-6895,MOT-2786,456 Elm Avenue,Room 770,Al Mukallā,,88154
782,VJU-6380,ACQ-0847,123 Main Street,Room 188,Hechun,,00114
783,CYW-4160,LTJ-6886,987 Pine Road,Suite 37,Gubeikou,,57296
784,OXZ-1400,YLQ-3882,789 Oak Lane,Apt 441,Kista,Stockholm,58256
785,IMY-1178,WAA-2850,789 Oak Lane,Apt 988,Longos,,13672
786,NBD-8773,KKI-0266,321 Maple Drive,PO Box 84030,Saint-Lô,Basse-Normandie,42269
787,ZFC-3153,JQI-3791,321 Maple Drive,Apt 1825,Cutral-Có,,88029
788,YCK-3722,FNX-0854,123 Main Street,10th Floor,Syntul,,59174
789,TBY-9084,IYF-5385,321 Maple Drive,Apt 1609,Keputran,,96012
790,CPK-0808,YNB-0770,987 Pine Road,Suite 16,Villasis,,18252
791,EET-2701,KGX-0346,321 Maple Drive,Suite 8,Novais,Viseu,81681
792,DGX-1582,YAP-8649,123 Main Street,PO Box 52940,Leon,Castilla - Leon,08076
793,BDD-1459,HTM-4837,789 Oak Lane,Room 526,Videira,,72021
794,TAQ-6012,IKS-7855,789 Oak Lane,Suite 76,Staraya Toropa,,68728
795,YRD-3222,UDX-6459,123 Main Street,5th Floor,Quỳ Châu,,80369
796,HBN-9582,IRH-7202,456 Elm Avenue,4th Floor,Rennes,Bretagne,17718
797,HUG-5842,RNX-8311,987 Pine Road,PO Box 76749,Arazane,,68382
798,XXX-2498,QTQ-4652,456 Elm Avenue,PO Box 8812,Ibaraki,,88711
799,QVJ-5646,AXX-9001,456 Elm Avenue,6th Floor,Yoro,,99884
800,IQC-7416,NFZ-8910,789 Oak Lane,PO Box 99147,Telnice,,04287
801,PDI-0997,NNV-9069,789 Oak Lane,PO Box 7642,Rostock,Mecklenburg-Vorpommern,22347
802,PMI-9569,RUO-7933,123 Main Street,Room 299,Murmuiža,,99247
803,WEW-4343,FXE-7075,456 Elm Avenue,9th Floor,Kuznechikha,,25902
804,WWT-4287,TWN-7169,123 Main Street,17th Floor,Sājūr,,39559
805,NIK-5806,EAL-3638,456 Elm Avenue,PO Box 66139,Ashiya,,17362
806,LCZ-6189,VRH-8448,789 Oak Lane,14th Floor,Ishikawa,,76416
807,QRX-8785,NZP-9477,789 Oak Lane,Suite 63,San Diego,Mexico,18402
808,NAU-5541,BVJ-6815,123 Main Street,Apt 754,Beaufort,South Carolina,64295
809,PTO-7339,ISU-8020,123 Main Street,15th Floor,Sparwood,British Columbia,08264
810,IXF-6402,MJI-4520,123 Main Street,Apt 1769,Veshnyaki,,85252
811,TLW-5665,OTV-3657,456 Elm Avenue,PO Box 51875,Brylivka,,46440
812,HPM-8225,OPS-4537,123 Main Street,PO Box 38549,Ponte Nova,Porto,12294
813,TYM-8647,VJT-5907,987 Pine Road,PO Box 86980,Soasio,,17751
814,HWU-3021,QKA-3563,987 Pine Road,Suite 12,Quipot,,16931
815,CUP-6565,WHX-6206,456 Elm Avenue,16th Floor,Killarney,Manitoba,46453
816,MTW-2652,BOD-0285,456 Elm Avenue,Apt 1024,Shuangjie,,77499
817,ISN-5077,QBA-1369,456 Elm Avenue,PO Box 63027,Houjie,,21285
818,JMO-8639,BPX-1916,123 Main Street,Room 154,Caucasia,,67990
819,YKW-4372,TCO-2211,456 Elm Avenue,Apt 1848,Araal,,95794
820,GQY-1317,DWS-0474,987 Pine Road,Suite 57,Paseyan,,26897
821,UVT-2051,PLS-1608,789 Oak Lane,Apt 763,La Ensenada,,54831
822,TYG-0616,FOC-2168,789 Oak Lane,Apt 1204,Zarechnyy,,58797
823,AOO-7513,EBQ-9792,987 Pine Road,PO Box 30098,Lizi,,52701
824,BTQ-9293,HKI-2103,321 Maple Drive,1st Floor,Puerto Madryn,,19934
825,ZIF-8826,BCH-4245,456 Elm Avenue,PO Box 19864,Zuru,,04633
826,YYW-2393,FQT-1566,789 Oak Lane,Room 1569,Koktal,,57670
827,ZLF-0694,ZMW-3190,456 Elm Avenue,PO Box 14576,Kálamos,,15602
828,MIB-4391,QCC-8329,789 Oak Lane,PO Box 84710,Al Ghuwayrīyah,,02218
829,YWO-5385,GTT-7039,456 Elm Avenue,PO Box 54162,Emiliano Zapata,Jalisco,89022
830,JMA-9736,HIW-4791,789 Oak Lane,Suite 46,Krasnogorskoye,,14611
831,KIH-8062,TEO-6148,456 Elm Avenue,4th Floor,Santana,,15106
832,JZK-2605,ROM-4112,321 Maple Drive,Suite 100,Qarqīn,,07858
833,JGV-8851,VCB-3303,123 Main Street,Apt 1789,Wuda,,15932
834,HCK-3638,RED-3763,456 Elm Avenue,Room 1313,Shihudang,,49696
835,OLH-7322,ODA-7106,321 Maple Drive,Room 506,Szeged,Csongrád,86846
836,USU-4215,BWM-7659,987 Pine Road,18th Floor,Wakkanai,,51658
837,JCA-5738,LRT-5934,123 Main Street,Apt 1041,Jinghai,,99421
838,GMF-2061,DGA-1407,456 Elm Avenue,Apt 929,Jiaowei,,40843
839,BMV-5600,YGW-3523,456 Elm Avenue,Suite 2,Biyan,,64570
840,XKN-1253,YBA-5051,789 Oak Lane,Room 1219,Xugu,,09307
841,OVW-2431,TMI-9250,123 Main Street,8th Floor,Yazykovo,,18601
842,TPX-2284,AQE-3834,321 Maple Drive,Room 271,Kebonkalapa,,91839
843,TCM-6743,KDC-8657,123 Main Street,Apt 101,Jilili,,48891
844,SZL-8646,GVW-2134,789 Oak Lane,PO Box 86183,Fengyi,,88164
845,YQM-3782,EXY-5867,321 Maple Drive,Suite 97,Weicheng,,80044
846,WTV-6396,GSV-9451,456 Elm Avenue,PO Box 3684,Brloh,,07057
847,TKU-4433,XCE-2796,456 Elm Avenue,Suite 63,Huangxi,,65647
848,ZMD-6452,HRN-6624,321 Maple Drive,Apt 859,Klippan,Skåne,70152
849,UQJ-4901,QQQ-8391,123 Main Street,Apt 1546,Marinha,Leiria,00767
850,ETH-7643,HFB-5581,123 Main Street,Apt 49,Sumalig,,08832
851,YKY-2669,NIS-1117,789 Oak Lane,10th Floor,New Leyte,,61809
852,FTK-5345,DXN-2740,456 Elm Avenue,18th Floor,Caobi,,89444
853,RBY-9739,PSM-1970,123 Main Street,Room 1271,Hedong,,80984
854,TYQ-9178,JHL-2567,321 Maple Drive,Room 1682,Loures,Lisboa,18919
855,MEA-5487,UZC-3144,987 Pine Road,Suite 38,Kazanskaya,,75306
856,RXW-0999,HIY-6139,789 Oak Lane,Apt 562,Bagansiapiapi,,95467
857,RLJ-8819,YKC-4786,123 Main Street,Apt 736,Uitiuhtuan,,70112
858,AJP-2187,ETG-8810,321 Maple Drive,PO Box 26431,Lieyu,,62593
859,BAC-8331,EHE-9170,456 Elm Avenue,Apt 162,Jeseník,,37986
860,PUI-5179,SPN-9852,789 Oak Lane,PO Box 8467,Liudu,,18125
861,IYG-3894,GRX-6572,789 Oak Lane,Apt 1280,Ananindeua,,06194
862,QPC-9143,ZRU-8273,987 Pine Road,Suite 9,Gorodishche,,74502
863,GRU-9931,HGF-0430,789 Oak Lane,PO Box 61450,Michałowo,,71205
864,LDZ-2730,IWT-2239,789 Oak Lane,Apt 1929,Dachun,,20476
865,VSU-2995,BCD-5091,321 Maple Drive,18th Floor,Jarash,,46600
866,ZRS-8504,BHJ-6438,321 Maple Drive,Suite 44,Sang-e Chārak,,84629
867,HZN-5836,PDT-0821,321 Maple Drive,Suite 74,Río de Jesús,,45661
868,XPN-2987,CNS-3158,321 Maple Drive,Room 149,Abraham’s Bay,,64046
869,IQQ-2549,KQE-1311,123 Main Street,Room 1645,Acarí,,35615
870,ARH-1632,YEF-6588,789 Oak Lane,16th Floor,Xianzong,,47181
871,TLB-9021,GBF-7024,321 Maple Drive,6th Floor,Panikian,,00582
872,YUB-7909,EDZ-1716,321 Maple Drive,PO Box 5424,Không,,05103
873,QJJ-7401,WXG-5607,321 Maple Drive,Suite 38,Santa Lucia,,82306
874,KDA-1353,FGO-2127,987 Pine Road,Suite 76,Xiaojiezi,,25628
875,QBY-2836,SQA-7473,123 Main Street,Room 61,Sanhui,,86360
876,XSE-3138,UED-9138,321 Maple Drive,Suite 49,Jadho,,85944
877,NCT-8905,SCY-4293,321 Maple Drive,20th Floor,Babakan,,13079
878,ETR-9694,VMZ-0135,987 Pine Road,PO Box 13756,Pantalowice,,47261
879,ACG-5904,DEC-9318,789 Oak Lane,PO Box 84863,Yaojiaji,,69259
880,ZYF-3640,KCB-7416,789 Oak Lane,20th Floor,Shahe,,03421
881,ULW-5644,XEH-4499,123 Main Street,Suite 47,Neẖalim,,58608
882,ALI-3406,PTY-5675,987 Pine Road,Apt 1839,Shuanggang,,12911
883,NAK-4192,JWS-8297,321 Maple Drive,Apt 250,Karukh,,99818
884,USL-2384,UOO-7735,987 Pine Road,Apt 701,Kamwenge,,75596
885,WVC-7881,MKJ-3426,456 Elm Avenue,PO Box 16807,Terezín,,74922
886,PMD-8333,HVP-3838,123 Main Street,Suite 70,Longtan,,64816
887,ZEQ-0732,NCO-4460,456 Elm Avenue,Suite 67,Nagrak,,61440
888,SKW-1793,MZW-7669,789 Oak Lane,Apt 700,Jinan,,84504
889,MFG-5936,QKR-2089,123 Main Street,Apt 738,Mercier,Québec,47637
890,MKO-5429,MVQ-1658,321 Maple Drive,Suite 39,Nanqiao,,75497
891,JFV-4789,NAS-2470,321 Maple Drive,PO Box 16952,Dacun,,60300
892,TTB-3641,ZCW-2844,987 Pine Road,13th Floor,Dongyuan,,43990
893,NLW-5758,UCZ-6818,123 Main Street,11th Floor,Nyanga,,42723
894,AQH-1878,UCW-6678,321 Maple Drive,PO Box 55389,Sentul,,48930
895,ZIT-3684,NQI-3787,456 Elm Avenue,10th Floor,Maliang,,30644
896,OGF-3292,YRS-5570,987 Pine Road,Apt 376,Haninge,Stockholm,99485
897,JSA-9539,OJN-2025,987 Pine Road,PO Box 93301,Aragarças,,71252
898,XAH-8253,LRR-5661,987 Pine Road,PO Box 84057,Rancakuya,,39515
899,MIU-4351,KXS-7295,987 Pine Road,Apt 618,Pashkovskiy,,67139
900,KGX-0103,TRI-6454,987 Pine Road,PO Box 85982,Sanok,,57286
901,LTA-4778,VUP-9170,123 Main Street,Apt 1967,Jindong,,17099
902,QQP-3605,VMK-8179,789 Oak Lane,Room 1045,Waajid,,54478
903,UVP-5222,NUF-2370,123 Main Street,Apt 1713,Baiyang,,86790
904,OQV-7531,UBG-4582,987 Pine Road,Apt 1889,Helsingborg,Skåne,35407
905,BIQ-2851,CZJ-1702,123 Main Street,8th Floor,Lantian,,72881
906,KJI-8793,CII-9091,123 Main Street,15th Floor,Huangguan,,62151
907,AHR-1024,SJG-2279,987 Pine Road,PO Box 69779,Degan,,60401
908,ZPC-1074,EHW-1261,123 Main Street,Room 768,Aguadulce,,40260
909,NDH-6290,IKG-3714,987 Pine Road,5th Floor,Kayl,,16784
910,YMN-6993,WFW-6690,321 Maple Drive,Suite 28,Tall Abyaḑ,,03925
911,RCO-8608,MMW-7232,321 Maple Drive,Room 1465,Sarimukti Kaler,,56285
912,KMZ-7894,INI-3503,321 Maple Drive,9th Floor,General Viamonte,,33554
913,DYG-5500,LIF-7482,123 Main Street,19th Floor,Mocun,,56121
914,TCS-3791,VBO-0468,456 Elm Avenue,2nd Floor,Haibara,,84282
915,RPK-1184,SBC-3737,987 Pine Road,11th Floor,Saint-Étienne-du-Rouvray,Haute-Normandie,72023
916,JVY-4621,KDE-4923,789 Oak Lane,Room 858,Ganjiang,,08651
917,OPT-8219,LXS-3353,789 Oak Lane,Suite 83,Ipoh,Perak,74242
918,PJU-5639,IIE-6137,321 Maple Drive,PO Box 54107,Vysokogornyy,,34052
919,SDJ-8821,MXO-7779,321 Maple Drive,13th Floor,‘Afula ‘Illit,,50400
920,MUQ-5163,TSZ-7955,987 Pine Road,Suite 78,Driefontein,,67615
921,WKG-6862,YLU-1562,123 Main Street,Apt 1987,Sámara,,74311
922,MFA-0084,ESS-1369,456 Elm Avenue,Suite 87,Bol’shaya Setun’,,78537
923,UTA-3199,GII-8675,321 Maple Drive,Apt 404,Mbandaka,,33345
924,JRP-0800,FCV-7231,456 Elm Avenue,Room 978,Banghai,,68715
925,IFV-0852,DER-1841,123 Main Street,PO Box 35312,Ron Phibun,,11747
926,KNM-8910,GYC-6028,321 Maple Drive,Apt 1029,Orenburg,,71417
927,NMS-6993,XYM-7661,987 Pine Road,PO Box 54571,Uthai Thani,,93628
928,TGV-5513,CZW-0725,456 Elm Avenue,Suite 28,Kanoya,,90698
929,NWN-1397,ZXZ-1601,456 Elm Avenue,PO Box 81234,Rates,Porto,44314
930,ZDJ-4856,XLT-0668,456 Elm Avenue,Suite 81,Shūsh,,49238
931,ZUM-8195,PRL-1684,789 Oak Lane,Suite 34,Tomaszów Lubelski,,50782
932,BSE-2316,KQQ-0751,123 Main Street,5th Floor,Bishan,,23681
933,LED-9112,VVG-6437,321 Maple Drive,PO Box 88788,Ketanggungan,,87369
934,YFA-3396,EXR-7888,789 Oak Lane,16th Floor,Mainz,Rheinland-Pfalz,82579
935,POI-1377,YQW-6691,789 Oak Lane,Apt 1034,Shaoxing,,16763
936,SWR-8827,EVF-3894,789 Oak Lane,1st Floor,Tha Maka,,63699
937,VOB-0773,KJY-6505,321 Maple Drive,Room 718,Maswarah,,91491
938,AWQ-3266,JCR-1963,456 Elm Avenue,Room 779,Seremban,Negeri Sembilan,35779
939,XJV-0812,WTC-4262,987 Pine Road,Suite 94,Smolyan,,20691
940,QSQ-0448,LZM-0219,456 Elm Avenue,PO Box 41415,Rutul,,68601
941,NNB-7832,KLC-3771,321 Maple Drive,Apt 192,Gornyy,,01811
942,KGB-1918,GUS-4862,456 Elm Avenue,Apt 37,Krasnodon,,58487
943,AZH-6072,RRY-3803,123 Main Street,2nd Floor,São Joaquim da Barra,,49883
944,TJL-2369,YTJ-4026,456 Elm Avenue,PO Box 17805,Gravelbourg,Saskatchewan,17780
945,RPF-7731,CBM-4006,456 Elm Avenue,19th Floor,Prosperous,,57001
946,PEU-1534,FLC-7143,987 Pine Road,PO Box 83435,Canaman,,80680
947,QDS-3986,BMF-2343,987 Pine Road,PO Box 45708,Neepawa,Manitoba,70399
948,RJR-4170,KKB-7863,123 Main Street,Apt 1006,Andalan,,06426
949,TYL-9161,GQX-0464,789 Oak Lane,Room 891,Pedro Carbo,,94791
950,IDS-6646,AJX-3499,987 Pine Road,PO Box 87112,Lianhe,,54377
951,LLG-0981,QQI-4391,123 Main Street,PO Box 44301,Caridade,Évora,41377
952,ELV-7514,KIL-9392,321 Maple Drive,PO Box 93335,Oslo,Oslo,64415
953,EHR-4359,XCE-4919,321 Maple Drive,Suite 88,Březová,,22556
954,HLA-3176,EPY-2530,987 Pine Road,Apt 1425,Huangshi,,74074
955,LUR-4637,HLI-3809,456 Elm Avenue,Apt 1822,Ibabang Tayuman,,01203
956,EIQ-7372,CXW-8521,123 Main Street,Apt 151,Poncokusumo,,76807
957,CBM-5751,GII-2874,987 Pine Road,Apt 241,Indulang,,69094
958,ONR-3526,OYD-1784,123 Main Street,PO Box 92771,Holboo,,85372
959,PSG-1435,IDJ-1432,123 Main Street,9th Floor,Moussoro,,11775
960,BYG-4315,MWY-5231,456 Elm Avenue,11th Floor,Berkovitsa,,25396
961,MCA-5470,IXW-2108,321 Maple Drive,Apt 323,Niagara Falls,Ontario,36293
962,SOA-3589,LLJ-9105,123 Main Street,13th Floor,Wilwerwiltz,,90722
963,LRK-4867,NFD-2441,123 Main Street,Apt 279,Kan’onjichō,,75895
964,MGM-0142,RBF-3308,456 Elm Avenue,14th Floor,Noling,,21058
965,ZXB-1892,ATE-7613,987 Pine Road,Room 870,Bamusso,,53399
966,AKD-3635,NJO-8651,321 Maple Drive,Apt 1599,Simunul,,67033
967,GBA-2695,GLU-9002,789 Oak Lane,Suite 99,Machico,Ilha da Madeira,09978
968,YWW-6730,MCM-0141,987 Pine Road,9th Floor,Huaishu,,21032
969,BZV-8147,WZG-9667,123 Main Street,2nd Floor,Temeke,,37142
970,GHQ-0608,KOD-0930,789 Oak Lane,PO Box 71194,Mutum,,96825
971,BEY-7362,AGT-8391,987 Pine Road,Suite 15,Gunajaya,,02386
972,BGK-2053,RJK-0350,123 Main Street,Suite 2,Eksjö,Jönköping,54492
973,UUY-3559,DOR-3679,987 Pine Road,PO Box 84687,Bajingzi,,92538
974,XLU-0224,TZE-2265,987 Pine Road,PO Box 11949,Fenais da Ajuda,Ilha de São Miguel,51599
975,RWT-5643,WDH-4406,321 Maple Drive,PO Box 21209,Kungsbacka,Halland,31506
976,YQZ-0367,WIX-6898,123 Main Street,Apt 686,La Libertad,,98151
977,WNN-7605,IMT-8724,456 Elm Avenue,19th Floor,Mersam,,92614
978,MNQ-1542,DAA-6461,123 Main Street,Suite 36,Azenhas do Mar,Lisboa,26420
979,TRC-9977,KKQ-9684,789 Oak Lane,Suite 2,Quba,,94026
980,ZPM-8173,VST-8327,123 Main Street,Room 153,Lleida,Cataluna,99428
981,CZU-6948,SQD-4852,456 Elm Avenue,Suite 80,Shanglian,,54777
982,VQV-9787,OYT-8011,123 Main Street,Apt 338,Teresina,,96446
983,CUG-4189,XPJ-5525,789 Oak Lane,Suite 12,Aborlan,,94688
984,UXU-5951,SBI-5839,987 Pine Road,Suite 90,Brodnica,,95310
985,OVF-6250,IMH-8413,987 Pine Road,Room 1915,Paico,,91946
986,ERO-3807,VKQ-2094,456 Elm Avenue,9th Floor,São Pedro de Trafaria,Setúbal,29184
987,AGX-6295,QLF-0708,987 Pine Road,Suite 66,Awilega,,50363
988,WUA-5954,ZAY-3652,123 Main Street,Apt 1048,Pangascasan,,08722
989,DGS-7242,JSR-5381,123 Main Street,Suite 27,Gornji Milanovac,,67881
990,ETG-9260,IZK-4215,123 Main Street,Room 1821,Destrnik,,11180
991,BLZ-8486,NXN-5853,321 Maple Drive,Suite 59,Sosnogorsk,,75334
992,ORI-5698,JFI-9723,456 Elm Avenue,Suite 98,Jardinópolis,,17163
993,WHT-8552,CZT-8254,789 Oak Lane,Apt 772,Shuiying,,65841
994,ZMP-6627,VQL-0766,456 Elm Avenue,Room 1135,La Jagua de Ibirico,,69945
995,RRS-9839,GNG-4517,987 Pine Road,Room 1963,Augusta,Georgia,40266
996,VYM-6116,EZE-7654,321 Maple Drive,Apt 491,Xufeng,,71579
997,AJB-6696,EWF-3289,456 Elm Avenue,Apt 1877,Changma,,17177
998,DQV-6366,OHY-7383,789 Oak Lane,PO Box 29096,Tiko,,48215
999,QGR-0757,MKL-9033,123 Main Street,PO Box 96285,Plessisville,Québec,28176
1000,LFN-7271,GMA-9446,987 Pine Road,PO Box 49994,Tianjiazhuang,,95583
