Customer_id,CusFirstName,CusLastName,CusMiddleInitial,CusDOB,Gender,SSN_TIN
1,Briano,MacNeice,L,9/24/1969,Male,338-02-2249
2,Berk,Wiltsher,A,2/3/1991,Male,382-64-8504
3,Perri,Monnelly,R,12/30/1987,Female,326-84-5580
4,Sherye,Bruggeman,U,6/21/1987,Female,167-86-8522
5,Marillin,Attock,P,12/13/2000,Female,296-14-7489
6,Lonnie,Ledamun,W,1/20/1985,Male,651-70-6601
7,Auguste,MacSwayde,T,7/9/1963,Polygender,555-41-9715
8,Coretta,Conrad,Y,2/27/2003,Bigender,113-84-3740
9,Shaylynn,Tuxill,X,12/26/2000,Female,359-01-1348
10,Olly,Carlino,I,8/9/1987,Female,677-96-6733
11,Aloysius,Maddigan,Q,9/17/1961,Male,603-70-2849
12,Petr,Bisley,Q,9/7/1968,Male,120-83-0992
13,Barnett,Bickell,R,9/2/1998,Male,314-18-9270
14,Lynde,Boyington,S,8/2/1989,Female,160-99-6826
15,Bonny,Sparkwill,K,12/8/1963,Female,306-14-3032
16,Jade,Brandham,E,7/20/1997,Female,726-43-9186
17,Duky,Benzies,Y,8/11/1980,Male,684-78-1487
18,Fayina,Endrizzi,H,4/19/1995,Female,567-51-2431
19,Dionysus,Hancill,W,6/1/2002,Male,372-89-1051
20,Moishe,Barczewski,J,10/17/1960,Male,759-90-1548
21,Dulsea,McCart,T,11/7/1988,Non-binary,169-02-2408
22,Stanfield,Atcherley,Y,12/1/2000,Male,441-82-2397
23,Clarine,Benson,J,2/26/1963,Female,110-83-6510
24,Dori,Pullen,Z,11/28/1993,Female,447-92-6098
25,Susi,Kirmond,U,3/8/1997,Female,865-48-7026
26,Fara,Dowry,K,11/6/1976,Female,580-26-3304
27,Cathee,Rulf,Q,6/13/1960,Polygender,131-48-5243
28,Reiko,Kingsford,D,6/21/1992,Female,410-67-2313
29,Kaiser,Hymas,C,4/8/1989,Male,896-38-0067
30,Benyamin,Perago,B,8/14/1998,Male,813-14-0941
31,Ophelie,Foale,D,12/14/1972,Female,338-24-6533
32,Rosene,Kinton,B,6/3/1984,Female,787-89-6649
33,Elsy,Arsmith,L,2/3/1993,Female,661-11-1728
34,Flint,Ferroni,F,1/20/1969,Male,490-61-9359
35,Herc,Rubert,N,12/23/1985,Male,268-37-9692
36,Gerrilee,Woodyear,U,1/26/1968,Female,584-55-0481
37,Arnuad,Fetherby,T,10/27/1988,Genderqueer,222-31-3276
38,Tristan,Caston,G,6/27/1968,Male,897-38-3646
39,Delora,Pogg,N,6/27/1971,Agender,622-62-7989
40,Smitty,Trayte,R,10/27/1982,Male,161-29-3614
41,Debi,Ruffy,R,4/3/1964,Female,624-32-7383
42,Waylan,Goodsir,V,5/11/2002,Male,842-57-4556
43,Emlen,Bocken,B,2/23/1964,Male,351-04-2262
44,Robbin,Burberye,W,3/14/1982,Female,358-40-1789
45,Alair,Goodoune,C,10/27/2004,Male,272-22-2310
46,Melvyn,Hunnam,Y,4/30/1963,Male,139-41-9506
47,Luelle,Jacox,J,1/17/2003,Female,350-23-5117
48,Kerrin,Synnott,G,2/9/1985,Female,721-17-3352
49,Forbes,Durdle,P,9/30/1961,Male,218-79-5039
50,Nertie,Havard,V,8/12/1970,Female,473-50-6397
51,Gaile,Shelmerdine,B,11/26/1965,Male,805-22-4592
52,Eulalie,Wenderott,H,7/18/1977,Female,381-66-6341
53,Benedetta,Domke,J,10/7/1975,Female,358-65-4076
54,Lorne,Newling,X,3/26/1982,Female,267-01-9754
55,Latrina,Pitkin,D,2/13/1992,Genderfluid,335-93-1792
56,Abner,Boarleyson,X,6/21/1967,Male,730-34-8259
57,Jaye,Katt,O,11/3/1967,Male,320-78-0927
58,Faustine,Philimore,D,8/12/1997,Genderfluid,597-60-2106
59,Kippar,Grimbleby,Q,4/8/1973,Male,116-93-1646
60,Clarisse,Rate,G,12/21/1985,Female,414-94-2575
61,Kakalina,Rolston,F,6/6/1969,Female,331-90-6396
62,Odie,De Domenico,X,10/1/1961,Male,516-97-3759
63,Nari,Cast,X,11/9/1989,Female,604-74-3176
64,Alanah,McBeth,B,5/16/1968,Female,649-03-9621
65,Electra,Oleszczak,L,1/8/2003,Female,111-19-5936
66,Bertrand,Guppey,K,1/5/2002,Bigender,776-81-8487
67,Glenden,Kehoe,Y,6/15/1999,Male,589-17-0527
68,Martainn,Cheeld,P,7/12/2003,Male,191-93-1510
69,Blaire,Byrth,H,10/19/2000,Female,432-95-8750
70,Andreas,Callander,S,10/6/1961,Male,582-40-6734
71,Lennard,Windus,Q,7/8/2004,Male,290-11-6155
72,Feliks,Ewer,B,10/7/1979,Male,439-63-6887
73,Herrick,Titlow,J,2/3/1964,Male,465-30-7890
74,Rick,Gosden,K,5/12/1969,Male,659-25-6615
75,Virgil,Brandts,O,5/23/1965,Male,355-06-3825
76,Carny,Gallamore,G,9/22/1982,Male,137-66-9298
77,Guillaume,Deverock,H,4/6/1982,Bigender,252-38-6043
78,Tamera,Charlewood,T,9/12/1990,Female,460-80-4557
79,Elston,Fenne,J,4/6/1973,Male,406-89-6984
80,Kaye,Probat,A,1/29/1980,Female,195-76-8918
81,Christoph,Tapson,C,11/30/1980,Male,508-76-2585
82,Mal,McQuie,I,6/30/1980,Male,373-44-5429
83,Eileen,Kasher,S,12/8/1960,Female,390-98-6375
84,Leicester,Guye,D,6/9/1966,Male,817-06-6821
85,Benoite,Ierland,C,12/14/1967,Female,258-28-6375
86,Rudolfo,Choules,M,3/24/1983,Male,747-04-8075
87,Mufi,Donegan,J,12/24/1963,Female,524-42-7981
88,Randee,Clemenzi,W,4/28/1964,Female,689-08-2004
89,Lisabeth,Jeremiah,K,9/20/1985,Female,173-53-1049
90,Dionisio,MacCheyne,R,12/2/1970,Male,677-34-0060
91,Indira,Marsay,G,6/4/1983,Female,159-40-6123
92,Ema,Flisher,Y,9/27/1980,Female,547-90-5131
93,Halli,Simione,C,11/9/1981,Female,610-42-8542
94,Brock,Kemetz,X,2/9/1982,Male,886-28-0039
95,Maye,Demare,W,1/11/1960,Female,258-03-4515
96,Jeremiah,Boughton,X,5/21/1971,Male,232-71-2459
97,Gwyneth,Wooderson,X,2/3/1972,Female,568-23-7137
98,Justin,Le Merchant,O,8/21/1981,Male,684-03-3336
99,Ryann,Luff,Q,8/30/1980,Female,749-12-8042
100,Julie,Metherell,B,12/12/1970,Female,603-79-5088
101,Brier,Wallis,P,10/3/1976,Female,132-45-3148
102,Rory,Adamson,I,12/23/2002,Female,489-34-3684
103,Kane,Masser,F,6/30/1977,Male,891-94-1557
104,Marleah,Hatt,O,3/26/1994,Female,146-16-7733
105,Lawton,Sargeaunt,F,5/5/1994,Non-binary,116-38-4265
106,Arleta,Lavin,T,5/29/1985,Female,602-44-3307
107,Violante,Fritschel,C,5/16/1972,Female,758-30-7625
108,Jennine,Glauber,L,2/17/1997,Female,516-57-9005
109,Augy,Lehmann,M,4/26/1981,Polygender,810-83-5715
110,Michelle,Bonnavant,R,10/29/1980,Female,594-71-8102
111,Leigh,Orris,V,10/16/1973,Female,672-33-2878
112,Arny,Yvon,N,3/19/1986,Male,620-96-8571
113,Cobby,Bosward,C,5/22/1972,Male,286-33-6303
114,Fredrika,Whiteson,H,4/20/2002,Female,505-46-6636
115,Hazel,Novkovic,G,9/30/1976,Genderfluid,135-89-4440
116,Paquito,Bulstrode,U,6/6/1978,Male,235-99-2126
117,Gray,Haxley,I,3/25/1995,Genderfluid,737-98-5474
118,Gwyneth,Hague,W,3/4/1964,Female,373-67-8648
119,Allayne,McMechan,S,8/31/1960,Male,456-92-7234
120,Sidonia,Woodhall,M,5/9/1980,Female,303-28-8251
121,Mattias,Fontel,E,4/2/1983,Male,634-36-3861
122,Ardyce,Girling,I,12/3/1961,Female,204-03-5913
123,Monro,Rosenkrantz,O,7/19/1962,Male,247-29-9827
124,Thedrick,Malling,M,11/5/1999,Male,635-55-9912
125,Emylee,Rawle,R,11/14/1993,Non-binary,509-77-0363
126,Dionysus,McCallum,N,12/22/1984,Male,159-56-5956
127,Juliane,Gillbey,P,6/15/1974,Female,239-36-4865
128,Carol-jean,Coweuppe,I,9/27/1978,Female,554-54-4522
129,Brittany,MacDermand,U,5/18/1974,Female,874-46-6055
130,Carmel,Loudon,Q,12/31/1979,Female,188-78-5068
131,Scotti,Boyton,D,10/31/1998,Male,522-67-3687
132,Lorin,Kerner,E,1/2/1978,Genderqueer,569-37-9119
133,Hendrika,Ockland,O,12/18/1962,Female,697-68-7592
134,Carla,Culbard,N,5/16/1986,Female,844-26-1709
135,Ogdon,Fillgate,D,10/6/1979,Male,278-20-7454
136,Olag,Woolsey,R,11/11/1968,Male,655-37-4781
137,Ferdie,Osband,H,12/22/1974,Male,891-01-6556
138,Fraser,McCritichie,H,1/12/1974,Bigender,703-39-5173
139,Judd,Simonich,H,7/7/1961,Male,265-21-7090
140,Dianemarie,Skyrme,W,10/21/2001,Female,234-56-7887
141,Cindy,d'Escoffier,F,8/8/1962,Female,512-54-2746
142,Had,Herkess,K,6/7/1968,Male,339-42-3505
143,Maudie,Sellers,F,7/12/1985,Female,474-48-2164
144,Leroy,Flahy,V,10/14/1998,Male,884-26-9299
145,Werner,Naylor,H,3/13/1999,Male,424-56-3648
146,Lira,Heiner,G,8/17/1991,Female,755-26-6793
147,Selina,Fabler,P,7/3/1961,Female,389-98-7672
148,Jeannine,Etter,Z,1/7/1986,Female,489-45-5101
149,Alden,Ramlot,T,7/15/1987,Male,509-74-7362
150,Arne,Maharey,K,5/7/1990,Male,698-27-1395
151,Angelina,Maevela,O,11/18/1985,Female,592-05-5233
152,Allegra,Hurndall,O,11/23/2002,Non-binary,699-48-6161
153,Free,Drohun,Q,9/30/1979,Male,757-16-9300
154,Veronique,Sarre,T,9/9/1992,Female,619-90-6603
155,Yard,Denisovich,P,8/25/1986,Male,789-79-5875
156,Dela,Coultard,G,4/9/1966,Female,456-72-1369
157,Cherianne,Kernley,I,12/7/1976,Female,151-88-6329
158,Avigdor,de Courcey,H,3/30/1977,Male,243-08-1588
159,Flynn,Kenzie,E,6/25/1992,Male,657-56-6206
160,Moselle,Rawlcliffe,K,8/22/1969,Female,847-33-7672
161,Bree,Lammin,J,3/4/1988,Polygender,664-54-3679
162,Chet,Di Biasi,Z,5/3/1961,Male,794-50-4876
163,Farah,Dauber,L,3/30/2003,Female,395-83-7211
164,Collin,Dauber,T,8/30/1987,Male,253-56-1596
165,Junette,Clericoates,U,7/8/2002,Female,508-12-2720
166,Jermayne,Chatell,L,2/9/1969,Male,790-62-6526
167,Hubey,Kovnot,L,7/8/2001,Male,130-43-2836
168,Corina,Dinzey,B,8/13/1989,Female,530-90-2020
169,Lorry,Kenningley,B,7/20/1991,Male,610-73-1021
170,Gerianne,Close,X,7/19/1986,Female,275-19-7666
171,Bronson,Chrismas,A,6/8/1966,Male,845-02-5614
172,Zaria,Feedome,K,7/9/1997,Female,121-77-2862
173,Harri,Alenichev,A,8/21/1991,Female,370-61-4335
174,Karoly,McGavin,N,9/7/1973,Female,197-98-0870
175,Rollie,Preston,B,8/30/1976,Male,723-52-3769
176,Myrta,Rummin,P,1/22/1995,Female,270-97-5195
177,Grethel,Rivelon,H,6/24/1962,Female,286-32-7416
178,Amby,Mesant,T,5/23/1984,Male,311-45-5645
179,Tye,Spencers,V,2/21/1994,Male,583-69-2907
180,Thorin,Littlepage,Y,12/4/1983,Male,625-62-8589
181,Ashly,Lejeune,Z,2/5/1976,Female,510-98-3567
182,Wenda,Phlippsen,F,12/18/2002,Female,189-91-7029
183,Cynde,Capron,P,4/22/2003,Female,531-74-4327
184,Errick,Speers,A,2/21/1995,Polygender,452-10-5143
185,Selinda,Blackwood,J,9/15/1984,Female,405-69-3961
186,Jacquette,Duffer,Y,6/17/1964,Female,110-03-7998
187,Werner,Reeks,N,5/16/1972,Male,330-50-8597
188,Rudie,Shaxby,J,9/23/1962,Male,700-48-5243
189,Brena,Adam,P,6/3/1996,Female,591-45-0341
190,Jesse,Mc Meekin,U,12/28/2001,Female,295-23-6284
191,Laurena,Liddard,A,10/3/1967,Female,434-54-1629
192,Nana,Corden,D,4/17/1976,Female,164-78-4203
193,Alden,Malitrott,U,9/30/1973,Male,765-73-3734
194,Jessy,Blune,H,6/29/1966,Female,376-86-5972
195,Fidela,Wasiel,I,2/24/1981,Female,625-48-8336
196,Sara,Lettice,C,4/23/1972,Female,206-59-9824
197,Tomkin,Gother,Z,4/23/1967,Male,709-55-6329
198,Ugo,Lamprey,N,8/6/1980,Male,664-20-7106
199,Barnabe,Cordeau],S,9/6/1989,Male,752-91-9077
200,Ramsey,Ovenell,J,8/26/1975,Male,143-21-6761
201,Kore,Ollerton,L,1/29/1986,Female,604-01-9639
202,Amata,Treacy,O,12/24/2002,Female,857-33-0740
203,Bertrando,Ilchenko,P,10/23/2002,Polygender,335-81-6665
204,Saunder,Kruschov,X,10/7/2001,Bigender,465-82-8945
205,Whitby,Ferreri,J,3/2/1980,Male,212-96-8726
206,Percival,Tomaselli,Z,11/6/1964,Male,347-57-8352
207,Abbott,Lark,I,9/13/1964,Male,280-21-8073
208,Waylon,Marquess,J,6/23/1987,Male,236-07-4625
209,Fred,Jancic,I,12/20/1975,Agender,217-69-7062
210,Emmye,Scantlebury,B,11/15/2001,Female,449-40-0942
211,Edgardo,Anan,G,10/14/1976,Male,152-71-8141
212,Thomasine,McVeigh,V,8/25/1971,Female,844-09-8021
213,Jules,Fifoot,R,3/5/1961,Male,361-71-0094
214,Raffarty,Meatyard,F,4/27/1983,Male,600-21-5590
215,Winna,Kinze,K,6/24/1974,Female,801-38-3152
216,Scot,Peert,T,1/1/1986,Male,485-98-1008
217,Stephen,Paull,G,6/9/2001,Male,455-98-4590
218,Kessiah,Cappell,M,10/29/1971,Female,703-03-8979
219,Merv,Gilbank,K,10/4/1966,Male,624-77-7056
220,Tadeo,Snow,A,7/13/2002,Male,519-91-9908
221,Woodrow,Bucksey,B,9/12/1970,Male,755-81-6101
222,Brandon,Faux,A,7/9/1988,Male,183-88-0367
223,Enoch,Ledley,X,4/12/2001,Male,549-25-2221
224,Tucker,Grundon,T,6/26/1967,Male,297-99-6669
225,Odell,Fountain,U,5/8/1977,Male,359-94-9573
226,Emylee,Wrate,E,7/6/1987,Female,664-63-2469
227,Thor,Eirwin,X,6/21/2002,Male,718-60-0782
228,Olivie,Metschke,Z,1/15/2004,Female,161-68-7843
229,Benedick,Medford,Q,6/25/1987,Male,456-71-1756
230,Rori,Blood,A,5/14/1964,Female,181-96-1376
231,Denis,Cosgrove,H,3/5/1971,Male,702-96-4486
232,Brandyn,Capitano,D,9/21/1962,Male,518-05-6496
233,Even,Hussey,O,5/15/1986,Male,526-39-9512
234,Patsy,Sparkwell,S,10/4/1983,Male,670-45-2179
235,Vonnie,Keam,I,3/31/1974,Female,850-99-0254
236,Johnnie,Frankom,Y,7/31/2001,Male,349-71-6776
237,Joey,Dabourne,D,11/6/1986,Male,643-83-2107
238,Donn,Ziehm,V,3/21/1972,Male,128-30-1651
239,Hulda,Bontoft,M,8/17/1963,Female,735-10-5430
240,Archaimbaud,Musgrave,P,9/20/1961,Male,660-15-2548
241,Meg,Babbidge,X,4/11/1974,Female,202-29-6945
242,Royal,Doret,B,1/1/1991,Male,595-15-3612
243,Jolene,Seary,G,9/3/1994,Female,278-71-2592
244,Shanan,Segoe,Y,8/4/1989,Male,237-80-6364
245,Thomasin,Cattlow,S,3/27/1983,Female,548-07-8497
246,Merrielle,Hendriks,S,6/29/1992,Female,888-55-3550
247,Skipton,Gye,W,12/5/1987,Male,293-11-4766
248,Andeee,Rickword,T,9/9/1973,Female,269-84-9065
249,Lorilyn,Gostyke,C,8/13/1967,Female,863-88-1017
250,Durward,Phethean,N,2/22/1992,Polygender,449-91-9978
251,Pren,Ashworth,L,8/8/1979,Male,214-23-7154
252,Dody,Trenchard,X,3/25/2001,Genderfluid,271-95-4308
253,Fairleigh,Brise,Z,2/5/1961,Male,269-77-2841
254,De witt,Margram,A,10/3/1976,Male,685-10-5147
255,Web,Perryn,O,7/25/1992,Male,628-54-2132
256,Joy,Rozsa,X,12/2/1966,Female,496-17-6492
257,Sallyanne,Caldwall,C,8/27/1997,Female,295-36-0563
258,Jarrett,Lansly,F,7/2/1983,Male,352-72-7219
259,Uriel,Bigglestone,D,12/26/1989,Male,780-59-8764
260,Darell,Van der Krui,W,9/14/1960,Female,627-56-8907
261,Nada,Sprules,P,8/14/1995,Female,259-02-7788
262,Benjy,Mason,K,12/5/1965,Male,754-40-3154
263,Ryan,Dussy,Z,9/14/1960,Non-binary,769-95-4092
264,Piggy,Kincla,A,12/24/1979,Male,565-37-4754
265,Clemmie,Poulson,X,9/15/1980,Female,731-21-3594
266,Gerek,Stickford,Z,1/7/1961,Male,154-56-4193
267,Dita,Wyburn,Q,4/30/2003,Female,786-28-8961
268,Annecorinne,Franken,I,8/5/1964,Female,526-34-8666
269,Rosie,Featherbie,N,3/28/1995,Female,776-36-6265
270,Kev,Piatto,Q,9/27/1992,Male,210-32-8901
271,Raimund,Hardage,O,1/30/1961,Non-binary,587-67-4762
272,Farrah,Vanelli,Q,8/18/1990,Bigender,343-52-1797
273,Nari,Ellum,Q,5/28/1974,Female,500-47-7994
274,Maurice,Tiddy,F,12/29/1998,Male,801-15-2263
275,Henderson,Attenbarrow,Y,2/23/1982,Male,619-55-4256
276,Melva,Calderon,M,1/27/1984,Female,887-72-7129
277,Honoria,Hansod,W,1/5/1997,Female,658-31-8851
278,Wally,Booton,K,10/13/1960,Female,730-58-7750
279,Kinny,Jedrys,B,11/10/1981,Male,740-32-6807
280,Elsi,Firmage,B,11/7/1969,Female,253-22-1307
281,Dode,Schustl,E,6/19/1965,Female,693-02-0463
282,Cati,Caiger,U,8/15/1964,Female,587-69-2097
283,Gerladina,Yushkov,E,6/22/2001,Genderfluid,844-73-7034
284,Keelby,Jirousek,K,12/21/1997,Male,338-09-3273
285,Lowe,Foort,Q,9/8/2001,Male,520-16-8099
286,Cross,Rantoul,L,5/28/1992,Male,807-26-8200
287,Yorker,Burberry,R,1/15/1960,Male,823-34-6260
288,Nissie,Groarty,L,1/8/1961,Female,637-15-0237
289,Gonzalo,Bliss,D,1/6/1995,Male,667-84-0123
290,Sabra,Garth,Z,9/19/2001,Female,519-43-4831
291,Mildred,Philipart,V,7/29/1974,Female,316-80-0182
292,Arleta,Ledford,W,10/25/1976,Agender,771-42-7649
293,Terrye,Oglevie,D,3/24/1987,Female,355-59-5131
294,Harlin,Skilton,O,9/7/1990,Male,762-73-9387
295,Rufus,Stolli,V,1/23/1965,Male,364-33-3006
296,Rozalie,MacGee,T,1/17/1971,Female,300-58-0417
297,Corrine,Whiff,B,9/6/1976,Female,606-89-2978
298,Marmaduke,Bonnin,H,7/30/1982,Agender,753-49-4373
299,Jacquie,Daffey,N,1/29/1974,Female,835-72-7584
300,Aarika,Meier,I,12/29/1976,Female,105-08-5461
301,Suzanne,Erik,N,9/24/1970,Female,432-51-0266
302,Earvin,O'Sherin,V,6/1/1969,Male,175-06-0348
303,Alvinia,Anglin,M,6/20/2001,Female,599-07-2029
304,Fenelia,Raffeorty,W,3/16/1965,Female,367-02-8560
305,Corry,Blabie,V,3/20/1973,Female,514-75-9600
306,Sherill,Blenkensop,H,4/9/1989,Female,593-52-7713
307,Jasun,Hollibone,I,11/18/2002,Male,230-79-3739
308,Florian,Theodoris,G,4/14/2002,Male,671-79-3336
309,Liza,Mansford,C,11/22/2002,Female,358-26-6437
310,Larine,Jacks,U,6/8/1981,Female,399-44-4039
311,Aindrea,Cogley,T,11/30/1964,Female,648-48-6133
312,James,Ginnane,F,11/22/1993,Male,177-43-2657
313,Agnella,Jiggen,A,9/5/1961,Female,896-45-0827
314,Rasla,Menzies,R,8/16/2002,Female,189-98-9474
315,Vonni,Westmoreland,K,2/20/1977,Female,899-85-4896
316,Tatiana,Forman,K,5/24/1997,Female,390-52-3444
317,Rhiamon,De Benedetti,K,7/23/1971,Female,437-65-7610
318,Burt,Hammatt,I,12/11/1973,Male,282-49-5297
319,Adela,Rapi,R,12/5/1976,Female,877-71-8888
320,Bobbee,Whitman,Q,11/24/1977,Female,708-68-4313
321,Burch,Lamden,L,6/28/1986,Male,426-92-6592
322,Cyrus,Gregr,W,7/19/1967,Male,882-35-6135
323,Bowie,Seivertsen,T,1/26/1965,Non-binary,479-32-5306
324,Webster,Gideon,W,5/21/1989,Male,409-86-3762
325,Selene,Hubbins,W,1/7/1981,Female,616-33-3180
326,Ermin,Warren,Y,4/3/1984,Male,158-06-5939
327,Gerardo,Western,F,3/3/1996,Polygender,791-25-7904
328,Victoir,Troker,Y,9/19/1992,Male,442-97-5994
329,Loralee,Paine,E,3/10/1986,Female,576-41-8427
330,Lauryn,Casali,H,5/6/1974,Bigender,713-15-0189
331,Mahmoud,Rois,W,1/25/1989,Male,356-50-9098
332,Ray,Wingeat,Y,2/10/1962,Female,166-55-6697
333,Cairistiona,Leban,T,12/14/1970,Female,657-98-2007
334,Lilllie,Kollatsch,R,11/3/1962,Female,475-28-7567
335,Kelvin,McConaghy,S,10/25/1985,Male,259-27-4301
336,Raffarty,Pighills,O,10/23/1967,Male,546-57-3438
337,Emory,Frame,M,8/16/1996,Male,527-54-5348
338,Hamid,Snawdon,C,2/21/1964,Male,584-31-7121
339,Boonie,Pow,M,4/5/1984,Male,467-10-9930
340,Maisey,Barbosa,C,10/17/1973,Female,632-45-2618
341,Hogan,Castelluzzi,V,9/27/1995,Male,588-94-6832
342,Warde,Pomfrett,D,12/28/1984,Male,593-24-4376
343,Myrilla,Clampe,P,2/17/1988,Female,367-37-3194
344,Shayna,Shuker,Y,8/7/1963,Female,567-97-1280
345,Aaron,Mercey,E,4/5/1980,Male,876-08-5439
346,Melly,Huntly,S,10/18/1968,Female,371-71-6777
347,Darrell,Wherton,F,8/29/1993,Male,816-42-5065
348,Bancroft,Bahls,Y,5/24/1987,Male,879-69-1001
349,Staford,Gallyon,S,9/26/2004,Male,155-53-1644
350,Elga,Sargint,Z,9/8/1987,Female,240-24-5213
351,Brose,Jeram,W,7/25/1981,Male,588-83-6942
352,Marten,Falconar,S,6/23/1966,Male,532-20-0133
353,Vito,Vernham,I,9/6/1962,Male,224-81-3820
354,Asia,Goodwin,N,7/2/1981,Female,188-81-4103
355,Vivyanne,MacKintosh,I,10/19/1968,Female,712-05-0884
356,Mitzi,Chmiel,Z,8/17/1990,Female,714-01-2567
357,Adamo,Willshear,E,11/10/1974,Male,100-94-2426
358,Malachi,Milne,B,6/12/1993,Male,498-61-5477
359,Lynnette,Thombleson,R,3/19/1984,Female,206-20-9802
360,Isac,Styant,M,5/12/1976,Agender,864-32-9166
361,Clarabelle,Whal,X,7/5/1970,Non-binary,111-34-3912
362,Giraldo,Camoletto,T,7/12/1965,Male,283-42-5820
363,Joscelin,MacLleese,H,8/4/1965,Female,397-99-4394
364,Calhoun,Jacquet,N,12/14/2002,Male,330-56-3161
365,Luise,Manuelli,V,7/7/1985,Female,553-51-5205
366,Ebenezer,Syalvester,L,9/24/1978,Male,756-92-6572
367,Miguel,Wayvill,X,6/24/1981,Male,717-74-0363
368,Isacco,Dingate,Q,3/18/1992,Male,362-19-7324
369,Betty,Whitlock,P,3/29/1991,Female,796-83-1657
370,Madelina,Thomel,T,1/12/1994,Female,212-14-5704
371,Giralda,Rackam,J,5/3/2002,Female,543-42-7595
372,Addy,Leverett,B,6/30/1965,Female,195-69-0136
373,Joline,Renol,I,5/14/1987,Female,670-42-9307
374,Lesley,Kenworth,N,4/15/1971,Male,545-46-3484
375,Vance,Pattesall,M,7/11/1983,Male,835-40-7480
376,Nial,Cruse,N,12/11/1985,Male,396-28-7364
377,Emiline,Kantor,U,7/17/1982,Female,202-37-2746
378,Sherline,Inseal,H,11/4/1990,Female,158-19-7517
379,Susy,Marcussen,P,4/1/1993,Female,681-60-9086
380,Irvine,Freeborne,S,11/5/1960,Male,543-15-5608
381,Berkly,Caves,S,10/13/1994,Male,128-12-6215
382,Hieronymus,Mcsarry,E,11/14/1993,Male,359-76-7440
383,Jacquie,Whatling,E,9/29/1981,Female,564-70-3183
384,Winn,Siggin,M,1/13/1999,Male,152-89-0969
385,Meggy,Sirkett,N,2/6/1970,Female,302-40-8577
386,Berne,Hackey,K,11/20/2002,Male,104-46-3827
387,Sorcha,Gye,U,6/7/1987,Female,456-29-6060
388,Adair,Hewson,X,12/22/1983,Male,427-90-0763
389,Rodolfo,Timmis,O,10/23/1991,Male,641-58-3693
390,Reginauld,MacGraith,G,9/1/1983,Agender,575-82-6306
391,Kendrick,Moatt,N,11/11/1986,Male,588-24-5385
392,Rasla,Farren,U,8/24/1976,Female,614-22-6315
393,Rhona,Rash,N,10/3/1979,Female,306-36-7152
394,Gordon,Eddisforth,U,6/5/1983,Male,219-91-2207
395,Pam,Yesinov,H,9/3/1960,Female,291-75-3941
396,Jessika,Latty,P,2/14/1965,Female,553-84-9767
397,Leonid,Duker,B,1/6/2003,Male,634-75-8913
398,Margaretha,Laurenty,B,4/19/2001,Bigender,820-69-7243
399,Lory,Caughan,Y,1/30/1971,Female,397-33-8863
400,Dex,Stockau,W,4/1/1988,Male,539-97-9121
401,Bryce,Kedward,D,3/19/1965,Male,830-15-6353
402,Finlay,Iacabucci,P,5/8/1961,Male,891-19-5837
403,Chev,McHaffy,K,2/24/1972,Male,746-48-4901
404,Yule,Dofty,G,2/22/2001,Male,693-60-3558
405,Vanya,Lourens,S,9/22/1992,Male,246-47-1442
406,Rodolph,Alberts,E,1/3/1990,Male,383-99-0548
407,Bartel,Keenlyside,C,11/30/1992,Male,263-89-2330
408,Annetta,Gianilli,B,5/1/1974,Female,478-63-5030
409,Malinda,Triggs,W,9/24/2003,Female,122-73-3179
410,Kurt,Cockerham,F,6/19/1976,Male,395-86-8490
411,Valina,Jenkerson,A,5/16/1999,Female,698-06-3253
412,Jermaine,Greenshields,A,6/27/1982,Male,868-93-6346
413,Alene,Frise,Z,6/2/1993,Female,738-97-5032
414,Garrik,Boord,A,4/8/1990,Male,519-58-6347
415,Alvis,Heaford,M,1/21/1960,Male,768-59-2372
416,Jakob,Jelliman,G,11/9/1977,Male,120-48-1497
417,Garfield,Kalewe,K,12/20/1986,Male,239-55-1590
418,Eziechiele,Clineck,D,3/20/1989,Male,490-79-1275
419,Marylynne,Renish,G,9/17/1979,Female,694-09-1076
420,Birk,Vallender,O,2/6/1996,Male,405-95-5814
421,Maybelle,Chasle,Z,6/11/1974,Female,500-71-6262
422,Maurie,O'Moylan,G,12/16/1996,Male,216-07-9191
423,Shermie,Allbones,O,5/13/1990,Male,689-90-7038
424,Griselda,Niche,L,8/22/2001,Agender,709-47-1476
425,Dix,Buttfield,J,4/27/1972,Female,147-19-7402
426,Yorke,Wolfe,M,6/1/1979,Male,317-04-0564
427,Hastie,Geeve,V,11/1/1977,Male,283-20-2429
428,Cross,Richie,X,2/26/1969,Male,875-78-6715
429,Taddeo,Pardew,P,7/11/1983,Male,163-94-4358
430,Wilton,Lee,N,6/20/1998,Male,810-01-4192
431,Ave,Pethybridge,G,6/24/1993,Male,554-60-2274
432,Perla,O'Luby,L,7/5/1984,Genderqueer,724-44-9068
433,Mable,Garnar,J,6/11/1978,Female,134-17-3931
434,Rickey,Giacobazzi,O,11/19/1979,Male,108-31-5169
435,Roddy,Pietesch,H,7/6/1971,Male,725-39-3291
436,Hazel,Willavize,O,1/7/1991,Female,232-56-8966
437,Goddart,Adame,K,10/19/1968,Male,399-65-4617
438,Reube,Aloway,J,12/11/1973,Male,703-92-9421
439,Errick,Eefting,I,4/8/1985,Male,366-28-9142
440,Arlana,Muncer,W,10/23/1979,Female,415-36-4751
441,Mattheus,Kraut,O,3/29/1960,Male,219-38-3874
442,Nikaniki,Dumke,C,7/2/1962,Female,366-35-4303
443,Spencer,Wenger,S,6/15/1969,Male,417-17-7653
444,Karla,Blackaller,X,3/30/1960,Female,170-47-1087
445,Micky,Simmon,V,7/24/1961,Female,140-86-0497
446,Diarmid,Greated,V,1/1/1966,Male,883-07-1491
447,Ignatius,Valeri,C,2/12/1979,Male,221-61-9301
448,Maggi,Kilroy,I,1/1/1980,Female,659-32-0996
449,Norris,Bitchener,G,11/17/1978,Male,477-82-2720
450,Sara,Swiers,G,6/2/1993,Female,617-50-0512
451,Johnath,Fedynski,S,4/24/1997,Non-binary,630-28-2563
452,Fidelio,Barles,J,10/29/1981,Male,200-92-7820
453,Gavan,Rivilis,C,9/18/1969,Male,118-41-8777
454,Garv,Masselin,A,2/16/1973,Male,854-87-5330
455,Marietta,Keoghan,I,12/17/1976,Female,780-46-3814
456,Lela,Petriello,L,6/29/1979,Female,405-03-2158
457,Simona,Emons,H,4/21/2004,Genderqueer,151-48-4139
458,Colette,Jecks,E,11/18/1973,Female,174-26-8912
459,Brion,Martusov,B,12/22/1982,Male,640-80-1759
460,Cassie,Rubinowitch,W,9/27/1970,Male,792-89-7245
461,Paola,McCaughran,Q,7/15/1997,Female,750-51-9112
462,Tomasina,O' Borne,Q,7/25/1972,Genderqueer,276-91-6871
463,Nathalia,Philippet,H,9/22/2003,Female,824-04-0549
464,Tatiana,Thirlaway,C,9/26/1981,Female,150-12-2256
465,Dori,Barley,S,6/7/2001,Female,736-70-6908
466,Gavan,Chipps,N,12/24/1969,Male,155-07-7198
467,Isis,MacSkeagan,U,12/10/1992,Female,200-84-6654
468,Ermin,Belfield,A,8/24/1998,Male,798-52-5123
469,Roshelle,Masurel,Y,5/4/1980,Female,607-08-8765
470,Yetta,Kleinzweig,N,5/6/1969,Non-binary,241-82-0557
471,Goraud,Brunskill,E,6/3/2000,Male,810-61-6418
472,Fransisco,De Giorgio,D,12/24/1975,Male,220-05-0270
473,Kennan,Henker,G,4/3/1996,Male,628-33-9560
474,Bevvy,Mc Menamin,Z,3/21/1973,Female,665-45-1747
475,Meredithe,Martell,W,12/31/1994,Female,869-09-5969
476,Ardelia,Varns,S,7/9/1960,Female,854-21-8548
477,Kane,Bottini,Z,11/13/1976,Male,686-49-9983
478,Dore,Jeanesson,C,7/4/1975,Male,381-51-9562
479,Irving,Gedney,O,3/21/1966,Male,191-62-1810
480,Agatha,Knappett,I,10/11/1992,Female,380-66-0235
481,Kent,Laxton,N,12/3/1962,Male,656-55-2080
482,Antonio,Josskovitz,R,3/7/1972,Bigender,380-23-7079
483,Ikey,Padson,E,1/10/1963,Male,144-47-4729
484,Luke,Standage,C,1/3/1999,Male,146-68-2017
485,Sollie,Eilhertsen,C,5/24/1982,Bigender,159-44-1128
486,Korrie,Brandenberg,I,7/2/1984,Female,833-81-2463
487,Terry,Dumbreck,V,1/2/1970,Male,390-03-6614
488,Nicol,Vagges,P,2/27/1961,Male,141-43-9542
489,Booth,Doodney,Z,1/21/1972,Male,257-76-0077
490,Jolee,Lantuff,F,2/27/1965,Female,700-41-2019
491,Aldin,Hinrichsen,N,6/14/1975,Male,330-78-9899
492,Constantine,Amery,D,5/26/1965,Agender,333-72-2522
493,Francklyn,Dorber,T,7/2/2000,Male,757-03-7967
494,Nev,Torrecilla,G,9/9/1965,Male,309-53-8064
495,Claire,Wilshin,B,4/11/1994,Female,646-05-0255
496,Belva,McKendry,V,5/4/2001,Female,788-85-9850
497,Eugenio,Flement,P,10/25/1997,Polygender,316-51-8364
498,Becka,Bramwell,R,6/30/1991,Female,392-12-4601
499,Lambert,Spencley,S,7/18/1965,Bigender,875-32-6118
500,Chet,Gullyes,Q,12/30/1972,Male,195-59-5869
501,Guglielmo,Flawn,F,2/12/1991,Male,110-31-7233
502,Wilona,Davidovits,A,9/10/2003,Female,558-57-8401
503,Leoline,Possell,G,8/31/2002,Female,114-95-3954
504,Lorraine,Luff,L,8/8/2004,Female,368-23-4327
505,Tallou,O'Gormley,G,10/13/1975,Female,617-43-1196
506,Tara,Flicker,X,6/1/2001,Female,426-91-7851
507,Napoleon,Tift,U,7/25/1963,Male,784-65-4137
508,Corty,Woodford,G,2/3/2003,Male,711-70-6993
509,Billy,Govini,C,12/1/1978,Male,850-62-3888
510,Gilbert,Axelbee,M,8/13/1962,Male,313-31-1176
511,Mandi,Beeston,Q,10/20/1971,Female,350-40-4720
512,Lock,Gidney,D,10/12/1972,Non-binary,641-71-8814
513,Merrill,Purchase,Y,6/9/1967,Male,214-53-2781
514,Les,Lehrle,N,6/2/1963,Male,586-07-1874
515,Brinna,Farnorth,J,10/7/1978,Bigender,538-96-9428
516,Corabel,Noquet,C,9/21/1976,Female,520-18-9314
517,Kain,Starmont,K,11/3/1987,Male,616-18-3432
518,Franz,Mattaser,D,3/12/1989,Male,225-09-4915
519,Feliks,Wakerley,G,6/25/1999,Male,624-94-1095
520,Maurita,Scarf,D,4/6/1986,Female,515-92-0858
521,Allyce,Rittmeier,V,8/19/2000,Female,145-19-8330
522,Susie,Pitford,O,12/26/1978,Female,727-72-9737
523,Wynn,Wason,S,2/28/1972,Male,466-52-4806
524,Ciro,Rosenhaus,R,9/3/1987,Male,846-99-6857
525,Alidia,Shyram,B,8/2/1982,Female,224-74-2319
526,Sid,Limrick,G,11/12/2000,Male,165-83-5835
527,Jordain,Hallett,L,11/30/1980,Polygender,529-78-1919
528,Padraig,Braben,A,8/6/1997,Male,759-20-2523
529,Waverly,Gorgl,F,10/3/1983,Male,646-85-0188
530,Jere,Cootes,B,12/11/1960,Male,244-41-0975
531,Evangelia,Trump,X,11/8/1989,Bigender,758-84-4303
532,Frasier,Hickeringill,K,8/6/1960,Male,561-91-2700
533,Rogerio,Lisett,P,6/11/2001,Male,307-30-4142
534,Riley,Hendrickson,X,7/12/1985,Male,416-36-0867
535,Demetra,Snalham,E,2/4/1979,Female,499-65-6236
536,Conn,MacArdle,X,2/16/1978,Male,813-14-1330
537,Elsbeth,Christauffour,J,5/14/1967,Female,843-08-8091
538,Brandon,Grigoire,X,9/12/1995,Genderfluid,745-68-8450
539,Brook,Lamont,Z,11/29/1996,Non-binary,493-55-6978
540,Agata,Ahlin,A,6/12/1989,Female,883-23-2346
541,Aurelia,Grizard,E,10/15/1980,Female,784-49-5120
542,Anna-diana,Ruben,P,2/9/1992,Female,814-93-5839
543,Ivan,Henke,E,8/13/1975,Male,215-60-1501
544,Marleah,Lisciandro,D,11/7/1998,Female,717-22-8559
545,Nikolaos,Baseley,O,8/25/1963,Male,452-23-8553
546,Tiffi,Kirimaa,T,3/13/1989,Female,165-04-6003
547,Aleece,Eddleston,J,11/27/1976,Female,341-27-4404
548,Cristal,Seneschal,I,4/29/1974,Female,674-41-1574
549,Waylan,Feldmark,K,6/14/1971,Genderqueer,482-89-5512
550,Town,Harlowe,X,8/27/1994,Male,464-93-1638
551,Mandie,Liley,U,2/11/1987,Female,833-18-1844
552,Base,Barnhill,O,6/23/1974,Male,724-16-0136
553,Bar,Avison,U,9/5/1973,Male,316-13-3184
554,Ralph,Zimmermeister,V,6/3/1961,Male,379-23-4328
555,Grover,Davies,P,3/13/1968,Male,798-65-9559
556,Gerrie,Lucus,G,8/17/2004,Male,712-38-8476
557,Nicki,Matignon,C,1/6/1998,Female,140-39-6418
558,Ikey,Ren,I,11/16/1973,Male,839-32-4668
559,Lavinia,Cuxson,I,5/18/2003,Female,219-05-2121
560,Pavia,Maseres,M,11/22/1983,Female,575-26-1255
561,Patsy,Shilleto,J,10/30/1980,Male,443-27-6213
562,Des,Suttling,I,1/13/1960,Male,154-61-1741
563,Leonid,Candy,W,5/15/1964,Male,742-31-6216
564,Aloise,Davio,P,4/21/2000,Female,470-65-4559
565,Winny,Spark,C,8/26/2004,Female,628-23-1006
566,Corney,Birchwood,R,1/9/1985,Male,453-28-5454
567,Woodie,Kinney,I,6/30/1969,Male,585-20-1997
568,Tiffany,Gleadhall,G,8/2/1962,Female,665-45-6533
569,Karie,Geall,T,12/9/1981,Female,898-70-3349
570,Willey,Persian,T,7/19/1982,Male,235-79-1490
571,Fonz,Steuart,T,1/1/1973,Male,703-20-7384
572,Cyndy,Gomby,D,3/26/1967,Female,738-69-5201
573,Cindie,Skelington,W,11/22/1970,Female,365-68-5016
574,Stern,Armer,A,4/4/1993,Male,303-99-5467
575,Robinetta,Wittleton,G,10/19/1977,Female,380-63-6060
576,Guglielmo,Carruthers,B,1/31/1980,Male,553-36-0039
577,Deirdre,Grasser,D,2/7/1986,Genderfluid,352-85-3796
578,Blaire,Howgate,B,1/20/1979,Female,867-86-8060
579,Dirk,Statter,K,8/7/1971,Male,693-35-8335
580,Seymour,Moogan,X,10/1/2003,Male,645-11-3233
581,Rorie,Ritchman,A,5/17/1989,Female,606-12-3004
582,Drugi,Leadley,A,5/27/1961,Male,462-80-7411
583,Enos,Fosse,T,11/30/1983,Non-binary,232-16-9732
584,Rufus,Hulls,N,8/2/1993,Male,246-82-6548
585,Natty,Kelly,O,11/14/1974,Male,772-49-6633
586,Witty,Iacovone,O,5/2/1999,Male,485-92-0379
587,Hilde,Mc Coughan,P,10/7/1992,Female,411-25-9942
588,Allys,Lapenna,L,7/10/1963,Female,195-53-7736
589,Cleo,Dumbreck,D,7/21/1984,Female,363-07-2598
590,Felecia,Edlin,P,4/2/2000,Female,657-36-6400
591,Paulita,Mulvey,S,4/3/1999,Female,337-51-7512
592,Walt,Stanes,B,11/24/1978,Male,179-74-0909
593,Dyna,Chaplyn,T,10/29/1983,Female,120-53-2901
594,Byran,Brodeau,Q,11/18/1995,Male,480-91-4507
595,Jackie,Aleksic,D,12/26/1981,Female,537-01-5441
596,Vincenty,Hollingsby,M,12/24/1983,Male,578-05-1829
597,Tammie,Robens,Q,9/1/1982,Male,482-43-8694
598,Ollie,Sudlow,T,12/16/1984,Male,501-25-8787
599,Pauletta,Chettle,M,9/4/1969,Female,861-98-3259
600,Cassy,Rays,K,10/8/1996,Polygender,215-83-0082
601,Patrice,Rushman,K,2/10/1978,Female,251-36-8048
602,Leanora,Jeves,E,12/15/1961,Female,791-57-8158
603,Iggy,Elbourn,M,11/12/1983,Male,385-95-3162
604,Andeee,Starsmeare,L,11/26/1972,Female,791-33-0842
605,Janot,Walklot,N,8/1/1961,Female,816-28-9512
606,Keane,Stanyard,A,5/27/1961,Male,521-13-4735
607,Cornelius,Blunsom,X,8/31/1969,Male,401-90-5845
608,Cob,Ruoff,Y,2/8/1990,Agender,687-79-2749
609,Esme,Cagan,E,7/21/1975,Female,465-97-8760
610,Araldo,Hayland,W,12/11/1981,Male,354-80-4062
611,Roselia,Alcido,H,3/6/2000,Female,234-50-8524
612,Noach,Chamberlayne,B,6/8/1967,Male,679-62-6868
613,Jaye,Colborn,U,6/21/1979,Male,394-97-9094
614,Durante,MacWhan,N,3/30/1982,Male,503-79-7676
615,Kienan,Kenwell,I,4/9/1971,Male,746-45-4030
616,Nero,Kennerley,T,11/1/1963,Male,794-35-1551
617,Elyn,Risom,O,4/29/1973,Female,815-41-2472
618,Gard,Picot,V,12/10/1989,Male,767-24-3933
619,Dorie,O'Callaghan,L,10/27/1997,Female,162-29-2883
620,Sigfrid,Bach,Y,7/9/1975,Male,722-82-9196
621,Almire,Balshaw,J,3/30/1991,Female,553-57-2902
622,Ron,Favell,P,11/28/1998,Non-binary,265-96-3862
623,Justis,Mainstone,H,6/15/1963,Male,811-02-6103
624,Adrianne,Litzmann,N,12/1/1984,Female,827-48-0242
625,Milton,Aickin,R,8/12/1971,Male,302-41-2595
626,Danny,Hutchcraft,C,9/9/1993,Female,880-49-9231
627,Leonhard,Kamiyama,K,10/4/1998,Male,650-62-7101
628,Ceciley,Caffery,V,2/6/1988,Female,113-23-1210
629,Vivie,Fancy,K,11/18/1988,Female,598-12-5699
630,Andi,Biaggiotti,B,9/5/1984,Female,351-94-9548
631,Connor,Parram,J,4/28/1982,Male,391-05-1657
632,Deny,Herrema,F,10/12/2002,Female,506-93-4211
633,Roy,Poundford,S,3/13/1984,Male,668-42-7014
634,Devlin,Linner,A,5/30/1989,Male,732-58-1396
635,Murdock,Delagua,E,7/11/1981,Male,472-72-1632
636,Chrissy,Paur,E,4/4/1985,Female,416-61-7965
637,Clive,Ellingworth,B,1/6/1993,Male,756-42-0135
638,Catlee,Noteyoung,R,1/19/1999,Female,380-82-5074
639,Sergent,Yourell,E,10/11/1980,Male,173-32-9634
640,Dur,Vernham,D,11/3/1985,Genderfluid,108-94-2119
641,Lovell,De'Vere - Hunt,Q,12/29/1981,Agender,416-98-8764
642,Lelah,Campanelle,B,1/22/1988,Female,264-65-9138
643,Kendre,Verchambre,T,7/1/1987,Female,197-61-9993
644,Kyla,Pacey,U,7/30/1988,Female,877-46-6801
645,Karilynn,Karczinski,J,7/10/1966,Female,382-98-2142
646,Olly,Dmitriev,U,1/11/1973,Male,290-35-8213
647,Kirsteni,Grundell,H,8/14/1977,Female,379-78-4517
648,Moe,Sharnock,A,9/20/1960,Male,790-34-9000
649,Somerset,Egalton,W,2/28/1984,Male,595-56-4731
650,Antonietta,Campbell-Dunlop,N,4/20/1997,Female,482-18-4464
651,Tamera,Passey,C,11/18/1987,Female,362-73-3520
652,Cordie,Lidington,K,4/18/1986,Male,580-43-1118
653,Dillon,Josefer,Z,5/27/1998,Male,858-07-1400
654,Skipton,Eye,G,2/17/1974,Male,152-10-2655
655,Uriel,Boni,S,7/21/1982,Male,397-92-1625
656,Buiron,Dahl,A,9/8/1963,Male,169-76-3809
657,Dyane,Hargitt,U,7/2/1987,Female,220-39-8448
658,Adelina,Curryer,J,3/3/1962,Female,496-12-8373
659,Emelia,Cruces,I,7/27/1982,Female,871-50-7233
660,Krissy,Crusham,J,8/26/1967,Female,493-26-4349
661,Bamby,Silkston,Z,1/7/1994,Female,136-84-5789
662,Karlen,Christopher,O,5/7/1997,Female,419-43-2213
663,Annamarie,Filov,P,11/23/1996,Female,149-58-8109
664,Cori,Stent,U,5/21/1979,Male,476-74-6857
665,Venus,Screach,I,9/15/1980,Female,247-08-2451
666,Gerrie,Rosenbush,B,2/7/1994,Female,741-96-9355
667,Ketti,Vesty,Y,2/13/1972,Polygender,892-77-3573
668,Wilburt,Goodluck,T,6/18/1992,Male,122-44-8739
669,Sanderson,Sowter,Z,9/29/1985,Male,485-89-0814
670,Marline,Butterfill,Q,8/7/1965,Female,295-04-8022
671,Walther,Klossek,N,11/8/1970,Male,832-37-9328
672,Casi,Saleway,Z,8/17/1972,Female,216-97-1752
673,Colby,Paxforde,G,4/5/1983,Male,758-15-3443
674,Phip,Calfe,W,8/7/1985,Male,819-16-0807
675,Briana,Hinckley,B,6/4/1988,Female,448-83-5011
676,Monro,Arangy,I,4/5/1980,Male,893-32-4555
677,Kirk,Robinette,I,10/9/1972,Agender,825-93-2739
678,Nobie,Kellar,X,8/24/1962,Genderfluid,231-34-1344
679,Craggie,Weld,V,5/13/1987,Male,698-33-4168
680,Karena,Wyre,W,8/22/1977,Female,867-43-6912
681,Broddy,Adacot,S,2/25/1964,Male,441-34-7102
682,Carlin,Erb,Y,11/3/1965,Female,887-84-6475
683,Dede,Kildea,A,4/27/1976,Female,217-05-9387
684,Willard,Ratray,G,11/1/2003,Male,674-31-9908
685,Annis,Galley,E,5/7/1998,Female,712-01-2489
686,Jarrod,Bedminster,W,12/13/1989,Male,442-52-8296
687,Ally,Grebbin,T,9/16/1973,Female,441-63-2931
688,Dulsea,Umbers,S,6/1/1966,Female,825-25-0709
689,Selestina,Cecely,N,6/29/1995,Female,839-32-5464
690,Josey,Hallin,M,3/21/1978,Non-binary,279-69-7059
691,Suzette,MacRonald,U,2/26/1966,Female,477-81-4789
692,Kori,Sides,Y,5/13/1962,Female,739-49-7382
693,Dennison,Chater,U,5/3/1999,Genderfluid,882-37-2154
694,Eadith,Pinyon,O,4/20/1994,Female,287-06-2575
695,Herrick,O'Gleasane,F,7/29/1962,Male,371-09-4077
696,Richmound,Philipard,W,6/9/1969,Male,200-92-6797
697,Padgett,Thorn,G,3/18/1981,Male,825-46-1285
698,Yoshiko,Parman,T,2/16/2001,Female,637-35-4856
699,Ruby,Hamnet,W,6/27/1981,Female,351-86-0960
700,Siffre,Kennler,F,2/24/2003,Bigender,318-02-4737
701,Carmine,Coysh,E,1/9/1964,Polygender,817-57-1870
702,Bancroft,Toffler,J,3/29/1992,Male,625-63-6667
703,Demott,Gronous,B,3/21/2000,Male,411-01-3365
704,Garrot,De Cruze,W,9/26/1960,Male,750-24-1935
705,Tillie,MacKaig,H,7/11/1977,Female,740-22-3265
706,Germayne,Iveans,E,8/7/1995,Male,402-80-1185
707,Eldin,Stit,T,3/24/1981,Male,216-08-7762
708,Rolph,Shippard,L,10/27/1988,Male,722-88-7543
709,Gusty,Canton,D,10/26/1987,Female,814-92-8327
710,Carmencita,Quinnell,M,5/7/1972,Female,894-03-3524
711,Auroora,Hulett,Y,11/15/1980,Female,810-81-1103
712,Ottilie,Kinkaid,L,11/28/1974,Female,248-06-0103
713,Randall,Eddy,V,4/18/1988,Male,737-35-6140
714,Vidovic,Anneslie,B,10/1/1997,Male,223-64-2494
715,Denys,Krauze,J,4/6/1994,Female,606-13-3879
716,Catina,Seelbach,V,7/8/1973,Female,744-86-0853
717,Dani,Ottawell,W,1/5/1994,Male,629-69-6999
718,Ronda,Moreing,A,4/20/1984,Non-binary,511-20-1024
719,Benoit,Daye,H,6/29/2000,Male,198-76-0071
720,Angelle,McClay,Q,8/28/1972,Female,447-99-8349
721,Sheilah,Wilden,R,1/5/1997,Female,664-46-1442
722,Simona,Savil,N,7/4/1962,Female,808-65-9744
723,Flossy,MacRorie,U,5/10/1964,Female,504-44-3955
724,Kaia,Bassingham,X,6/20/1976,Female,311-44-0225
725,Jarret,Flintiff,R,3/2/2001,Male,462-62-9863
726,Amanda,Sheahan,M,1/15/1970,Female,692-85-8951
727,Wolf,Ivashkov,L,7/5/2003,Male,499-17-2443
728,Abagael,Will,V,6/7/1980,Female,738-07-7973
729,Louis,Dassindale,K,5/2/1976,Male,268-41-4478
730,Ruthe,Kienlein,T,8/21/1975,Female,896-19-7063
731,Fabien,MacCardle,N,2/18/2002,Male,622-02-3094
732,Birgitta,Heifer,D,11/1/1987,Female,181-99-8725
733,Herschel,Higginbottam,P,7/2/1985,Male,205-85-7054
734,Geoff,Geri,J,7/29/1960,Male,502-46-7537
735,Koren,Fairy,Y,6/27/1983,Female,554-14-1909
736,Chrissie,Algore,X,7/11/1986,Male,762-52-8520
737,Cathie,Bernli,G,12/31/2003,Female,246-20-1997
738,Barton,Pickworth,K,12/5/1990,Non-binary,669-17-9328
739,Neill,Bonevant,O,10/24/1993,Male,868-40-0390
740,Annabal,Casina,Z,9/20/1966,Female,685-57-5567
741,Bennett,Seagrove,K,5/20/1992,Male,581-19-8188
742,Vance,McNeice,Z,1/21/1962,Male,486-95-3981
743,Bernarr,Maceur,O,1/26/2003,Genderfluid,439-30-6991
744,Alexi,Emlen,J,1/26/1988,Female,693-11-2764
745,Darius,Coughlin,S,3/14/1970,Male,240-22-3424
746,Sayre,Santen,E,9/23/1986,Female,623-14-5999
747,Domeniga,Rookwell,K,1/5/1985,Female,897-96-7445
748,Marylynne,Siddeley,C,6/8/2003,Female,389-13-4297
749,Trina,Quoit,T,3/20/1994,Female,822-12-7225
750,Caz,Hanscom,K,2/13/1999,Male,133-70-2557
751,Sukey,Kettleson,T,10/25/2000,Female,841-57-1573
752,Robbyn,Fraczek,M,4/2/1991,Female,156-79-2738
753,Wyatt,Kennealy,S,9/1/1971,Male,400-66-4227
754,Wylie,Barniss,D,11/17/2004,Male,812-99-3124
755,Stephie,Bodman,L,8/24/1995,Female,794-87-8669
756,Pierre,Gibbard,C,9/29/1991,Male,325-27-3586
757,Ada,Pickersail,M,1/7/1990,Female,526-06-2247
758,Shari,Urry,A,3/4/1966,Female,711-75-4420
759,Leoine,Sarsfield,H,7/9/1966,Female,453-35-3007
760,Briggs,Paula,M,9/21/2000,Male,138-77-0794
761,Vassili,Mangeon,R,4/22/1991,Male,489-80-0503
762,Clair,Farren,T,12/6/1973,Female,379-58-0875
763,Melanie,Lamy,M,2/16/1998,Female,827-54-9109
764,Charis,Goding,J,7/24/1968,Female,884-88-5264
765,Burlie,Drinkhall,K,5/13/1991,Male,725-18-9577
766,Nikita,Hubberstey,F,5/24/1979,Male,589-21-6546
767,Haroun,Saban,A,6/16/1960,Male,207-21-4959
768,Ignatius,Jefferd,V,5/29/1974,Male,274-05-7450
769,Nicoli,Fountian,P,11/27/2003,Female,208-45-5068
770,Lorita,Pyott,F,1/14/1969,Female,467-77-3654
771,Rayshell,Chattock,S,2/7/2003,Female,792-32-2267
772,Justina,Klezmski,A,6/11/1982,Female,236-07-9886
773,Briggs,Brognot,C,2/9/1998,Male,131-86-0365
774,Jemmy,Egdal,K,1/2/1987,Female,203-34-4938
775,Malorie,Redhills,W,1/4/1987,Female,234-33-2470
776,Geoff,Stanway,Q,12/5/1978,Male,699-70-2777
777,Norrie,Dormon,G,12/27/1971,Male,218-06-5343
778,Anneliese,Sprouls,H,3/7/1974,Female,259-67-9664
779,Rosaline,Kearey,X,10/1/2001,Female,455-19-8473
780,Barn,Pashba,F,11/18/1961,Male,891-62-6223
781,Alphonse,Mullins,W,4/3/1975,Genderqueer,312-38-0910
782,Allyson,Aggas,Y,3/2/1994,Female,649-84-8762
783,Hale,Vitler,D,5/23/1999,Male,265-98-8542
784,Isac,Bosquet,F,12/1/1961,Male,401-07-3808
785,Stafani,Wedmore.,M,12/2/1988,Female,206-67-9177
786,Willy,McGowan,U,10/21/1981,Male,291-61-1126
787,Gretta,Elnaugh,M,11/1/1960,Female,125-25-7409
788,Kenton,Sterley,C,8/25/1980,Male,114-41-4800
789,Ludwig,Vigar,H,12/7/1998,Polygender,506-58-8341
790,Webster,Naisbitt,Z,2/11/1972,Male,898-89-0363
791,Calida,Mc Caughen,I,5/16/1970,Female,887-91-7219
792,Alexandrina,Credland,X,8/31/1990,Bigender,779-53-9196
793,Federico,Baddiley,S,4/15/2003,Male,679-16-3293
794,Stirling,Foxhall,J,8/2/1963,Male,106-80-5837
795,Humberto,de Glanville,I,8/9/2004,Male,405-85-1004
796,Sheridan,Cordes,O,11/19/1987,Male,566-75-1720
797,Anne-marie,Cunnane,R,6/1/1969,Female,457-35-4650
798,Elwood,Benes,I,10/9/1961,Male,257-25-2964
799,Addy,Parkman,M,6/15/1994,Female,649-89-6365
800,Dunc,Grafom,E,12/11/1993,Male,671-36-4611
801,Alleen,Linzee,C,5/31/1993,Female,282-56-3908
802,Hobie,MacNucator,S,3/20/1992,Genderfluid,584-82-4274
803,Peggie,Dacke,V,7/27/1981,Female,307-17-5582
804,Ross,Rollo,V,7/14/1987,Male,436-42-4452
805,Cordie,Churchward,J,10/14/1979,Male,588-82-8487
806,Gabi,Tulloch,O,6/3/1972,Male,468-97-4378
807,Alexina,McIlmurray,C,9/23/2000,Female,172-43-8219
808,Maximilian,Stackbridge,U,4/9/2000,Male,216-87-7710
809,Ruperta,Honnan,F,4/11/1984,Female,757-51-8570
810,Keir,Trainor,T,3/12/1974,Male,821-83-9596
811,Vilma,Staniforth,K,4/25/1978,Female,873-06-2053
812,Nevil,Kitchinham,R,10/30/1983,Male,234-80-4828
813,Joy,Pillans,U,3/19/1973,Bigender,227-84-7504
814,Ferd,Seefeldt,X,9/10/2003,Male,366-23-4943
815,Englebert,Briddle,O,6/6/1983,Male,475-72-4066
816,Werner,Kuschek,V,9/18/1964,Male,742-14-0275
817,Wernher,MacArte,R,6/8/1960,Male,651-98-5200
818,Conny,Capron,I,7/28/1987,Male,569-33-5242
819,Paula,Myford,H,8/14/1978,Female,106-72-7244
820,Kelley,Prendergrast,M,7/27/1987,Female,383-97-4719
821,Cece,Teers,N,3/16/1986,Male,829-73-8268
822,Tara,Grayston,T,9/5/1987,Agender,796-55-8713
823,Rinaldo,Jenckes,D,8/7/2000,Male,649-04-4876
824,Georgette,Haswall,R,9/4/1973,Female,371-83-3138
825,Courtney,Dockwray,X,5/31/1986,Male,786-12-0308
826,Pansie,Haccleton,K,4/10/1977,Female,760-93-2067
827,Al,Nequest,D,8/22/1972,Male,193-75-2936
828,Erna,Poe,R,8/19/1977,Female,309-11-3758
829,Boone,Rilton,T,1/8/1965,Male,176-86-6550
830,Dru,Firebrace,J,11/27/1986,Male,170-05-8966
831,Horatio,Henrion,M,12/30/1987,Male,139-67-7443
832,Jaimie,Shakspeare,R,11/23/1966,Female,797-98-3407
833,Suzann,Yurlov,H,3/24/1989,Female,415-95-4264
834,Christophorus,Germaine,D,4/4/1987,Male,125-68-8731
835,Sunny,Vyvyan,N,2/24/1986,Male,795-77-2560
836,Inna,Holtum,G,7/23/2002,Female,550-16-5482
837,Reagen,Cases,C,3/27/1966,Male,269-32-4519
838,Pebrook,Edgler,H,9/1/1986,Male,712-05-8366
839,Norbie,Sommerling,W,11/15/2002,Male,681-09-4344
840,Taite,Dolphin,U,9/1/1982,Male,297-58-8481
841,Lalo,McQuaid,V,5/22/2002,Male,565-60-8698
842,Christin,Tunniclisse,Q,6/13/1989,Female,420-91-5231
843,Gloriana,Alaway,G,5/1/1970,Bigender,807-35-4672
844,Marlene,Danslow,F,2/6/1964,Female,743-55-0320
845,Jordan,Irce,C,2/21/1978,Male,143-88-7459
846,Luca,McCahey,F,12/31/1973,Male,747-86-8000
847,Damiano,Cornewall,X,9/3/2003,Male,179-21-7802
848,Sibel,O'Garmen,R,7/18/1992,Female,469-71-4900
849,Scott,Gannaway,N,6/27/1967,Male,671-67-3711
850,Alma,Balassa,P,9/1/1982,Female,472-72-5280
851,Alta,Denisot,Q,1/9/1998,Female,614-81-5551
852,Bonita,Weber,K,11/25/1976,Female,110-21-2746
853,Bettye,Reardon,J,4/13/1984,Female,503-14-6755
854,Armstrong,Swanborrow,U,5/2/1989,Male,750-45-3679
855,Lothario,Maplestone,K,3/19/1997,Male,177-99-4982
856,Justis,Riggey,Y,8/11/1975,Male,755-60-3963
857,Delora,Foran,P,11/19/1974,Female,618-76-4805
858,Tessy,Dreigher,C,4/19/1961,Female,592-53-0223
859,Rahel,Walley,T,8/25/1960,Female,238-41-2230
860,Ansley,Rustadge,O,1/22/1974,Female,669-89-1955
861,Urbanus,Bussen,N,6/12/1981,Male,124-95-8766
862,Dennison,Rooke,P,3/30/1996,Male,407-98-6027
863,Dianna,McClintock,G,5/7/1982,Female,847-46-9259
864,Joy,Deeny,Z,7/9/2003,Female,642-33-0134
865,Ross,Burgiss,G,7/14/1978,Male,877-43-3018
866,Corby,Pagin,C,9/17/1972,Male,808-36-5953
867,Ilka,Bagley,Y,1/27/1993,Female,892-60-8688
868,Tyrus,Cowser,B,7/9/1997,Male,662-86-7683
869,Cayla,Tiesman,G,12/9/1997,Female,356-16-4098
870,Carlye,Davio,K,2/14/1986,Polygender,460-72-9147
871,Estell,Atwool,S,12/23/1980,Female,414-17-5184
872,Barrie,Scrimshire,H,7/1/1962,Female,876-07-2870
873,Pauline,MacGorley,N,6/1/1994,Female,874-24-2331
874,Cinnamon,Cawston,D,7/14/1960,Female,311-46-6917
875,Adele,Fitton,E,9/23/1994,Genderfluid,608-58-5920
876,Carney,Dreger,C,2/10/1993,Male,873-21-7570
877,Anthony,Boulden,H,7/19/1997,Male,521-01-0623
878,Selma,Lello,G,1/13/1990,Female,324-80-6632
879,Krysta,Toomey,Y,10/12/1979,Female,184-15-0467
880,Ajay,Corbridge,H,3/12/1976,Female,555-90-1591
881,Cristian,Meffan,X,11/24/2003,Male,811-35-3155
882,Atlanta,Buzek,C,3/15/1960,Bigender,204-77-4495
883,Noel,Loynton,G,5/15/1973,Female,168-44-3362
884,Ulrica,Corneliussen,L,3/15/1991,Female,898-49-8213
885,Torre,Ridder,M,9/15/1960,Male,494-40-4657
886,Skippy,Trevethan,Q,5/12/2001,Male,134-34-9213
887,Michele,Duferie,A,11/18/1961,Polygender,402-60-8559
888,Brendan,McArte,N,2/19/2002,Male,413-08-6961
889,Charles,Comfort,N,10/31/1977,Male,114-55-7355
890,Candie,Lisimore,M,2/21/1967,Female,356-60-0047
891,Annelise,Bickerton,D,12/10/1992,Female,773-43-8457
892,Denice,Whicher,Q,8/7/1964,Female,181-28-9878
893,Norene,Brough,W,9/26/1990,Female,147-68-5562
894,Tresa,Harrop,V,2/24/1965,Female,324-24-1720
895,Norrie,Bartke,I,10/22/1989,Female,369-90-3186
896,Dario,Checci,I,8/8/1994,Male,887-36-4694
897,Emmery,Gosalvez,C,11/20/1966,Male,539-17-4133
898,Fremont,Mackie,G,8/29/1979,Male,144-38-1253
899,Colleen,Thorrold,L,6/13/1984,Female,841-35-0143
900,Abbot,Troni,X,2/10/1995,Male,704-85-6608
901,Ximenez,Quidenham,W,11/27/1979,Male,527-47-0469
902,Atlanta,Russ,T,11/9/1982,Non-binary,511-88-6756
903,Ralph,Maywood,U,8/12/1985,Male,741-97-4867
904,Vanny,Chaudhry,P,2/10/1991,Female,560-19-2237
905,Karie,Zukerman,P,8/16/1989,Female,720-71-7911
906,Marybelle,Kennicott,I,11/8/1964,Female,260-62-0002
907,Innis,Fanthome,J,5/3/1965,Male,651-62-5642
908,Pierre,Seamons,A,5/1/2002,Male,365-24-7975
909,Brucie,Espinay,R,10/23/1996,Male,169-89-4958
910,Kiley,Brezlaw,T,5/13/1998,Female,753-50-2863
911,Marinna,Moult,P,10/26/1996,Genderfluid,140-63-8365
912,Phoebe,Echlin,C,8/7/1986,Female,226-53-7412
913,Kain,Ruggles,V,7/11/1981,Male,663-63-8678
914,Andrej,Edie,O,9/2/1965,Male,327-49-7451
915,Mario,Innwood,L,4/13/1987,Male,452-07-2338
916,Charmain,Coverley,G,5/19/1977,Female,790-21-6483
917,Raynard,Willingale,L,12/5/1991,Male,638-77-0211
918,Agnesse,Adne,N,7/26/2003,Female,829-32-2173
919,Dee dee,Mixhel,V,6/5/2000,Female,636-82-5519
920,Sayers,Farnish,M,9/25/1986,Male,591-88-9701
921,Vance,Bladon,Z,2/21/1994,Male,237-17-3888
922,Germaine,Featherstone,Z,1/28/1984,Female,177-32-4548
923,Sophi,Unitt,S,8/29/1969,Genderfluid,336-69-2321
924,Gerrie,Bools,K,6/13/1999,Genderqueer,371-66-2510
925,Arel,Broadfoot,Y,1/21/1964,Polygender,410-48-4697
926,Chere,Klemz,W,6/5/2002,Female,685-48-9152
927,Antonietta,Dodsley,P,8/10/1964,Female,116-10-8005
928,Peggy,Haggeth,R,6/25/1970,Female,219-79-3928
929,Eustace,Cardenas,T,11/13/1999,Non-binary,157-83-3125
930,Dorree,Baguley,G,8/17/1975,Polygender,228-46-6463
931,Brennan,Mully,A,12/17/1967,Male,261-69-5695
932,Joane,Hopfner,B,9/7/1986,Female,504-41-2094
933,Leese,Zaniolo,R,1/25/1960,Female,670-14-9094
934,Gene,Baddoe,I,6/28/1973,Male,554-36-6055
935,Elle,Chevalier,W,8/13/1964,Female,214-51-3479
936,Jacquie,Dipple,P,5/4/1976,Genderfluid,279-74-3081
937,Celene,Sheirlaw,N,1/9/2001,Female,448-60-9747
938,Elga,Babst,Q,7/22/1975,Female,813-36-9061
939,Calhoun,Beakes,K,9/30/1990,Male,218-96-3017
940,Guido,Everleigh,E,11/16/1961,Male,711-30-2170
941,Gigi,Mandell,D,4/2/1997,Female,748-79-0924
942,Viv,Deniset,F,3/25/1995,Female,201-18-3300
943,Bertha,Colston,R,10/13/1964,Bigender,728-35-0688
944,Tybalt,Lahrs,V,1/15/1992,Genderqueer,805-27-9169
945,Simona,Trawin,F,12/14/1960,Female,379-46-3512
946,Toiboid,Ludvigsen,H,5/20/1978,Male,213-91-6808
947,Alan,Kierans,E,1/29/1989,Agender,454-74-5491
948,Dorice,Greener,H,8/2/1972,Non-binary,437-22-3031
949,Dotty,Fenby,E,2/27/1997,Polygender,485-63-3880
950,Rodrigo,Moult,G,2/29/1960,Male,214-51-5463
951,Therine,Golde,Z,6/13/1992,Female,449-86-4345
952,Orren,Impson,A,5/31/1986,Male,683-39-7511
953,Nero,Gallant,G,4/4/1996,Male,863-39-8991
954,Yale,Oager,Z,9/8/1980,Male,556-47-2656
955,Bab,Kahan,N,9/28/1975,Female,744-01-8456
956,Wyatt,Halley,L,4/24/2000,Male,683-08-5265
957,Nata,Chaudhry,M,5/5/1977,Female,662-74-6579
958,Inga,Barrowcliff,R,3/16/1968,Female,812-40-4016
959,Wylma,Pennycuick,G,12/2/2003,Female,776-10-3296
960,Elvyn,Shirley,F,10/27/1977,Male,775-15-9941
961,Sammy,Burnyeat,G,5/7/1983,Male,604-73-5659
962,Farly,Baszniak,C,8/17/1962,Male,285-18-6398
963,Caitlin,Sherwill,J,12/18/1969,Female,286-94-1828
964,Wilfred,Smalcombe,I,4/5/1978,Male,457-82-1908
965,Mellie,Jacklings,J,6/16/1981,Female,421-61-2002
966,Danita,Skipperbottom,H,4/14/1971,Female,191-85-5817
967,Lucias,Godilington,G,6/1/1998,Male,189-71-9934
968,Reilly,Sketcher,L,4/10/1964,Male,242-64-1969
969,Nev,Calliss,A,12/23/1968,Male,251-85-4038
970,Rubina,Malec,O,2/28/2004,Female,373-42-2384
971,Idell,Greetham,E,10/28/1978,Female,368-41-7772
972,Sawyer,Kingzeth,S,5/7/2003,Male,701-25-4660
973,Roy,Dockerty,J,3/11/1962,Male,273-05-4383
974,Bone,Treagust,P,1/6/1975,Male,118-07-0870
975,Hubert,Kunzelmann,P,4/16/2004,Male,627-78-8831
976,Locke,Whoston,D,7/6/1967,Male,269-03-3969
977,Fredi,Mewes,N,2/11/1982,Female,856-42-6552
978,Drake,Metrick,A,3/23/1972,Male,396-23-9849
979,Jeralee,Wasiela,Y,2/26/1977,Female,778-10-0735
980,Scarlett,Degoy,Q,7/4/1975,Female,376-82-2030
981,Jerrylee,Cooksey,X,5/13/1960,Female,163-85-2921
982,Marcelle,Cartan,N,9/16/1997,Female,550-10-8576
983,Katalin,Strowthers,G,9/2/2004,Genderqueer,273-51-2019
984,Ginnifer,Jedrzejkiewicz,A,10/22/1994,Female,525-85-9893
985,Shermie,Etteridge,A,3/11/1991,Male,503-85-1995
986,Roseline,Chittock,Q,3/17/1978,Female,533-58-4540
987,Fred,Steabler,L,2/3/1993,Male,525-48-9052
988,Rocky,Allardyce,M,12/3/1991,Male,811-54-8940
989,Dilly,Deshon,T,5/24/1969,Male,373-37-0014
990,Orlan,Skyrm,P,6/8/1981,Male,225-07-5868
991,Nealson,Ibbotson,Z,10/10/2002,Male,682-73-8466
992,Beltran,Shervington,E,6/7/1986,Male,831-17-1652
993,Hammad,Bertlin,B,10/31/1994,Male,497-82-6354
994,Tim,Risebarer,W,8/20/1987,Male,564-29-3336
995,Barby,Rowan,E,12/22/1973,Female,469-33-3083
996,Hadleigh,Fearne,Y,1/6/1998,Male,480-07-2207
997,Madelon,Coalburn,M,3/23/1992,Non-binary,220-09-9352
998,Aylmar,Kingsland,R,6/13/1992,Male,620-45-7614
999,Lindy,Warr,F,8/17/1967,Male,118-88-8132
1000,Valdemar,Zambon,M,5/10/1983,Male,154-06-1308
